id	description	grams
01001	pat (1" sq, 1/3" high)	5
01001	tbsp	14.2
01001	cup	227
01001	stick	113
01002	pat (1" sq, 1/3" high)	3.8
01002	tbsp	9.4
01002	cup	151
01002	stick	76
01003	tbsp	12.8
01003	cup	205
01004	oz	28.35
01004	cubic inch	17
01004	cup, crumbled, not packed	135
01005	cup, diced	132
01005	cup, shredded	113
01005	oz	28.35
01005	cubic inch	17
01005	slice (1 oz)	28
01006	oz	28.35
01006	cup, sliced	144
01006	cup, melted	240
01006	cubic inch	17
01006	package (4.5 oz)	128
01007	oz	28.35
01007	cup	246
01007	cubic inch	17
01007	wedge (1.33 oz)	38
01008	oz	28.35
01009	cup, diced	132
01009	cup, melted	244
01009	cup, shredded	113
01009	oz	28.35
01009	cubic inch	17
01009	slice (1 oz)	28
01010	oz	28.35
01011	cup, diced	132
01011	cup, shredded	113
01011	oz	28.35
01011	cubic inch	17
01011	slice (1 oz)	28
01012	oz	28.25
01012	cup, large curd (not packed)	210
01012	cup, small curd (not packed)	225
01013	oz	28.25
01013	cup (not packed)	226
01014	cup (not packed)	145
01014	oz	28.25
01015	oz	28.25
01015	cup (not packed)	226
01016	oz	28.25
01016	cup (not packed)	226
01017	tbsp	14.5
01017	cup	232
01017	tbsp, whipped	10
01017	oz	28.35
01017	cubic inch	16
01017	package, small (3 oz)	85
01018	oz	28.35
01018	package (7 oz)	198
01019	cup, crumbled	150
01019	oz	28.35
01019	cubic inch	17
01019	wedge (1.33 oz)	38
01020	cup, diced	132
01020	cup, shredded	108
01020	oz	28.35
01020	cubic inch	15
01020	slice (1 oz)	28
01020	package (8 oz)	227
01021	oz	28.35
01021	package (8 oz)	227
01022	oz	28.35
01022	package (7 oz)	198
01023	oz	28.35
01023	slice (1 oz)	28
01023	cubic inch	15
01023	cup, diced	132
01023	cup, shredded	108
01023	package (6 oz)	170
01024	cup	134
01024	oz	28.35
01024	cubic inch	18
01024	box	113
01024	package (8 oz)	227
01025	cup, diced	132
01025	cup, shredded	113
01025	oz	28.35
01025	cubic inch	17
01025	slice (1 oz)	28
01025	package (6 oz)	170
01026	cup, shredded	112
01026	oz	28.35
01026	slices	28.33
01027	oz	28.35
01027	cubic inch	18
01028	oz	28.35
01029	cup, diced	132
01029	cup, shredded	113
01029	oz	28.35
01029	cubic inch	18
01029	slice (1 oz)	28
01030	cup, diced	132
01030	cup, shredded	113
01030	oz	28.35
01030	cubic inch	18
01030	slice (1 oz)	28
01030	package (6 oz)	170
01031	oz	28.35
01031	package (3 oz)	85
01032	cup	100
01032	tbsp	5
01032	oz	28.35
01033	oz	28.35
01033	cubic inch	10.3
01033	package (5 oz)	28.4
01034	cup, diced	132
01034	cup, shredded	113
01034	oz	28.35
01034	cubic inch	17
01034	slice (1 oz)	28
01034	package (6 oz)	170
01035	cup, diced	132
01035	oz	28.35
01035	cubic inch	17
01035	slice (1 oz)	28
01035	package (6 oz)	170
01036	cup	248
01036	cup	246
01037	cup	248
01037	oz	28.35
01037	cup	246
01038	oz	28.35
01038	package (5 oz)	28.4
01039	oz	28.35
01039	package (3 oz)	85
01040	cup, diced	132
01040	cup, melted	244
01040	cup, shredded	108
01040	oz	28.35
01040	cubic inch	15
01040	slice (1 oz)	28
01041	oz	28.35
01041	package (6 oz)	170
01042	oz	28.35
01042	slice (1 oz)	28
01042	slice (3/4 oz)	21
01042	cubic inch	18
01042	cup, shredded	113
01042	cup, diced	140
01042	cup, melted	244
01043	cup, diced	140
01043	cup, melted	244
01043	cup, shredded	113
01043	oz	28.35
01043	cubic inch	18
01043	slice (3/4 oz)	21
01044	cup, diced	140
01044	cup, shredded	113
01044	oz	28.35
01044	cubic inch	18
01044	slice (3/4 oz)	21
01045	oz	28.35
01045	package (8 oz)	227
01046	cup	113
01046	oz	28.35
01046	slice (3/4 oz)	21
01046	package (8 oz)	227
01047	oz	28.35
01047	package (8 oz)	227
01048	cup, diced	140
01048	cup	244
01048	jar (5 oz)	128
01048	cubic inch	18
01048	jar (5 oz)	142
01048	slice	34
01048	slice, thin	14
01049	fl oz	30.2
01049	tbsp	15
01049	cup	242
01049	container, individual (.5 fl oz)	15
01050	fl oz	30
01050	tbsp	15
01050	cup	240
01050	container, individual	11.1
01052	cup, whipped	120
01052	cup, fluid (yields 2 cups whipped)	239
01052	tbsp	15
01053	cup, whipped	120
01053	cup, fluid (yields 2 cups whipped)	238
01053	tbsp	15
01053	fl oz	29.8
01054	cup	60
01054	tbsp	3
01055	tbsp	15
01055	cup	242
01056	tbsp	12
01056	cup	230
01057	cup	254
01057	fl oz	31.8
01057	quart	1016
01058	tbsp	12
01058	cup	235
01059	cup	244
01059	quart	976
01060	cup	244
01060	fl oz	30.5
01060	quart	976
01061	serving	19
01067	container, individual	15
01067	fl oz	30
01067	cup	240
01067	cup	240
01068	container, individual	15
01068	cup	240
01069	cup	94
01069	tsp	2
01069	packet	3
01070	oz	28.67
01070	portion, amount to make 1 tbsp	1.3
01071	cup	80
01071	tbsp	4
01071	package yields	160
01072	cup	70
01072	tbsp	4
01073	cup	75
01073	tbsp	4
01074	oz	28.35
01074	cup	230
01076	cup	244
01076	quart	976
01077	cup	244
01077	fl oz	30.5
01077	tbsp	15
01077	quart	976
01078	cup	244
01078	quart	976
01079	cup	244
01079	fl oz	30.5
01079	quart	976
01080	cup	245
01080	quart	980
01081	cup	246
01081	quart	984
01082	cup	244
01082	fl oz	30.5
01082	quart	976
01083	cup	245
01083	quart	980
01084	cup	246
01084	quart	984
01085	cup	245
01085	fl oz	30.6
01085	quart	980
01086	cup	245
01086	fl oz	30.6
01086	quart	980
01087	cup	246
01087	quart	984
01088	cup	245
01088	fl oz	30.6
01088	quart	980
01089	cup	244
01089	fl oz	30.5
01089	quart	976
01090	cup	128
01090	cup	128
01091	cup	120
01091	cup	120
01091	tbsp	4.6
01092	cup	68
01092	envelope (1-1/3 cup)	91
01092	cup (makes 1 cup reconstituted milk)	69.07
01093	oz	28.35
01093	lb	452
01094	cup	120
01094	cup	120
01094	tbsp	6.5
01095	fl oz	38.2
01095	cup	306
01096	fl oz	31.5
01096	cup	252
01096	can (13 oz)	369
01096	cup	252
01097	fl oz	31.9
01097	cup	256
01097	cup	256
01102	cup	250
01102	fl oz	31.2
01102	quart	1000
01103	cup	250
01103	fl oz	31.2
01103	quart	1000
01104	cup	250
01104	quart	1000
01105	cup	250
01105	fl oz	31.2
01106	fl oz	30.5
01106	cup	244
01106	quart	976
01107	fl oz	30.8
01107	cup	246
01108	cup	244
01108	quart	976
01109	cup	245
01109	quart	980
01110	fl oz	28.4
01110	container (10.6 oz)	300
01111	fl oz	28.4
01111	container (11 oz)	313
01112	cup	246
01112	quart	984
01113	cup	57
01113	tbsp	2.9
01114	cup	246
01114	quart	984
01115	cup	145
01115	tbsp	7.5
01116	container (6 oz)	170
01116	container (8 oz)	227
01116	container (4 oz)	226
01116	cup (8 fl oz)	245
01117	container (6 oz)	170
01117	container (8 oz)	227
01117	container (4 oz)	226
01117	cup (8 fl oz)	245
01118	container (6 oz)	170
01118	container (8 oz)	227
01118	cup (8 fl oz)	245
01119	container (6 oz)	170
01119	container (8 oz)	227
01119	cup (8 fl oz)	245
01120	container (6 oz)	170
01120	container (4.4 oz)	125
01120	container (5 oz)	142
01120	cup (8 fl oz)	245
01120	container (8 oz)	227
01120	container (4 oz)	226
01121	container (6 oz)	170
01121	cup (8 fl oz)	245
01121	container (8 oz)	227
01121	container, Dannon Sprinkl'ins (4.1 oz)	116
01121	container (4 oz)	226
01122	container (6 oz)	170
01122	container (4 oz)	226
01122	container (8 oz)	227
01123	large	50
01123	extra large	56
01123	jumbo	63
01123	cup (4.86 large eggs)	243
01123	medium	44
01123	small	38
01124	large	33
01124	cup	243
01125	large	17
01125	cup	243
01126	oz	28.35
01126	lb	454
01127	oz	28.35
01127	lb	454
01128	large	46
01129	cup, chopped	136
01129	tbsp	8.5
01129	large	50
01130	tbsp	15
01130	large	61
01131	large	50
01132	large	61
01132	tbsp	13.7
01132	cup	220
01133	cup, sifted	85
01133	tbsp	5
01134	cup, sifted	85
01134	tbsp	5
01135	oz	28.35
01135	lb	454
01136	cup, sifted	107
01136	tbsp	7
01137	cup, sifted	67
01137	tbsp	4
01138	egg	70
01139	egg	144
01140	egg	9
01141	egg	79
01144	oz	28.29
01144	oz	28.57
01145	pat (1" sq, 1/3" high)	5
01145	tbsp	14.2
01145	cup	227
01145	stick	113
01146	tbsp	5
01151	cup	245
01151	quart	980
01152	cup	245
01152	quart	980
01153	fl oz	31.5
01153	cup	252
01154	cup	120
01154	cup	120
01155	cup	68
01155	envelope (1-1/3 cup)	91
01156	oz	28.35
01157	oz	28.35
01159	oz	28.35
01160	oz	28.35
01160	lb	454
01161	cup, shredded	113
01161	oz	28.35
01161	cubic inch	18
01161	slice	28
01161	oz	28.33
01164	tbsp	15
01164	cup	243
01165	cup, crumbled	132
01165	oz	28.35
01166	cup, diced	132
01166	cup, shredded	113
01166	oz	28.35
01166	cubic inch	18
01166	slice (1 oz)	28
01167	cup, diced	132
01167	cup, shredded	113
01167	oz	28.35
01167	cubic inch	17
01167	slice (1 oz)	28
01168	cup, diced	132
01168	cup, shredded	113
01168	oz	28.35
01168	cubic inch	17
01168	slice (1 oz)	28
01169	cup, diced	132
01169	cup, shredded	113
01169	oz	28.35
01169	cubic inch	17
01169	slice (1 oz)	28
01171	oz	28
01172	oz	28
01173	oz	28
01174	cup	246
01174	quart	984
01175	cup	244
01175	quart	976
01178	tablespoon	12
01178	cup	230
01179	tablespoon	12
01179	cup	230
01180	tablespoon	12
01180	cup	230
01182	cup shredded	113
01184	container (6 oz)	170
01185	tablespoon	5
01186	tbsp	18
01187	container (6 oz)	170
01188	tbsp	16.5
01189	tbsp	17.5
01190	slice	21
01191	oz	28
01192	oz	28
01193	tbsp	15.5
01194	tbsp	16
01199	tbsp	14.5
01199	pint	484
01200	tablespoon	4
01200	cup	75
01202	cup	250
01202	fl oz	31.2
01202	quart	1000
01203	container (6 oz)	170
01203	cup (8 fl oz)	245
01203	container (8 oz)	227
01204	cup	100
01204	tbsp	5
01204	oz	28.35
01205	tbsp	15
01206	tsp	3
01208	cup, diced	132
01208	oz	28.35
01208	cup, shredded	113
01208	cubic inch	14.3
01208	slice (1 oz)	28
01208	package (6 oz)	170
01209	oz	28.35
01209	cup	112
01210	tbsp	8.6
01210	cup	105
01211	cup	244
01211	tbsp	15
01211	fl oz	30.5
01211	quart	976
01212	cup	128
01212	cup	128
01214	cup	252
01214	fl oz	31.5
01214	can (13 oz)	369
01214	cup	252
01215	slice 3/4 oz	21
01215	slice 2/3 oz	19
01216	container (6 oz)	170
01216	container (4.4 oz)	125
01216	container (5 oz)	142
01216	cup (8 fl oz)	245
01216	container (8 oz)	227
01216	container (4 oz)	226
01217	container (6 oz)	170
01217	cup (8 fl oz)	245
01217	container (8 oz)	227
01217	container, Dannon Sprinkl'ins (4.1 oz)	116
01217	container (4 oz)	226
01218	container (6 oz)	170
01218	container (4.4 oz)	125
01218	cup (8 fl oz)	245
01218	container (8 oz)	227
01219	container (6 oz)	170
01219	cup (8 fl oz)	245
01219	container (8 oz)	227
01220	container (6 oz)	170
01220	container (8 oz)	227
01220	container (4 oz)	226
01220	cup (8 fl oz)	245
01221	container (6 oz)	170
01222	container (6 oz)	170
01223	tbsp	11
01224	scoop	25
01225	tbsp	19
01226	cup	240
01226	cup	240
01227	cup grated	97
01228	cup, crumbled	122
01229	cup, crumbled	118
01230	cup	245
01231	container	170
01235	cup	136
01236	cup	172
01237	bar	50
01238	serving	70
01239	serving	82
01240	unit	96
01241	serving	70
01242	serving	70
01243	cup	136
01244	bar	68
01250	can	227
01251	cup shredded	112
01252	slice (2/3 oz)	19
01252	slice (3/4 oz)	21
01253	oz	28.35
01253	slice (3/4 oz)	21
01253	slice (1 oz)	28
01253	cubic inch	18
01253	cup, diced	140
01253	cup, shredded	113
01253	cup, melted	244
01254	cup	113
01254	oz	28.35
01254	slice (3/4 oz)	21
01254	package (8 oz)	227
01255	oz	28
01256	container	170
01258	cup, sifted	107
01258	tbsp	7
01259	piece	21
01259	package	566
01260	slice	21
01263	medium	298
01264	pieces	3.654
01265	serving	28
01266	serving	28
01267	tsp	2.5
01270	slice (2/3 oz)	19
01270	slice (3/4 oz)	21
01270	slice (1 oz)	28
01271	cup	86
01275	oz	28.3
01276	oz	28.3
01278	oz	28.3
01280	oz	28.3
01281	oz	28.3
01284	container (5.3 oz)	150
01285	container (5.3 oz)	150
01286	container (5.3 oz)	150
01287	container (7 oz)	200
01291	cup	252
01291	fl oz	31.5
01291	can (13 oz)	369
01291	cup	252
01295	cup (8 fl oz)	245
01295	container (8 oz)	227
01295	container (4 oz)	226
02001	tsp	1.9
02001	tbsp	6
02002	tsp, whole	2.1
02002	tbsp, whole	6.7
02003	tsp, leaves	0.7
02003	tbsp, leaves	2.1
02003	tsp, ground	1.4
02003	tbsp, ground	4.5
02004	tsp, crumbled	0.6
02004	tbsp, crumbled	1.8
02005	tsp	2.1
02005	tbsp	6.7
02006	tsp, ground	2
02006	tbsp, ground	5.8
02007	tsp	2
02007	tbsp	6.5
02008	tsp	0.6
02008	tbsp	1.9
02009	tsp	2.7
02009	tbsp	8
02010	tsp	2.6
02010	tbsp	7.8
02011	tsp	2.1
02011	tbsp	6.5
02012	tsp	0.6
02012	tbsp	1.8
02013	tsp	1.8
02013	tbsp	5
02014	tsp, whole	2.1
02014	tbsp, whole	6
02015	tsp	2
02015	tbsp	6.3
02016	tsp	2.1
02016	tbsp	6.6
02017	tsp	1
02017	tbsp	3.1
02018	tsp, whole	2
02018	tbsp, whole	5.8
02019	tsp	3.7
02019	tbsp	11.1
02020	tsp	3.1
02020	tbsp	9.7
02021	tsp	1.8
02021	tbsp	5.2
02022	tsp	1.7
02022	tbsp	5.3
02023	tsp	0.6
02023	tbsp	1.7
02024	tsp	2
02024	tbsp	6.3
02025	tsp	2.2
02025	tbsp	7
02026	tsp	2.4
02026	tbsp	6.9
02027	tsp, leaves	1
02027	tsp, ground	1.8
02028	tsp	2.3
02028	tbsp	6.8
02029	tsp	0.5
02029	tbsp	1.6
02030	tsp, ground	2.3
02030	tbsp, ground	6.9
02030	tsp, whole	2.9
02030	dash	0.1
02031	tsp	1.8
02031	tbsp	5.3
02032	tsp, ground	2.4
02032	tbsp, ground	7.1
02033	tsp	2.8
02033	tbsp	8.8
02034	tsp	1.5
02034	tbsp	4.4
02035	tsp	1.7
02035	tbsp	5.6
02036	tsp	1.2
02036	tbsp	3.3
02037	tsp	0.7
02037	tbsp	2.1
02038	tsp	0.7
02038	tbsp	2
02039	tsp	1.4
02039	tbsp	4.4
02041	tsp, leaves	0.6
02041	tbsp, leaves	1.8
02041	tsp, ground	1.6
02041	tbsp, ground	4.8
02042	tsp, leaves	1
02042	tbsp, leaves	2.7
02042	tsp, ground	1.4
02042	tbsp, ground	4.3
02043	tsp	3
02043	tbsp	9.4
02044	leaves	0.5
02044	tbsp, chopped	2.65
02044	cup leaves, whole	24
02045	sprigs	0.2
02045	cup sprigs	8.9
02046	tsp or 1 packet	5
02046	cup	249
02047	tsp	6
02047	tbsp	18
02047	cup	292
02047	dash	0.4
02048	tbsp	14.9
02048	cup	239
02048	tsp	5
02049	tsp	0.8
02049	tsp	0.8
02050	tsp	4.2
02050	tbsp	13
02050	cup	208
02051	tsp	4.2
02051	tbsp	13
02052	tsp	4.2
02052	tbsp	13
02053	tbsp	14.9
02053	cup	238
02053	tsp	5
02054	tbsp, drained	8.6
02055	tsp	5
02055	tbsp	15
02063	tsp	0.7
02063	tbsp	1.7
02064	leaves	0.05
02064	tbsp	1.6
02065	leaves	0.15
02065	tbsp	5.7
02066	tsp	0.5
02066	tbsp	1.6
02068	tbsp	14.9
02068	cup	239
02068	tsp	5
02069	tbsp	16
02069	cup	255
02069	tsp	5.3
02073	tbsp (1 serving)	2.65
02074	tsp	4
02075	tsp	2.85
02076	tbsp	6.767
03001	packet	28
03002	tbsp	14.7
03002	oz	28.35
03002	jar	71
03003	oz	28.35
03003	tbsp	14.7
03003	jar	71
03005	tbsp	16
03005	oz	28.35
03005	jar	71
03007	oz	28.35
03007	jar	71
03008	tbsp	15
03008	oz	28.35
03008	jar	71
03008	jar Gerber Second Foods (2.5 oz)	71
03009	oz	28.35
03009	jar	71
03010	tbsp	22
03010	oz	28.35
03010	jar	71
03010	container	70
03011	oz	28.35
03011	jar	71
03012	tbsp	15
03012	oz	28.35
03012	jar	71
03012	jar Beech-Nut Stage 1 (2.5 oz)	71
03012	jar Gerber Second Foods (2.5 oz)	71
03012	jar Heinz Strained-2 (2.5 oz)	71
03013	tbsp	15
03013	oz	28.35
03013	jar	71
03013	jar Gerber Third Foods (2.5 oz)	71
03013	jar Heinz Junior-3 (2.5 oz)	71
03014	stick	10
03014	jar	71
03014	jar Gerber Graduate (2.5 oz)	71
03015	tbsp	15
03015	oz	28.35
03015	jar	71
03015	jar Beech-Nut Stage 1 (2.5 oz)	71
03015	jar Gerber Second Foods (2.5 oz)	71
03015	jar Heinz Strained-2 (2.5 oz)	71
03016	tbsp	19
03016	container	68
03017	stick	10
03017	jar	71
03017	jar Gerber Graduate (2.5 oz)	71
03019	bar	9.9
03021	stick	10
03021	jar	71
03021	jar Gerber Graduate (2.5 oz)	71
03024	serving	113
03041	oz	28.35
03041	jar	113
03042	oz	28.35
03042	jar	170
03043	oz	28.35
03043	jar	170
03044	tbsp	16
03044	oz	28.35
03044	jar	113
03044	jar Gerber Second Food (4 oz)	113
03044	jar Beech-Nut Stage 2 (4 oz)	113
03044	jar Heinz Strained-2 (4 oz)	113
03045	tbsp	16
03045	oz	28.35
03045	jar	170
03045	jar Beech-Nut Stage 3 (6 oz)	170
03045	jar Gerber Third Foods (6 oz)	170
03046	tbsp	16
03046	piece	8
03047	tbsp	16
03047	oz	28.35
03047	jar	113
03047	jar Gerber Second Food (4 oz)	113
03047	jar Beech-Nut Stage 2 (4 oz)	113
03047	jar Heinz Strained-2 (4 oz)	113
03048	container	113
03049	oz	28.35
03049	jar	170
03050	tbsp	16
03050	oz	28.35
03050	jar	170
03050	jar Beech-Nut Stage 3 (6 oz)	170
03050	jar Gerber Third Foods (6 oz)	170
03050	jar Heinz Junior-3 (6 oz)	170
03051	oz	28.35
03051	jar	170
03052	oz	28.35
03052	jar	170
03052	jar Beech-Nut Table Time (6 oz)	170
03053	cup	256
03053	tbsp	16
03053	oz	28.35
03053	jar	113
03053	jar Earth's Best (4.5 oz)	128
03053	jar Gerber Second Food (4 oz)	113
03053	jar Beech-Nut Stage 2 (4 oz)	113
03053	jar Heinz Strained-2 (4 oz)	113
03054	cup	256
03054	tbsp	16
03054	oz	28.35
03054	jar	170
03054	jar Beech-Nut Stage 3 (6 oz)	170
03054	jar Gerber Third Foods (6 oz)	170
03054	jar Heinz Junior-3 (6 oz)	170
03055	jar Beech-Nut Stage 2 (4 oz)	113
03059	cup	256
03059	tbsp	16
03059	oz	28.35
03059	jar	113
03059	jar Gerber Second Food (4 oz)	113
03059	jar Heinz Strained-2 (4 oz)	113
03061	cup	256
03061	tbsp	16
03061	oz	28.35
03061	jar	113
03061	jar Gerber Second Food (4 oz)	113
03061	jar Beech-Nut Stage 2 (4 oz)	113
03061	jar Heinz Strained-2 (4 oz)	113
03062	cup	256
03062	tbsp	16
03062	oz	28.35
03062	jar	170
03062	jar Gerber Third Foods (6 oz)	170
03062	jar Heinz Junior-3 (6 oz)	170
03066	cup	256
03066	tbsp	16
03066	oz	28.35
03066	jar	113
03066	jar Beech-Nut Stage 2 (4 oz)	113
03066	jar Heinz Strained-2 (4 oz)	113
03067	oz	28.35
03067	jar	170
03068	tbsp	16
03068	oz	28.35
03068	jar	113
03068	jar Gerber Second Food (4 oz)	113
03068	jar Beech-Nut Stage 2 (4 oz)	113
03068	jar Heinz Strained-2 (4 oz)	113
03069	tbsp	16
03069	oz	28.35
03069	jar	170
03069	jar Beech-Nut Stage 3 (6 oz)	170
03069	jar Gerber Third Foods (6 oz)	170
03069	jar Heinz Junior-3 (6 oz)	170
03070	jar Beech-Nut Stage 2 (4 oz)	113
03070	tbsp	16
03070	oz	28.35
03070	jar	113
03070	jar Heinz Strained-2 (4 oz)	113
03072	tbsp	16
03072	oz	28.35
03072	jar	170
03072	jar	170
03073	cup	256
03073	tbsp	16
03073	oz	28.35
03073	jar	113
03073	jar Gerber Second Food (4 oz)	113
03073	jar Beech-Nut Stage 2 (4 oz)	113
03073	jar Heinz Strained-2 (4 oz)	113
03075	oz	28.35
03075	jar	113
03076	oz	28.35
03076	jar	170
03077	jar, Gerber (4 oz)	113
03079	oz	28.35
03079	jar	113
03081	oz	28.35
03081	jar	170
03082	tbsp	16
03082	oz	28.35
03082	jar	113
03082	jar Gerber Second Food (4 oz)	113
03082	jar Beech-Nut Stage 2 (4 oz)	113
03082	jar Heinz Strained-2 (4 oz)	113
03083	tbsp	16
03083	oz	28.35
03083	jar	170
03083	jar Beech-Nut Stage 3 (6 oz)	170
03083	jar Gerber Third Foods (6 oz)	170
03083	jar Heinz Junior-3 (6 oz)	170
03084	cup	256
03084	tbsp	16
03084	oz	28.35
03084	jar	113
03084	jar Earth's Best (4.5 oz)	113
03084	jar Gerber Second Food (4 oz)	113
03085	cup	256
03085	tbsp	16
03085	oz	28.35
03085	jar	170
03085	jar Gerber Third Foods (6 oz)	170
03089	oz	28.35
03089	jar	113
03090	oz	28.35
03090	jar	170
03091	cup	240
03091	tbsp	15
03091	oz	28.35
03091	jar	113
03091	jar Beech-Nut Stage I (4 oz)	113
03091	jar Gerber First Foods (2.5 oz)	71
03091	jar Gerber Second Food (4 oz)	113
03091	jar Heinz Strained-2 (4 oz)	113
03091	jar Heinz Beginner-1 (2.5 oz)	71
03092	cup	240
03092	tbsp	15
03092	oz	28.35
03092	jar	170
03092	jar Beech-Nut Stage 3 (6 oz)	170
03093	oz	28.35
03093	jar	128
03096	jar, Gerber (4 oz)	113
03098	cup	224
03098	tbsp	14
03098	oz	28.35
03098	jar	113
03098	jar Gerber Second Food (4 oz)	113
03098	jar Heinz Strained-2 (4 oz)	113
03099	cup	224
03099	tbsp	14
03099	oz	28.35
03099	jar	113
03099	jar Beech-Nut Baby's First (2.5 oz)	71
03099	jar Beech-Nut Stage I (4 oz)	113
03099	jar Gerber First Foods (2.5 oz)	71
03099	jar Earth's Best (4.5 oz)	128
03099	jar Gerber Second Food (4 oz)	113
03099	jar Heinz Strained-2 (4 oz)	113
03099	jar Heinz Beginner-1 (2.5 oz)	71
03100	cup	224
03100	tbsp	14
03100	oz	28.35
03100	jar	170
03100	jar Beech-Nut Stage 3 (6 oz)	170
03100	jar Gerber Third Foods (6 oz)	170
03100	jar Heinz Junior-3 (6 oz)	170
03104	tbsp	16
03104	oz	28.35
03104	jar	113
03105	tbsp	16
03105	oz	28.35
03105	jar	99
03105	container	67
03108	cup	224
03108	tbsp	14
03108	oz	28.35
03108	jar	113
03108	jar Beech-Nut Baby's First (2.5 oz)	71
03108	jar Beech-Nut Stage I (4 oz)	113
03108	jar Gerber First Foods (2.5 oz)	71
03108	jar Earth's Best (4.5 oz)	128
03108	jar Gerber Second Food (4 oz)	113
03108	jar Heinz Strained-2 (4 oz)	113
03108	jar Heinz Beginner-1 (2.5 oz)	71
03109	cup	224
03109	tbsp	14
03109	oz	28.35
03109	jar	170
03109	jar Beech-Nut Stage 3 (6 oz)	170
03109	jar Gerber Third Foods (6 oz)	170
03109	jar Heinz Junior-3 (6 oz)	170
03112	cup	163
03112	tbsp	10
03112	jar Gerber Graduate (4.5 oz)	71
03114	jar, Gerber (4 oz)	113
03115	oz	28.35
03116	tbsp	16
03116	oz	28.35
03116	jar	113
03116	jar Beech-Nut Baby's First (2.5 oz)	71
03116	jar Beech-Nut Stage I (4 oz)	113
03116	jar Gerber First Foods (2.5 oz)	71
03116	jar Earth's Best (4.5 oz)	128
03116	jar Gerber Second Food (4 oz)	113
03116	jar Heinz Strained-2 (4 oz)	113
03116	jar Heinz Beginner-1 (2.5 oz)	71
03117	tbsp	16
03117	oz	28.35
03117	jar	170
03117	jar Beech-Nut Stage 3 (6 oz)	170
03117	jar Gerber Third Foods (6 oz)	170
03117	jar Heinz Junior-3 (6 oz)	170
03118	tbsp	15
03118	oz	28.35
03118	jar	113
03118	jar Gerber Second Food (4 oz)	113
03118	jar Heinz Strained-2 (4.25 oz)	120
03119	jar	113
03119	tbsp	15
03119	oz	28.35
03119	cup	240
03119	jar Gerber Second Food (4 oz)	113
03119	jar Beech-Nut Stage 2 (4 oz)	113
03119	jar Heinz Strained-2 (4 oz)	113
03120	cup	240
03120	tbsp	15
03120	oz	28.35
03120	jar	170
03120	jar Heinz Junior-3 (6 oz)	170
03121	tbsp	16
03121	oz	28.35
03121	jar	95
03121	cup	240
03121	container	91
03122	oz	28.35
03127	cup	240
03127	tbsp	15
03127	oz	28.35
03127	jar	113
03127	jar Gerber Second Food (4 oz)	113
03128	tbsp	15
03128	oz	28.35
03128	jar	170
03128	jar Gerber Third Foods (6 oz)	170
03128	jar Heinz Junior-3 (6 oz)	170
03129	tbsp	15
03129	oz	28.35
03129	jar	113
03129	jar Gerber Second Food (4 oz)	113
03129	jar Heinz Strained-2 (4.25 oz)	120
03130	tbsp	17
03130	oz	28.35
03130	jar	95
03130	container	67
03131	tbsp	17
03131	oz	28.35
03131	jar	95
03131	container	67
03132	tbsp	16
03132	oz	28.35
03132	jar	113
03132	jar Beech-Nut Baby's First (2.5 oz)	71
03132	jar Beech-Nut Stage I (4 oz)	113
03132	jar Gerber First Foods (2.5 oz)	71
03132	jar Earth's Best (4.5 oz)	113
03132	jar Gerber Second Food (4 oz)	113
03132	jar Heinz Strained-2 (4 oz)	113
03132	jar Heinz Beginner-1 (2.5 oz)	71
03133	tbsp	16
03133	oz	28.35
03133	jar	170
03133	jar Beech-Nut Stage 3 (6 oz)	170
03133	jar Gerber Third Foods (6 oz)	170
03133	jar Heinz Junior-3 (6 oz)	170
03134	tbsp	15
03134	oz	28.35
03134	jar	113
03134	jar Gerber Second Food (4 oz)	113
03134	jar Heinz Strained-2 (4 oz)	113
03135	tbsp	15
03135	oz	28.35
03135	jar	170
03135	jar Gerber Third Foods (6 oz)	170
03136	tbsp	15
03136	oz	28.35
03136	jar	113
03136	jar Gerber Second Food (4 oz)	113
03136	jar Heinz Strained-2 (4.25 oz)	120
03137	oz	28.35
03137	jar	170
03139	tbsp	15
03139	jar Gerber First Foods (2.5 oz)	71
03140	tbsp	15
03140	oz	28.35
03140	jar, Gerber (4 oz)	113
03140	jar	113
03141	oz	28.35
03141	jar Gerber	128
03142	tbsp	16
03142	oz	28.35
03142	jar	113
03142	jar Earth's Best (4.5 oz)	128
03142	jar Gerber Second Food (4 oz)	113
03142	jar Beech-Nut Stage 2 (4 oz)	113
03142	jar Heinz Strained-2 (4 oz)	113
03143	tbsp	16
03143	oz	28.35
03143	jar	170
03143	jar Heinz Junior-3 (6 oz)	170
03144	oz	28.35
03144	jar	113
03145	oz	28.35
03145	jar	170
03147	tbsp	16
03147	jar NFS	170
03147	jar Beech-Nut Stage 3 (6 oz)	170
03150	oz	28.35
03150	jar	113
03151	oz	28.35
03151	jar	170
03152	oz	28.35
03152	jar	113
03153	oz	28.35
03153	jar	170
03154	jar, Gerber (4 oz)	113
03156	tbsp	15
03156	oz	28.35
03156	jar	170
03156	jar Gerber Third Foods (6 oz)	170
03156	jar Heinz Junior-3 (6 oz)	170
03157	tbsp	15
03157	oz	28.35
03157	jar	113
03157	jar Gerber Second Food (4 oz)	113
03157	jar Heinz Strained-2 (4.25 oz)	120
03158	tbsp	16
03158	oz	28.35
03158	jar	113
03158	jar Gerber Second Food (4 oz)	113
03158	jar Beech-Nut Stage 2 (4 oz)	113
03158	jar Heinz Strained-2 (4 oz)	113
03159	tbsp	16
03159	oz	28.35
03159	jar	170
03159	jar Gerber Third Foods (6 oz)	170
03160	oz	28.35
03160	jar	113
03161	oz	28.35
03161	jar Gerber	128
03162	oz	28.35
03162	jar	113
03163	tbsp	15
03163	jar NFS	113
03163	jar Gerber Second Food (4 oz)	113
03164	oz	28.35
03164	jar	113
03165	oz	28.35
03165	jar	170
03166	fl oz	31.7
03166	jar	127
03166	bottle Earth's Best (4.2 fl oz)	131
03166	bottle Heinz Strained (4 fl oz)	125
03166	bottle Gerber First Food (4 fl oz)	125
03166	bottle Beech-Nut Stage I (4 fl oz)	125
03167	fl oz	31.2
03167	bottle Earth's Best (4.2 fl oz)	131
03167	bottle Heinz Strained (4 fl oz)	125
03167	bottle NFS	125
03167	bottle Beech-Nut Stage 2 (4 fl oz)	125
03167	bottle Gerber Second Foods (4 fl oz)	125
03168	fl oz	31.2
03168	jar	127
03169	fl oz	31.2
03170	fl oz	31.2
03170	jar	127
03171	fl oz	31.2
03171	jar	127
03171	bottle (4 fl oz)	125
03172	fl oz	31.2
03172	jar	127
03172	bottle Heinz Strained (4 fl oz)	125
03172	bottle Gerber Second Foods (4 fl oz)	125
03172	bottle Beech-Nut Stage 3 (4 fl oz)	125
03173	fl oz	31.2
03173	jar	127
03174	fl oz	31.2
03174	jar	127
03174	bottle Heinz Strained (4 fl oz)	125
03175	fl oz	31.2
03175	jar	127
03176	fl oz	31.2
03176	jar	127
03177	fl oz	31.2
03177	jar	127
03178	fl oz	31.2
03178	jar	127
03179	fl oz	31.2
03179	jar	127
03179	bottle (4 fl oz)	125
03181	tbsp	2.4
03181	oz	30
03184	oz	30
03185	tbsp	2.5
03185	oz	30
03186	tbsp	2.5
03186	oz	30
03187	oz	28.35
03187	jar	113
03188	oz	28.35
03188	jar	170
03189	tbsp	3.2
03189	oz	30
03189	cup	48.8
03189	box	223
03190	tbsp	2.5
03190	oz	30
03191	oz	28.35
03191	jar	113
03192	oz	28.35
03192	jar	170
03193	tbsp	2.4
03193	oz	28.4
03194	tbsp	2.5
03194	oz	30
03195	tbsp	16
03195	oz	28.35
03195	jar	113
03195	jar Gerber Second Food (4 oz)	113
03195	jar Heinz Strained-2 (4.25 oz)	120
03197	oz	28.35
03197	jar	113
03198	oz	28.35
03198	jar	170
03199	oz	28.35
03199	jar	113
03201	oz	28.35
03201	jar	170
03205	tbsp	5.3
03205	packet (.75 oz)	21
03206	cookie	8
03209	cracker	0.7
03211	tbsp	2.4
03211	oz	28.4
03212	tbsp	2.5
03212	oz	30
03213	oz	28.35
03213	cookie	6.5
03214	oz	28.35
03214	cookie	5
03215	oz	28.35
03215	pretzel	6
03216	oz	28.35
03216	biscuit	11
03217	oz	28.35
03217	piece	7
03217	rusk	10
03217	toast, Gerber Zwieback	7
03220	oz	28.35
03220	jar	113
03221	oz	28.35
03221	jar	170
03222	oz	28.35
03224	oz	28.35
03224	jar	113
03225	oz	28.35
03225	jar	170
03226	oz	28.35
03226	jar	113
03227	tbsp	15
03227	oz	28.35
03227	jar	113
03227	jar Gerber Second Food (4 oz)	113
03227	jar Heinz Strained-2 (4 oz)	113
03228	tbsp	15
03228	oz	28.35
03228	jar	220
03228	jar Gerber Third Foods (6 oz)	170
03229	oz	28.35
03229	jar	113
03230	oz	28.35
03230	jar	220
03233	tbsp	15
03233	oz	28.35
03233	jar	113
03233	jar Gerber Second Food (4 oz)	113
03235	tbsp	15
03235	oz	28.35
03235	jar	113
03235	jar Gerber Second Food (4 oz)	113
03235	jar Heinz Strained-2 (4.25 oz)	120
03236	tbsp	15
03236	oz	28.35
03236	jar	170
03236	jar Gerber Third Foods (6 oz)	170
03236	jar Heinz Junior-3 (6 oz)	170
03238	oz	28.35
03238	jar	113
03245	cup	229
03245	tbsp	14
03245	oz	28.35
03245	jar	113
03245	jar Gerber Second Food (4 oz)	113
03245	jar Beech-Nut Stage 2 (4 oz)	113
03245	jar Heinz Strained-2 (4 oz)	113
03246	cup	229
03246	tbsp	14
03246	oz	28.35
03246	jar	170
03246	jar Beech-Nut Stage 3 (6 oz)	170
03246	jar Gerber Third Foods (6 oz)	170
03246	jar Heinz Junior-3 (6 oz)	170
03265	fl oz	31.2
03265	jar	127
03265	bottle Earth's Best (4.2 fl oz)	131
03265	bottle Heinz Strained (4 fl oz)	125
03265	bottle Beech-Nut Stage 2 (4 fl oz)	125
03265	bottle Gerber Second Foods (4 fl oz)	125
03267	fl oz	31.2
03268	fl oz	31.2
03268	jar	127
03269	serving	189
03274	cup	256
03274	tbsp	16
03274	oz	28.35
03274	jar	170
03274	jar Beech-Nut Stage 3 (6 oz)	170
03274	jar Gerber Third Foods (6 oz)	170
03278	oz	28.35
03278	jar	113
03279	serving	99
03280	tbsp	15
03280	oz	28.35
03280	jar	170
03280	jar Gerber Third Foods (6 oz)	170
03280	jar Heinz Junior-3 (6 oz)	170
03282	serving 3.5 oz serving	99
03282	tbsp	15
03282	oz	28.35
03282	cup	240
03282	package 7 oz	198
03283	oz	28.35
03283	jar	113
03286	oz	28.35
03286	jar	113
03287	tbsp	16
03287	oz	28.35
03287	jar	170
03287	jar Beech-Nut Stage 3 (6 oz)	170
03287	jar Gerber Third Foods (6 oz)	170
03287	jar Heinz Junior-3 (6 oz)	170
03289	tbsp	15
03289	jar NFS	113
03289	jar Gerber Second Food (4 oz)	113
03290	tbsp	15
03290	jar NFS	113
03290	jar Gerber Second Food (4 oz)	113
03293	oz	28.35
03293	jar Earth's Best	113
03296	oz	28.35
03296	jar Beech nut	170
03297	oz	28.35
03297	jar	113
03297	jar Gerber Second Food (4 oz)	113
03297	jar Beech-Nut Stage 2 (4 oz)	113
03297	jar Heinz Strained-2 (4 oz)	113
03298	tbsp	29
03298	container	162
03301	oz	28.25
03301	oz	28.38
03302	serving	7
03303	tbsp	16
03303	jar Beech-Nut Stage 2 (4 oz)	113
03304	oz	28.35
03681	oz	28.35
03682	oz	28.35
03685	oz	28.35
03686	oz	28.35
03689	oz	28.35
03690	oz	28.35
03693	oz	28.35
03694	oz	28.35
03696	oz	28.35
03704	oz	28.35
03711	oz	28.35
03712	oz	28.35
03800	fl oz	30.5
03801	fl oz	31.4
03802	scoop	8.7
03803	fl oz	30.5
03805	scoop	8.3
03806	fl oz	30.5
03806	fl oz	30.4
03808	scoop	8.5
03809	scoop	8.3
03812	fl oz	31.3
03813	Serving 100 ml	107
03813	fl oz	30.8
03814	scoop	9.6
03815	serving 100 ml	106
03815	fl oz	30.5
03816	fl oz	31.5
03818	fl oz	31.3
03819	scoop	9.4
03820	fl oz	31
03821	scoop	8.8
03822	serving 100 ml	103
03822	fl oz	30.8
03823	Serving 100 ml	106
03823	fl oz	30.5
03824	fl oz	30.8
03825	serving 100 ml	106
03825	fl oz	30.5
03826	scoop	8.8
03827	scoop	8.5
03830	fl oz	31.3
03832	serving 100 ml	106
03832	fl oz	30.5
03837	scoop	8.7
03838	scoop	9
03839	fl oz	30.5
03840	fl oz	30.8
03841	fl oz	30.5
03842	fl oz	31.4
03843	scoop	8.7
03844	fl oz	31.6
03845	serving 100 ml	107
03845	fl oz	30.5
03846	fl oz	30.5
03849	scoop	9.4
03850	fl oz	30.4
03851	fl oz	31.4
03852	scoop	8.8
03853	scoop	8.5
03854	fl oz	31.3
03855	fl oz	31
03856	fl oz	31.4
03857	serving 100 ml	106
03857	fl oz	30.5
03858	scoop	8.7
03859	oz	29
03860	fl oz	31
03861	scoop	9.333
03864	serving 100 ml	103
03864	fl oz	30.5
03867	scoop	9.4
03868	fl oz	30.5
03869	scoop	8.5
03870	fl oz	31
03900	fl oz	30.5
03901	fl oz	31.9
03913	scoop	9.4
03925	fl oz	30.5
03926	fl oz	31.4
03928	scoop	8.5
03929	scoop	9.3
03930	fl oz	30.5
03934	oz	28.35
03935	fl oz	30.5
03936	fl oz	30.4
03937	fl oz	31.4
03938	scoop	8.4
03939	fl oz	30.4
03940	fl oz	31.4
03941	scoop	8.7
03942	serving 100 ml	106
03942	fl oz	30.5
03943	scoop	8.7
03943	serving 100 ml	106
03944	fl oz	30.5
03945	fl oz	30.5
03946	fl oz	30.5
03947	fl oz	30.5
03948	fl oz	30.5
03949	fl oz	30.4
03950	scoop	8.5
03951	fl oz	31.4
03952	fl oz	31.4
03953	fl oz	30.5
03954	scoop	8.7
03955	fl oz	30.8
03956	oz	31
03956	container	113
03957	scoop	8.7
03959	container	170
03960	fl oz	30.5
03961	fl oz	31.4
03963	fl oz	30.5
03964	bar	19
03965	tbsp	16
03965	container	69
03966	fl oz	29.2
03967	scoop	8.8
03968	fl oz	29.2
03980	scoop	8.7
03981	fl oz	30.4
03982	fl oz	30.4
03982	fl oz	30.4
03983	fl oz	30.4
03983	fl oz	30.4
03984	fl oz	30.4
03984	fl oz	30.4
03985	fl oz	30.4
03985	fl oz	30.4
03986	fl oz	30.5
03986	fl oz	30.4
03987	fl oz	30.4
03987	fl oz	30.4
03988	fl oz	30.4
03988	fl oz	30.4
03989	fl oz	30.4
03989	fl oz	30.4
03990	fl oz	30.4
03990	fl oz	30.4
03991	fl oz	30.6
03992	fl oz	30.4
03992	fl oz	30.6
03993	fl oz	30.4
03993	fl oz	30.4
03994	bottle	140
03995	packet	99
03997	biscuit	2
03998	piece	0.3889
03999	scoop	9.5
04001	tbsp	12.8
04001	cup	205
04002	tbsp	12.8
04002	cup	205
04011	tbsp	15
04013	tbsp	16
04014	tbsp	16
04015	tbsp	15
04015	cup	245
04015	serving (2 tbsp)	30
04016	tablespoon	15
04016	cup	245
04017	tbsp	16
04017	cup	250
04017	serving (2 tbsp)	30
04018	tbsp	14.7
04018	cup	235
04020	tablespoon	16
04020	cup	260
04020	serving (2 tbsp)	30
04021	tablespoon	15
04021	cup	240
04022	tablespoon	16
04022	cup	260
04023	tablespoon	15
04023	cup	245
04023	serving (2 tbsp)	15
04025	tbsp	13.8
04025	cup	220
04025	packet	10
04026	tablespoon	13.8
04026	cup	220
04027	tbsp	15
04027	cup	240
04028	tablespoon	15
04028	cup	240
04029	tablespoon	14.1
04029	cup	225
04030	tablespoon	15
04030	cup	245
04031	tbsp	12.8
04031	cup	205
04034	tbsp	13.6
04034	cup	218
04034	tsp	4.5
04037	tablespoon	13.6
04037	cup	218
04037	tsp	4.5
04038	tsp	4.5
04038	tablespoon	13.6
04038	cup	218
04042	tbsp	13.5
04042	cup	216
04042	tsp	4.5
04044	tbsp	13.6
04044	cup	218
04044	tsp	4.5
04047	tbsp	13.6
04047	cup	218
04047	tsp	4.5
04053	tablespoon	13.5
04053	cup	216
04053	tsp	4.5
04055	tbsp	13.6
04055	cup	216
04055	tsp	4.5
04058	tablespoon	13.6
04058	cup	218
04058	tsp	4.5
04060	tbsp	13.6
04060	cup	218
04060	tsp	4.5
04073	tsp	4.7
04073	stick	113
04114	tbsp	14.7
04114	cup	235
04120	tbsp	16
04120	cup	250
04128	tbsp	14.9
04128	cup	232
04128	tsp	4.8
04133	tablespoon	14
04133	cup	220
04135	tablespoon	16
04135	cup	250
04141	tablespoon	15
04142	tablespoon	16
04142	cup	260
04143	tablespoon	14.7
04143	cup	235
04144	tablespoon	15
04144	cup	240
04145	tablespoon	13.8
04145	cup	220
04146	tablespoon	14
04146	cup	220
04367	tablespoon	16
04367	cup	256
04501	tablespoon	13.6
04501	cup	218
04501	tsp	4.5
04502	tablespoon	13.6
04502	cup	218
04502	tsp	4.5
04506	tbsp	13.6
04506	cup	218
04506	tsp	4.5
04510	tbsp	13.6
04510	cup	218
04510	tsp	4.5
04511	tablespoon	13.6
04511	cup	218
04511	tsp	4.5
04513	tablespoon	13.6
04513	cup	218
04513	tbsp (1/8 cup)	13.5
04514	tablespoon	13.6
04514	cup	218
04514	tsp	4.5
04515	tablespoon	13.6
04515	cup	218
04515	tsp	4.5
04516	tablespoon	13.6
04516	cup	218
04516	tsp	4.5
04517	tablespoon	13.6
04517	cup	218
04517	tsp	4.5
04518	tbsp	13.6
04518	cup	218
04518	tsp	4.5
04520	tbsp	12.8
04520	cup	205
04528	tbsp	13.6
04528	cup	218
04528	tsp	4.5
04529	tablespoon	13.6
04529	cup	218
04529	tsp	4.5
04530	tablespoon	13.6
04530	cup	218
04530	tsp	4.5
04531	tablespoon	13.6
04531	cup	218
04531	tsp	4.5
04532	tablespoon	13.6
04532	cup	218
04532	tsp	4.5
04534	tbsp	13.6
04534	cup	218
04534	tsp	4.5
04536	tablespoon	13.6
04536	cup	218
04536	tsp	4.5
04539	tbsp	15
04539	cup	245
04541	tablespoon	13.6
04541	cup	218
04541	tsp	4.5
04542	tbsp	12.8
04542	cup	205
04543	tablespoon	13.6
04543	cup	218
04543	tsp	4.5
04544	tablespoon	12.8
04544	cup	205
04545	tbsp	13.6
04545	cup	218
04545	tsp	4.5
04546	tablespoon	12.8
04546	cup	205
04548	tbsp	12.8
04548	cup	205
04549	tbsp	12.8
04549	cup	205
04550	tbsp	12.8
04550	cup	205
04551	tbsp	12.8
04551	cup	205
04554	tbsp	12.8
04554	cup	205
04556	tbsp	12.8
04556	cup	205
04559	tbsp	12.8
04559	cup	205
04560	tbsp	12.8
04560	cup	205
04570	tbsp	13.6
04570	cup	218
04572	tbsp	13.6
04572	cup	218
04572	tsp	4.5
04573	tbsp	13.6
04573	cup	218
04573	tsp	4.5
04574	tbsp	12.8
04574	cup	205
04575	tbsp	12.8
04575	tsp	4.3
04575	cup	205
04576	tbsp	12.8
04576	cup	205
04581	tbsp	14
04581	cup	218
04581	tsp	4.5
04582	tbsp	14
04582	cup	218
04582	tsp	4.5
04583	tbsp	14
04583	cup	218
04583	tsp	4.5
04584	tbsp	14
04584	cup	218
04584	tsp	4.5
04585	tbsp	14.1
04585	cup	227
04585	tsp	4.7
04585	stick	111
04586	tbsp	12.8
04586	cup	205
04587	tbsp	12.8
04587	cup	205
04588	tbsp	13.6
04588	cup	218
04588	tsp	4.5
04589	tsp	4.5
04589	tbsp	13.6
04589	cup	218
04590	tbsp	13.6
04590	tsp	4.5
04590	cup	218
04591	tbsp	13.6
04591	tsp	4.5
04591	cup	218
04592	tbsp	12.5
04592	tsp	4.5
04592	cup	205
04593	tbsp	13.6
04593	tsp	4.5
04593	cup	218
04594	tbsp	13.6
04594	tsp	4.5
04594	cup	218
04595	tbsp	12.8
04595	cup	205
04600	tablespoon	14
04601	tablespoon	14
04602	tablespoon	14
04606	tablespoon	12.8
04606	oz	28.35
04609	tsp	4.3
04610	tbsp	14
04610	cup	227
04610	tsp	4.7
04610	pat (1" sq, 1/3" high)	5
04610	stick	113
04611	tbsp	14.2
04611	cup	227
04612	tbsp	14.3
04612	cup	229
04612	tsp	4.8
04613	tbsp	14
04613	cup	229
04613	tsp	4.8
04614	tbsp	14.3
04614	cup	229
04614	tsp	4.8
04615	tbsp	12.8
04615	cup	205
04617	tbsp	14.2
04617	cup	227
04617	pat (1" sq, 1/3" high)	5
04617	stick	113
04618	tbsp	14.2
04618	cup	227
04620	tbsp	14
04624	tbsp	15
04626	tablespoon	14
04627	tablespoon	14
04628	tbsp	14
04629	tbsp (1 NLEA serving)	14
04630	tbsp	14
04631	tbsp	14.6
04631	cup	233
04633	tbsp	15
04633	cup	240
04634	tbsp	12.8
04634	cup	205
04635	tbsp	16
04635	cup	256
04636	tbsp	14
04636	cup	231
04638	tablespoon	14
04639	tablespoon	15
04639	serving	30
04640	tablespoon	15
04640	serving (2 tbsp)	30
04641	tablespoon	15
04642	tablespoon	13.6
04642	teaspoon	4.5
04642	cup	218
04643	tablespoon	13.6
04643	cup	218
04644	tablespoon	13.6
04644	teaspoon	4.5
04644	cup	218
04645	tablespoon	13.6
04645	teaspoon	4.5
04645	cup	218
04646	tbsp	13.6
04646	cup	218
04646	tsp	4.5
04648	tbsp	13.6
04648	cup	218
04648	tsp	4.5
04649	tbsp	13.6
04649	cup	218
04649	tsp	4.5
04650	tbsp	13.6
04650	cup	218
04650	tsp	4.5
04651	tbsp	13.6
04651	cup	218
04651	tsp	4.5
04652	tbsp	13.6
04652	cup	218
04652	tsp	4.5
04653	tbsp	13.6
04653	cup	218
04653	tsp	4.5
04654	tbsp	13.6
04654	cup	218
04654	tsp	4.5
04655	tbsp	14
04656	tbsp	13.6
04656	cup	218
04656	tsp	4.5
04657	tbsp	13.6
04657	cup	218
04657	tsp	4.5
04658	tbsp	13.6
04658	cup	218
04658	tsp	4.5
04659	tbsp	13.6
04659	cup	218
04659	tsp	4.5
04660	tbsp	13.6
04660	cup	218
04660	tsp	4.5
04661	tbsp	13.6
04661	cup	218
04661	tsp	4.5
04662	tbsp	13.6
04662	cup	218
04662	tsp	4.5
04663	tbsp	13.6
04663	cup	218
04663	tsp	4.5
04664	tbsp	13.6
04664	cup	218
04664	tsp	4.5
04665	tbsp	14
04666	tbsp	12.8
04666	cup	205
04667	tbsp	12.8
04667	cup	205
04668	tbsp	14
04668	cup	227
04668	tsp	4.7
04669	tablespoon	13.6
04669	cup	218
04669	teaspoon	4.5
04670	tbsp	13.6
04670	cup	218
04670	tsp	4.5
04673	tablespoon	14
04674	tbsp	14
04675	tablespoon	14
04676	tablespoon	14
04677	tablespoon	14
04678	tbsp	14
04679	spray , about 1/3 second (1 NLEA serving)	0.3
04683	tbsp (1 NLEA serving)	14
04684	tablespoon (1 NLEA serving)	14
04685	tbsp (1 NLEA serving)	14
04685	cup	214
04686	tbsp (1 serving)	15
04687	tablespoon (1 NLEA serving)	14
04688	serving (approximately 10 sprays)	8
04689	tbsp (1 NLEA serving)	14
04690	tbsp	14.9
04691	tablespoon	14
04691	cup	227
04691	teaspoon	4
04692	tbsp	14
04693	tbsp	14
04694	tbsp	14
04694	cup	229
04694	teaspoon	4.8
04695	tbsp	14
04695	cup	229
04695	teaspoon	4.8
04696	tbsp	14
04696	cup	229
04696	teaspoon	4.8
04697	tbsp	14
04698	tablespoon	14
04698	cup	218
04698	teaspoon	4.5
04699	tablespoon	14
04699	cup	218
04699	teaspoon	4.5
04700	tablespoon	13.6
04700	cup	218
04700	teaspoon	4.5
04701	tablespoon	13.6
04701	cup	218
04701	teaspoon	4.5
04702	tablespoon	13.6
04702	cup	218
04702	teaspoon	4.5
04703	tbsp	15
04704	tbsp	16.5
04705	tbsp (1 NLEA serving)	17
04706	tbsp (1 NLEA serving)	15
04707	tablespoon	13.7
04707	cup	219
04708	tbsp	15
04708	cup	232
05000	oz	28.33
05000	breast	384
05001	oz	28.33
05001	chicken	1046
05002	oz	28.33
05002	unit (yield from 1 lb ready-to-cook chicken)	308
05002	chicken	1028
05003	oz	28.33
05003	unit (yield from 1 lb ready-to-cook chicken)	212
05003	chicken	708
05004	oz	28.33
05004	unit (yield from 1 lb ready-to-cook chicken)	205
05004	chicken	682
05005	oz	28.33
05005	unit (yield from 1 lb ready-to-cook chicken)	225
05005	chicken	751
05006	oz	28.33
05006	unit (yield from 1 lb ready-to-cook chicken)	276
05006	chicken, bone removed	920
05007	oz	28.33
05007	unit (yield from 1 lb ready-to-cook chicken)	280
05007	chicken, bone removed	932
05008	oz	28.33
05008	unit (yield from 1 lb ready-to-cook chicken)	188
05008	chicken, bone removed	628
05009	cup, chopped or diced	140
05009	unit (yield from 1 lb ready-to-cook chicken)	178
05009	chicken, bone removed	598
05010	cup, chopped or diced	140
05010	unit (yield from 1 lb ready-to-cook chicken)	200
05010	chicken, bone removed	668
05011	oz	28.33
05011	unit (yield from 1 lb ready-to-cook chicken)	197
05011	chicken, bone and skin removed	658
05012	cup, chopped or diced	140
05012	unit (yield from 1 lb ready-to-cook chicken)	155
05012	chicken, bone and skin removed	516
05013	cup, chopped or diced	140
05013	tbsp	8.7
05013	unit (yield from 1 lb ready-to-cook chicken)	146
05014	cup, chopped or diced	140
05014	tbsp	8.7
05014	unit (yield from 1 lb ready-to-cook chicken)	157
05015	unit (yield from 1 lb ready-to-cook chicken)	47
05015	chicken, skin only	158
05016	unit (yield from 1 lb ready-to-cook chicken)	114
05016	chicken, skin only	380
05017	unit (yield from 1 lb ready-to-cook chicken)	33
05017	chicken, skin only	112
05018	unit (yield from 1 lb ready-to-cook chicken)	34
05018	chicken, skin only	112
05019	unit (yield from 1 lb ready-to-cook chicken)	44
05019	chicken, skin only	144
05020	unit (yield from 1 lb ready-to-cook chicken)	23
05020	giblets	75
05021	cup, chopped or diced	145
05021	unit (yield from 1 lb ready-to-cook chicken)	13
05022	cup chopped or dice	145
05023	oz	28.35
05023	lb	453
05024	cup chopped or dice	145
05025	heart	6.1
05025	unit (yield from 1 lb ready-to-cook chicken)	1.8
05026	cup, chopped or diced	145
05026	unit (yield from 1 lb ready-to-cook chicken)	1
05027	liver	44
05028	liver	44
05029	unit (yield from 1 lb ready-to-cook chicken)	116
05029	chicken, bone removed	388
05030	unit (yield from 1 lb ready-to-cook chicken)	113
05030	chicken, bone removed	376
05031	unit (yield from 1 lb ready-to-cook chicken)	78
05031	chicken, bone removed	260
05032	unit (yield from 1 lb ready-to-cook chicken)	79
05032	chicken, bone removed	264
05033	unit (yield from 1 lb ready-to-cook chicken)	90
05033	chicken, bone removed	300
05034	oz	28.33
05034	unit (yield from 1 lb ready-to-cook chicken)	160
05034	chicken, bone removed	532
05035	oz	28.33
05035	unit (yield from 1 lb ready-to-cook chicken)	167
05035	chicken, bone removed	556
05036	unit (yield from 1 lb ready-to-cook chicken)	110
05036	chicken, bone removed	368
05037	unit (yield from 1 lb ready-to-cook chicken)	101
05037	chicken, bone removed	334
05038	unit (yield from 1 lb ready-to-cook chicken)	110
05038	chicken, bone removed	368
05039	unit (yield from 1 lb ready-to-cook chicken)	88
05039	chicken, bone and skin removed	294
05040	cup	140
05040	unit (yield from 1 lb ready-to-cook chicken)	64
05041	cup, chopped or diced	140
05041	unit (yield from 1 lb ready-to-cook chicken)	64
05041	chicken, bone and skin removed	214
05042	cup, chopped or diced	140
05042	unit (yield from 1 lb ready-to-cook chicken)	71
05042	chicken, bone and skin removed	238
05043	unit (yield from 1 lb ready-to-cook chicken)	109
05043	chicken, bone and skin removed	364
05044	cup	140
05044	unit (yield from 1 lb ready-to-cook chicken)	91
05045	cup, chopped or diced	140
05045	unit (yield from 1 lb ready-to-cook chicken)	81
05045	chicken, bone and skin removed	272
05046	cup, chopped or diced	140
05046	unit (yield from 1 lb ready-to-cook chicken)	86
05046	chicken, bone and skin removed	286
05047	tbsp	12.8
05047	unit (yield from 1 lb ready-to-cook chicken)	32
05047	chicken, separable fat	104
05048	unit (yield from 1 lb ready-to-cook chicken)	59
05048	back, bone removed	198
05049	unit (yield from 1 lb ready-to-cook chicken)	72
05049	back, bone removed	240
05050	unit (yield from 1 lb ready-to-cook chicken)	44
05050	back, bone removed	144
05051	unit (yield from 1 lb ready-to-cook chicken)	32
05051	back, bone removed	106
05052	oz	28.33
05052	unit (yield from 1 lb ready-to-cook chicken)	36
05052	cup, chopped or diced	160
05053	unit (yield from 1 lb ready-to-cook chicken)	31
05053	back, bone and skin removed	102
05054	unit (yield from 1 lb ready-to-cook chicken)	35
05054	back, bone and skin removed	116
05055	unit (yield from 1 lb ready-to-cook chicken)	24
05055	back, bone and skin removed	80
05056	unit (yield from 1 lb ready-to-cook chicken)	26
05056	back, bone and skin removed	84
05057	breast, bone removed (yield from 1 lb ready-to-cook chicken)	174
05057	breast, bone removed	290
05058	unit (yield from 1 lb ready-to-cook chicken)	84
05058	breast, bone removed	280
05059	unit (yield from 1 lb ready-to-cook chicken)	59
05059	breast, bone removed	196
05060	cup, chopped or diced	140
05060	unit (yield from 1 lb ready-to-cook chicken)	58
05060	breast, bone removed	196
05061	cup, chopped or diced	140
05061	unit (yield from 1 lb ready-to-cook chicken)	66
05061	breast, bone removed	220
05062	oz	28.33
05062	piece	272
05062	package	926
05063	unit (yield from 1 lb ready-to-cook chicken)	52
05063	breast, bone and skin removed	172
05064	cup, chopped or diced	140
05064	unit (yield from 1 lb ready-to-cook chicken)	52
05064	breast, bone and skin removed	172
05065	cup, chopped or diced	140
05065	unit (yield from 1 lb ready-to-cook chicken)	57
05065	breast, bone and skin removed	190
05066	drumstick with skin	133
05066	drumstick	130
05067	unit (yield from 1 lb ready-to-cook chicken)	43
05067	drumstick, bone removed	72
05068	unit (yield from 1 lb ready-to-cook chicken)	29
05068	drumstick, bone removed	49
05069	drumstick with skin (yield from 1 lb ready-to-cook chicken)	105
05069	drumstick without skin	96
05070	cup, chopped or diced	140
05070	unit (yield from 1 lb ready-to-cook chicken)	34
05070	drumstick, bone removed	57
05071	drumstick  with skin	130
05071	drumstick without skin	122
05072	unit (yield from 1 lb ready-to-cook chicken)	25
05072	drumstick, bone and skin removed	42
05073	drumstick without skin	96
05073	drumstick with skin	105
05074	oz	28.33
05074	drumstick, bone and skin removed	46
05074	cup, chopped or diced	160
05074	unit (yield from 1 lb ready-to-cook chicken)	28
05075	oz	28.33
05075	leg, with skin (Sum of drumstick+thigh+back)	344
05075	drumstick with skin	111
05075	thigh with skin	185
05075	back with skin	49
05076	unit (yield from 1 lb ready-to-cook chicken)	95
05076	leg, bone removed	158
05077	unit (yield from 1 lb ready-to-cook chicken)	67
05077	leg, bone removed	112
05078	oz	28.33
05078	leg, with skin (Sum of drumstick+thigh+back)	258
05078	thigh with skin	133
05078	drumstick with skin	91
05078	back with skin	35
05079	cup, chopped or diced	140
05079	unit (yield from 1 lb ready-to-cook chicken)	75
05079	leg, bone removed	125
05080	oz	28.33
05080	leg, bone and skin removed (Sum of drumstick+thigh+back meat only)	265
05080	thigh bone and skin removed	147
05080	drumstick bone and skin removed	88
05080	back bone and skin removed	30
05081	unit (yield from 1 lb ready-to-cook chicken)	56
05081	leg, bone and skin removed	94
05082	oz	28.33
05082	leg (Sum of drumstick+thigh+back meat only)	199
05082	drumstick bone and skin	105
05082	thigh bone and skin	72
05082	back bone and skin	22
05083	oz	28.33
05083	cup, chopped or diced	160
05083	unit (yield from 1 lb ready-to-cook chicken)	60
05083	leg, bone and skin removed	101
05084	unit (yield from 1 lb ready-to-cook chicken)	15
05084	neck, bone removed	50
05085	unit (yield from 1 lb ready-to-cook chicken)	16
05085	neck, bone removed	52
05086	unit (yield from 1 lb ready-to-cook chicken)	11
05086	neck, bone removed	36
05087	unit (yield from 1 lb ready-to-cook chicken)	11
05087	neck, bone removed	38
05088	unit (yield from 1 lb ready-to-cook chicken)	6
05088	neck, bone and skin removed	20
05089	unit (yield from 1 lb ready-to-cook chicken)	7
05089	neck, bone and skin removed	22
05090	unit (yield from 1 lb ready-to-cook chicken)	5
05090	neck, bone and skin removed	18
05091	thigh with skin	193
05091	oz	28.35
05092	unit (yield from 1 lb ready-to-cook chicken)	52
05092	thigh, bone removed	86
05093	unit (yield from 1 lb ready-to-cook chicken)	38
05093	thigh, bone removed	62
05094	thigh with skin	137
05094	thigh without skin	116
05095	unit (yield from 1 lb ready-to-cook chicken)	41
05095	thigh, bone removed	68
05096	thigh without skin	149
05096	oz	28.33
05097	unit (yield from 1 lb ready-to-cook chicken)	31
05097	thigh, bone and skin removed	52
05098	thigh without skin	116
05098	thigh with skin	137
05099	cup, chopped or diced	140
05099	unit (yield from 1 lb ready-to-cook chicken)	33
05099	thigh, bone and skin removed	55
05100	piece	107
05100	package	1150
05101	unit (yield from 1 lb ready-to-cook chicken)	29
05101	wing, bone removed	49
05102	unit (yield from 1 lb ready-to-cook chicken)	19
05102	wing, bone removed	32
05103	piece	85
05104	cup, chopped or diced	140
05104	unit (yield from 1 lb ready-to-cook chicken)	24
05104	wing, bone removed	40
05105	wing, bone and skin removed (yield from 1 lb ready-to-cook chicken)	17
05105	wing, bone and skin removed	29
05106	unit (yield from 1 lb ready-to-cook chicken)	12
05106	wing, bone and skin removed	20
05107	unit (yield from 1 lb ready-to-cook chicken)	13
05107	wing, bone and skin removed	21
05108	cup, chopped or diced	140
05108	unit (yield from 1 lb ready-to-cook chicken)	14
05108	wing, bone and skin removed	24
05109	oz	28.33
05109	chicken	1509
05110	oz	28.33
05110	unit (yield from 1 lb ready-to-cook chicken)	235
05110	chicken	1072
05111	oz	28.33
05111	breast	635
05111	bird	4405
05112	oz	28.33
05112	unit (yield from 1 lb ready-to-cook chicken)	210
05112	chicken, bone removed	960
05113	oz	28.33
05113	unit (yield from 1 lb ready-to-cook chicken)	209
05113	chicken, bone and skin removed	954
05114	cup, chopped or diced	140
05114	unit (yield from 1 lb ready-to-cook chicken)	171
05115	unit (yield from 1 lb ready-to-cook chicken)	25
05115	giblets	113
05116	cup, chopped or diced	145
05116	unit (yield from 1 lb ready-to-cook chicken)	15
05117	unit (yield from 1 lb ready-to-cook chicken)	99
05117	chicken, bone and skin removed	440
05118	cup, chopped or diced	140
05118	unit (yield from 1 lb ready-to-cook chicken)	78
05119	unit (yield from 1 lb ready-to-cook chicken)	113
05119	chicken, bone and skin removed	516
05120	cup, chopped or diced	140
05120	unit (yield from 1 lb ready-to-cook chicken)	94
05121	oz	28.33
05121	chicken	905
05122	oz	28.33
05122	cup, chopped or diced	160
05122	unit (yield from 1 lb ready-to-cook chicken)	202
05122	chicken, bone removed	593
05123	oz	28.33
05123	unit (yield from 1 lb ready-to-cook chicken)	271
05123	chicken, bone removed	796
05124	oz	28.33
05124	unit (yield from 1 lb ready-to-cook chicken)	178
05124	chicken, bone removed	522
05125	oz	28.33
05125	unit (yield from 1 lb ready-to-cook chicken)	194
05125	chicken, bone and skin removed	568
05126	cup, chopped or diced	140
05126	unit (yield from 1 lb ready-to-cook chicken)	137
05127	unit (yield from 1 lb ready-to-cook chicken)	28
05127	giblets	81
05128	cup, chopped or diced	145
05128	unit (yield from 1 lb ready-to-cook chicken)	17
05129	unit (yield from 1 lb ready-to-cook chicken)	89
05129	chicken, bone and skin removed	260
05130	cup, chopped or diced	140
05130	unit (yield from 1 lb ready-to-cook chicken)	64
05131	unit (yield from 1 lb ready-to-cook chicken)	105
05131	chicken, bone and skin removed	308
05132	cup, chopped or diced	140
05132	unit (yield from 1 lb ready-to-cook chicken)	73
05133	oz	28.33
05133	capon	2152
05134	oz	28.33
05134	capon	1418
05134	unit (yield from 1 lb ready-to cook capon)	218
05135	oz	28.33
05135	unit (yield from 1 lb ready-to cook capon)	297
05135	capon, bone removed	1928
05136	oz	28.33
05136	unit (yield from 1 lb ready-to cook capon)	196
05136	capon, bone removed	1274
05137	giblets	115
05137	unit (yield from 1 lb ready-to cook capon)	18
05138	cup, chopped or diced	145
05138	unit (yield from 1 lb ready-to cook capon)	11
05139	oz	28.33
05139	unit (yield from 1 lb ready-to-cook duck)	287
05139	duck	1268
05140	cup, chopped or diced	140
05140	unit (yield from 1 lb ready-to-cook duck)	173
05140	duck	764
05141	unit (yield from 1 lb ready-to-cook duck)	137
05141	duck	606
05142	cup, chopped or diced	140
05142	unit (yield from 1 lb ready-to-cook duck)	100
05142	duck	442
05143	liver	44
05143	unit (yield from 1 lb ready-to-cook duck)	10
05144	oz	28.33
05144	unit (yield from 1 lb ready-to-cook duck)	239
05144	duck	540
05145	unit (yield from 1 lb ready-to-cook duck)	73
05145	breast, bone and skin removed	166
05146	oz	28.33
05146	unit (yield from 1 lb ready-to-cook goose)	320
05146	goose	2638
05147	cup, chopped or diced	140
05147	unit (yield from 1 lb ready-to-cook goose)	188
05147	goose	1548
05148	oz	28.33
05148	unit (yield from 1 lb ready-to-cook goose)	185
05148	goose	1532
05149	unit (yield from 1 lb ready-to-cook goose)	143
05149	goose	1182
05150	liver	94
05150	unit (yield from 1 lb ready-to-cook goose)	11
05151	oz	28.33
05151	unit (yield from 1 lb ready-to-cook guinea)	359
05151	guinea	690
05152	oz	28.33
05152	unit (yield from 1 lb ready-to-cook guinea)	275
05152	guinea	528
05153	oz	28.33
05153	unit (yield from 1 lb ready-to-eat pheasant)	371
05153	pheasant	800
05154	oz	28.33
05154	unit (yield from 1 lb ready-to-eat pheasant)	326
05154	pheasant	704
05155	oz	28.33
05155	unit (yield from 1 lb ready-to-eat pheasant)	169
05155	breast, bone and skin removed	364
05156	unit (yield from 1 lb ready-to-eat pheasant)	99
05156	leg, bone and skin removed	107
05157	quail	109
05157	unit (yield from 1 lb ready-to cook quail)	405
05158	quail	92
05158	unit (yield from 1 lb ready-to cook quail)	342
05159	oz	28.33
05159	unit (yield from 1 lb ready-to cook quail)	208
05159	breast	56
05160	oz	28.33
05160	unit (yield from 1 lb ready-to-cook squab)	297
05160	squab	199
05161	unit (yield from 1 lb ready-to-cook squab)	251
05161	squab	168
05162	breast, bone removed	101
05162	unit (yield from 1 lb ready-to-cook squab)	151
05165	oz	28.33
05165	bird	5002
05166	oz	28.33
05166	bird	3812
05167	oz	28.33
05167	bird	5002
05168	oz	28.33
05168	bird	3812
05169	oz	28.35
05169	lb	453
05170	serving	85
05171	oz	28.33
05171	giblets	157
05172	giblets	95
05173	raw gizzard	63
05174	gizzard cooked	45
05175	piece	24
05176	heart	20
05177	raw liver	78
05178	liver cooked	53
05179	oz	28.35
05179	lb	453
05180	serving	85
05181	oz	28.33
05181	lb	453
05182	serving	85
05183	oz	28.35
05183	lb	453
05184	serving	85
05185	serving	85
05186	serving	85
05187	serving	85
05188	serving	85
05190	cup, chopped or diced	140
05190	back, bone removed	524
05190	unit (yield from 1 lb ready-to-cook turkey)	34
05191	unit (yield from 1 lb ready-to-cook turkey)	146
05191	breast, bone removed	2264
05192	unit (yield from 1 lb ready-to-cook turkey)	112
05192	breast, bone removed	1728
05193	unit (yield from 1 lb ready-to-cook turkey)	105
05193	leg, bone removed	816
05194	unit (yield from 1 lb ready-to-cook turkey)	71
05194	leg, bone removed	546
05195	unit (yield from 1 lb ready-to-cook turkey)	33
05195	wing, bone removed	256
05196	unit (yield from 1 lb ready-to-cook turkey)	24
05196	wing, bone removed	186
05200	oz	28.33
05200	turkey, bone removed	1616
05200	unit (yield from 1 lb ready-to-cook turkey)	229
05215	oz	28.5
05215	back	1124
05216	oz	28.33
05216	back	911
05219	oz	28.5
05219	breast	1769
05220	oz	28.33
05220	breast	1413
05227	oz	28.33
05227	wing	346
05228	oz	28.33
05228	wing	213
05236	unit (yield from 1 lb ready-to-cook turkey)	31
05236	turkey, skin only	392
05277	can (5 oz)	142
05282	tbsp	13
05282	oz	28.35
05284	cup, drained	135
05284	can (5 oz)	142
05284	can (5 oz) yields	125
05285	oz	28.35
05285	lb	454
05286	oz	28.33
05286	package (net weight, 5 oz)	142
05293	oz	28.33
05293	breast, bone removed	1728
05294	oz	28.33
05294	thigh, bone removed	314
05295	oz	28.33
05295	box (net weight, 2.5 lb)	1134
05300	stick (2.25 oz)	64
05301	lb	454
05302	lb	454
05303	lb	454
05304	lb	454
05305	lb	453.6
05305	patty, 4 oz	114
05306	patty (4 oz, raw) (yield after cooking)	82
05306	unit, yield from 1 lb raw	330
05307	oz	28.33
05307	bird	336
05308	oz	28.33
05308	bird	258
05308	bird whole	257
05309	oz	28.33
05309	bird	240
05309	bird whole	239
05310	oz	28.33
05310	bird	220
05310	bird whole	220
05311	oz	28
05311	cup	205
05311	can (5 oz) yields	125
05312	piece	29
05312	serving	86
05313	serving	74
05314	oz	28.33
05314	piece	263
05314	breast	236
05315	unit (yield from 1 lb ready-to-cook duck)	56
05315	oz	28.33
05315	breast, bone removed	240
05316	oz	28.33
05316	breast, bone and skin removed	190
05316	cup, chopped or diced	174
05316	unit (yield from 1 lb ready-to-cook duck)	44
05317	leg, bone removed (yield after cooking)	92
05317	unit (yield from 1 lb ready-to-cook duck)	43
05317	oz	28.33
05318	oz	28.33
05318	cup chopped or diced, cooked	174
05318	unit (yield from 1 lb ready-to-cook duck)	35
05318	leg, bone and skin removed	75
05319	drumstick	71
05320	serving	96
05323	patty	60
05324	patty	60
05326	piece	15
05326	pieces	15.5
05327	piece	15
05327	pieces	15.5
05332	oz crumbled	28
05333	oz crumbled	28.33
05334	thigh	95
05335	oz	28.35
05335	lb	453.6
05336	cup drained	135
05336	can (5 oz)	142
05337	cup drained	135
05337	can (5 oz)	142
05338	cup drained	135
05338	can (5 oz)	142
05339	wing	51
05341	serving (3 oz)	85
05341	back	102
05341	oz	28.35
05342	oz	28.33
05342	breast breast with skin and bone	483
05342	oz	28.35
05343	drumstick	53
05343	serving (3oz)	85
05343	oz	28.35
05344	oz	28.35
05345	thigh	89
05345	serving (3 oz)	85
05345	oz	28.35
05346	wing	53
05346	serving (3 oz)	85
05346	oz	28.35
05347	back	102
05347	serving (3 oz)	85
05347	oz	28.35
05348	serving (3 oz)	85
05348	oz	28.35
05348	breast	343
05349	drumstick	53
05349	serving (3 oz)	85
05349	oz	28.35
05351	thigh	89
05351	serving	85
05352	wing	53
05352	serving (3 oz)	85
05352	oz	28.35
05353	strip	9.4
05354	oz	28.33
05354	cup	183
05356	serving	85
05357	oz	28.33
05357	back	182
05358	oz	28.33
05358	breast	384
05359	drumstick	71
05361	thigh	95
05362	wing	51
05363	oz	28.25
05363	breast	219
05363	bird	627
05600	oz	28.35
05600	serving	28
05621	patty	117
05622	patty (yield from 135.8 g raw meat)	109
05622	serving ( 3 oz )	85
05623	serving ( 3 oz )	85
05623	fan fillet	513
05624	serving ( 3 oz )	85
05624	steak	394
05625	oz	28.33
05625	flat fillet	354
05626	oz	28.33
05626	full rump	695
05627	serving ( 3 oz )	85
05627	full rump cooked ( yield from 695 g raw meat )	496
05628	oz	28.33
05628	inside drum	572
05629	serving ( 3 oz )	85
05629	inside drum cooked ( yield from 572 g raw meat )	416
05630	oz	28.33
05630	outside drum	422
05631	oz	28.33
05631	steak	300
05632	serving ( 3 oz )	85
05632	steak	244
05641	patty	109
05641	patty	108.8
05642	patty	93
05642	serving ( 3 oz )	85
05643	serving ( cooked from 4oz raw)	85
05643	oz	28.35
05644	serving ( cooked from 4 oz raw )	85
05644	oz	28.35
05645	serving ( 3 oz )	85
05646	serving (cooked from 4 oz raw)	85
05646	oz	28.35
05647	serving ( 3 oz )	85
05648	serving (cooked from 4 oz raw)	85
05648	oz	28.35
05649	serving (cooked from 4 oz raw)	85
05649	oz	28.35
05650	serving ( 3 oz )	85
05651	serving ( cooked from 4 oz raw)	85
05651	oz	28.35
05652	serving ( 3 oz )	85
05653	serving (cooked from 4 oz raw)	85
05653	oz	28.35
05653	lb	453
05654	serving (cooked from 4 oz raw)	85
05654	lb	456
05654	oz	28.35
05655	serving ( cooked from 4 oz raw)	85
05655	oz	28.35
05655	lb	453
05656	serving ( 3 oz )	85
05657	serving (cooked from 4 oz raw)	85
05657	oz	28.35
05657	lb	453
05658	serving ( 3 oz )	85
05661	liver	44
05661	oz	28.35
05662	patty (cooked from 4 oz raw)	85
05662	oz	28.35
05662	lb	453
05663	oz	28.33
05664	patty	85
05664	oz	28.35
05665	oz	28.35
05665	lb	453
05665	serving (cooked from 4 oz)	85
05666	oz	28.33
05667	oz	28.33
05668	patty (cooked from 4 oz raw)	85
05668	oz	28.35
05668	lb	453
05669	oz	28.33
05670	oz	28.33
05671	drumstick without skin	95
05671	drumstick with skin	105
05672	thigh without skin	111
05672	thigh with skin	129
05673	oz	28.35
05673	lb	453
05674	oz	28.35
05674	lb	453
05675	oz	28.35
05675	lb	453
05676	drumstick without skin	95
05676	drumstick with skin	105
05677	thigh without skin	111
05677	thigh with skin	129
05678	drumstick with skin	143
05678	drumstick without skin	136
05679	drumstick without skin	91
05679	drumstick with skin	129
05680	drumstick without skin	95
05680	drumstick with skin	106
05681	oz	28.33
05681	thigh without skin	132
05681	thigh with skin	158
05682	oz	28.33
05682	thigh without skin	148
05682	thigh with skin	191
05683	thigh with skin	130
05683	thigh without skin	112
05684	oz	28.35
05685	oz	28.35
05686	oz	28.35
05687	drumstick with skin	106
05687	drumstick without skin	95
05688	drumstick with skin	143
05688	drumstick without skin	130
05689	drumstick with skin	129
05689	drumstick without skin	91
05690	oz	28.33
05690	thigh without skin	132
05690	thigh with skin	158
05691	oz	28.33
05691	thigh without skin	148
05691	thigh	181
05692	thigh with skin	130
05692	thigh without skin	112
05693	oz	28.33
05693	back	182
05694	oz	28.5
05695	oz	28.33
05696	oz	28.5
05697	oz	28.33
05698	oz	28.35
05699	oz	28.35
05700	oz	28.5
05700	lb	453
05701	oz	28.33
05702	oz	28.5
05702	lb	453
05703	oz	28.33
05703	lb	453
05704	oz	28.33
05704	bird	5717
05705	oz	9.333
05705	bird	4147
05706	oz	28.33
05706	bird	5717
05707	oz	28.33
05707	bird	4147
05707	lb	453
05708	breast	1171
05708	oz	28.33
05709	oz	28.33
05709	breast	852
05710	oz	28.33
05710	breast	1150
05711	breast	863
05711	oz	28.33
05712	oz	9.333
05712	wing	518
05713	oz	28.33
05713	wing	375
05714	oz	28.35
05715	oz	28.35
05716	oz	28.33
05716	drumstick	356
05717	oz	28.33
05717	thigh	454
05718	oz	28.33
05718	breast	1654
05719	oz	28.5
05719	back	1245
05720	oz	28.33
05720	back	949
05721	oz	28.5
05721	breast	2110
05721	lb	453
05722	oz	28.33
05722	thigh	348
05723	oz	9.333
05723	drumstick	275
05724	oz	28.5
05724	drumstick	359
05725	oz	28.33
05725	drumstick	217
05726	oz	28.33
05726	thigh	424
05727	oz	28.33
05727	breast	1171
05728	oz	28.33
05728	thigh	327
05729	oz	28.33
05729	wing	358
05730	oz	28.33
05730	wing	219
05732	oz	28.33
05732	breast	1150
05733	oz	28.33
05733	breast	863
05734	oz	28.33
05734	wing	518
05735	oz	28.33
05735	wing	375
05736	oz	28.33
05736	drumstick	356
05737	oz	28.33
05737	drumstick	275
05738	oz	28.33
05738	drumstick	337
05739	oz	28.33
05739	drumstick	206
05740	oz	28.33
05740	thigh	367
05741	oz	28.33
05741	thigh	319
05742	oz	28.33
05742	thigh	454
05743	oz	28.33
05743	thigh	348
05744	oz	28.5
05744	back	1245
05745	oz	28.33
05745	back	949
05746	oz	28.33
05746	piece	181
05747	oz	28.33
05747	piece	196
05748	oz	28.33
05748	piece	195
05749	oz	28.33
05749	piece	192
06001	cup (4 fl oz)	252
06001	can (10.75 oz)	305
06002	cup (8 fl oz)	257
06002	can (11 oz), undiluted	312
06003	serving 1/2 cup	126
06004	cup	260
06004	can 11.5 oz	326
06006	cup (8 fl oz)	263
06006	can (11.25 oz)	319
06007	cup (8 fl oz)	243
06007	can (19.25 oz)	546
06008	cup	240
06008	can 14.5 oz	435
06008	container 32 oz	960
06009	cup	250
06009	can (10.75 oz)	305
06010	cup	252
06010	can (10.75 oz)	305
06011	cup	248
06013	cup (4 fl oz)	252
06013	can (10.75 oz)	305
06014	serving 1/2 cup	124
06015	cup	245
06016	cup (4 fl oz)	252
06016	can (10.75 oz)	305
06017	cup (4 fl oz)	252
06017	can (10.75 oz)	305
06018	can	530
06018	cup	243
06019	cup	248
06022	cup	240
06022	can 19 oz	539
06023	cup	252
06024	cup	255
06025	cup	242
06025	can (10.7 oz)	303
06026	cup (8 fl oz)	263
06026	can (11.25 oz)	319
06027	cup (8 fl oz)	240
06027	can (19 oz)	539
06028	cup (4 fl oz)	252
06028	can (10.75 oz)	305
06029	cup	252
06030	cup	252
06030	can (10.7 oz)	303
06032	cup	248
06032	can (10.5 oz)	310
06037	cup (8 fl oz)	248
06037	can (20 oz)	567
06038	cup condensed	248
06039	cup	240
06039	can (19 oz)	539
06040	cup (4 fl oz)	246
06040	can (10.5 oz)	298
06041	serving 1/2 cup	126
06042	cup (4 fl oz)	252
06042	can (10.75 oz)	305
06043	cup	252
06044	cup (4 fl oz)	252
06044	can (10.75 oz)	305
06045	cup (4 fl oz)	246
06045	can (10.5 oz)	298
06046	cup	252
06046	can (10.75 oz)	305
06047	serving 1/2 cup	126
06048	cup (4 fl oz)	246
06048	can (10.5 oz)	298
06049	cup	256
06049	can (11.2 oz)	319
06050	cup	240
06050	can (19 oz)	539
06051	cup (4 fl oz)	270
06051	can (11.5 oz)	326
06053	cup	248
06054	cup	252
06056	cup	252
06056	can	305
06057	serving 1/2 cup	124
06058	serving 1/2 cup	126
06061	cup (8 fl oz)	251
06061	can (10.75 oz)	305
06062	cup	246
06063	cup (4 fl oz)	258
06063	can (11 oz), undiluted	312
06064	cup (8 fl oz)	236
06064	can (18.75 oz)	532
06067	cup	230
06068	cup	252
06068	can (10.5 oz)	298
06070	cup	245
06070	can (19 oz)	539
06071	cup	252
06071	can (10.75 oz)	305
06072	cup	246
06072	can (10.5 oz)	298
06075	cube	3.6
06075	packet	6
06076	cube	3.6
06080	cube	4
06080	teaspoon	2
06081	cube	4.8
06082	serving 1/2 cup	126
06084	serving 1/2 cup	126
06091	serving 1/2 cup	124
06094	serving 1 tbsp	7.5
06094	packet	39
06097	serving 1/2 cup	124
06101	packet	18
06112	tbsp	18
06112	fl oz	36
06112	cup	288
06114	cup	236
06114	can	298
06115	tsp	3
06116	cup	233
06116	can	291
06117	serving 1/2 cup	128
06118	tbsp	6
06119	cup	228
06119	cup	228
06119	jar 10.5 oz	273
06119	jar 12 oz	324
06120	tbsp	8
06120	serving	8
06121	cup	238
06121	can	298
06122	cup (8 fl oz)	21
06123	cup (8 fl oz)	24
06124	serving	6.7
06125	cup	238
06125	tbsp	14.9
06125	tsp	5
06125	can	298
06126	serving	7
06127	cup (8 fl oz)	25
06128	packet	74
06128	packet (6 fl oz)	11.1
06142	cup	206
06145	serving 1/2 cup	126
06146	serving 1/2 cup	126
06147	cup (4 fl oz)	252
06147	can (10.75 oz)	305
06149	cup	248
06150	tbsp	17
06150	cup	286
06150	cup	279
06151	tbsp	19
06151	cup	305
06152	cup	252
06158	cup (4 fl oz)	258
06158	can (11 oz), undiluted	312
06159	cup	148
06159	can	294
06164	tbsp	18
06164	cup	260
06164	cup	259
06165	cup	250
06165	cup	250
06166	cup	250
06166	cup	250
06167	cup	250
06167	cup	250
06168	tsp	4.7
06168	tsp	4.8
06169	tsp	4.7
06169	tsp	4.8
06170	cup	240
06172	cup	240
06174	cup	233
06175	tbsp	16
06176	tbsp	18
06177	cup	245
06179	tbsp	18
06180	cup	216
06182	cup	251
06183	cup	240
06188	cup	219
06188	can (14.5 oz)	407
06188	carton (32 oz)	923
06189	Tbsp	18
06190	cup	245
06192	cup	253
06193	cup	245
06194	cup	249
06195	cup condensed	248
06201	cup (8 fl oz)	248
06201	can (10.75 oz), prepared	602
06208	cup	245
06209	cup condensed	248
06210	cup (8 fl oz)	248
06210	can (10.75 oz), prepared	602
06211	cup	251
06211	can (11 oz), prepared	609
06212	cup condensed	252
06213	serving 1/2 cup	124
06214	cup condensed	248
06215	cup condensed	248
06216	cup (8 fl oz)	248
06216	fl oz	31
06216	can (10.75 oz), prepared	602
06217	cup	252
06218	cup condensed	248
06219	cup condensed	248
06220	serving 1/2 cup	130
06221	serving 1/2 cup	130
06222	serving 1/2 cup	130
06223	serving 1/2 cup	130
06224	serving 1/2 cup	130
06225	serving 1/2 cup	130
06226	serving 1/2 cup	125
06228	serving 1/2 cup	130
06229	serving 1/2 cup	130
06230	serving 1 cup	252
06230	fl oz	31.5
06231	serving 1/2 cup	125
06232	serving 1/2 cup	125
06233	serving 1/2 cup	125
06234	serving 1/2 cup	125
06235	serving 1/2 cup	130
06236	serving 1/2 cup	130
06237	serving 1/2 cup	125
06239	serving 1/2 cup	125
06240	serving 1/2 cup	130
06241	serving 1 cup	245
06242	serving 1 cup	245
06243	serving 1 cup	252
06243	fl oz	31.5
06244	serving 1 cup	245
06245	serving 1 cup	245
06246	cup (8 fl oz)	248
06246	can (10.75 oz), prepared	602
06248	cup (8 fl oz)	245
06248	can (10.5 oz), prepared	595
06249	cup (8 fl oz)	254
06249	can (11.25 oz), prepared	616
06250	serving 1 cup	245
06251	serving 1 cup	245
06252	serving 1 cup	245
06253	cup (8 fl oz)	248
06253	can (10.75 oz), prepared	602
06256	cup (8 fl oz)	253
06256	fl oz	31.6
06307	tbsp	16
06307	cup	292
06307	cup	283
06309	cup condensed	252
06311	serving 1/2 cup	126
06312	serving 1/2 cup	124
06314	serving 1 cup	243
06315	serving 1 cup	240
06316	serving 1 cup	246
06317	cup	236
06318	cup	236
06319	cup	236
06320	cup	236
06321	cup	236
06322	cup	236
06323	cup	240
06324	cup	236
06325	cup	240
06326	cup	236
06327	cup	236
06328	cup	236
06329	cup	236
06330	cup	236
06331	cup	236
06332	cup	240
06333	serving 1/2 cup	124
06334	serving 1/2 cup	124
06336	cup condensed	248
06337	cup condensed	248
06338	cup condensed	258
06339	cup condensed	248
06340	serving 1/2 cup	124
06341	cup condensed	248
06342	serving 1/ 2 cup	124
06343	serving 1/2 cup	124
06349	serving 1/2 cup	126
06350	serving 1/ 2 cup	126
06351	serving 1/2 cup	126
06353	serving 1/2 cup	124
06354	serving 1/2 cup	126
06355	serving 1/2 cup	124
06357	serving 1/2 cup	126
06358	cup (8 fl oz)	251
06358	can (11 oz), prepared	609
06359	serving 1 cup	252
06359	fl oz	31.5
06361	serving 1/2 cup	128
06363	cup condensed	252
06364	serving 1/2 cup	126
06365	serving 1/2 cup	126
06366	serving 1/2 cup	126
06367	serving 1/2 cup	126
06373	serving 1/2 cup	126
06374	serving 1/2 cup	126
06375	cup condensed	252
06377	cup condensed	248
06379	serving 1/2 cup	126
06380	serving 1/2 cup	128
06383	cup	245
06384	cup	245
06387	cup	245
06388	cup	245
06389	cup	245
06391	cup	245
06392	cup	245
06393	cup	245
06395	cup	243
06395	can	526
06396	cup	245
06398	cup	245
06399	cup	245
06400	cup	245
06401	cup (8 fl oz)	244
06401	can (10.75 oz), prepared	593
06402	cup	247
06402	can (11 oz), prepared	600
06403	cup	245
06404	serving 1 cup	266
06404	fl oz	33.3
06405	cup	245
06406	cup (8 fl oz)	250
06406	can (11.25 oz), prepared	607
06408	cup	245
06409	cup (8 fl oz)	244
06409	can (10.75 oz), prepared	593
06410	cup	248
06410	can (10.75 oz), prepared	593
06411	cup (8 fl oz)	247
06411	can (11 oz), prepared	600
06413	cup (8 fl oz)	244
06413	can (10.75 oz), prepared	593
06414	cup	245
06415	cup	206
06415	can	527
06416	cup	244
06416	fl oz	30.5
06416	can (10.75 oz), prepared	593
06417	cup	244
06417	can (10.75 oz), prepared	593
06418	serving	245
06419	serving 1 cup	248
06423	serving 1 cup	243
06426	cup	261
06426	fl oz	32.6
06428	serving 1 cup	249
06428	fl oz	31.1
06429	cup	245
06430	serving 1 cup	248
06430	fl oz	31
06431	cup	251
06431	can	519
06432	cup (8 fl oz)	241
06432	can (10.5 oz), prepared	586
06433	cup	245
06434	cup	247
06434	can	529
06437	cup	245
06438	serving	245
06439	cup	245
06440	cup (8 fl oz)	241
06440	can (10.5 oz), prepared	586
06441	cup	245
06442	cup (8 fl oz)	244
06442	can (10.75 oz), prepared	593
06443	serving 1 cup	248
06443	fl oz	31
06444	cup (8 fl oz)	244
06444	can (10.75 oz), prepared	593
06446	cup (8 fl oz)	244
06446	can (10.75 oz), prepared	593
06447	cup	245
06448	cup (8 fl oz)	241
06448	can (10.5 oz), prepared	586
06449	serving 1 cup	259
06449	fl oz	32.4
06451	cup (8 fl oz)	253
06451	can (11.5 oz), prepared	614
06453	cup (8 fl oz)	244
06453	can (10.75 oz), prepared	593
06454	cup	245
06456	cup	244
06456	can (10.75 oz), prepared	593
06457	cup	245
06459	cup	245
06461	cup	244
06461	can (10.75 oz), prepared	593
06462	cup	245
06463	cup	247
06463	can (11 oz), prepared	600
06465	cup	244
06465	fl oz	30.5
06465	can (10.75 oz), prepared	593
06466	cup (8 fl oz)	241
06466	fl oz	30.1
06466	can (10.5 oz), prepared	586
06468	cup	241
06468	can (10.5 oz), prepared	586
06470	serving 1 container	298
06471	cup (8 fl oz)	244
06471	can (10.75 oz), prepared	593
06472	cup (8 fl oz)	241
06472	can (10.5 oz), prepared	586
06475	serving 1 cup	240
06475	fl oz	29.9
06476	serving 1 cup	240
06476	fl oz	29.9
06480	cup 8 fl oz	241
06480	fl oz	30.1
06481	cup (8 fl oz)	243
06481	cube (6 fl oz prepared)	182
06482	serving 1 container	305
06483	cup 8 fl oz	261
06483	fl oz	32.6
06487	serving 1 container	298
06494	serving 1 cup	230
06494	fl oz	28.7
06497	cup	245
06497	serving	245
06498	cup 8 fl oz	265
06502	cup	245
06502	serving	245
06503	cup	245
06503	serving	245
06504	cup	245
06504	serving	245
06505	cup	245
06505	serving	245
06509	serving	245
06528	cup	245
06529	cup	245
06537	cup	245
06541	cup	245
06543	cup	245
06544	cup	245
06545	cup	256
06545	can	519
06546	cup	245
06547	cup (8 fl oz)	244
06547	can (10.75 oz), prepared	593
06548	cup	245
06549	cup (8 fl oz)	244
06549	can (10.75 oz), prepared	593
06558	cup (8 fl oz)	247
06558	can (11 oz), prepared	600
06559	serving 1 cup	248
06559	fl oz	31
06580	cup	245
06583	package without flavor packet	81
06583	packet	5.8
06584	serving 1/2 cup	121
06584	can 10.7 oz (10.75 oz)	303
06585	container	305
06586	container	305
06587	container	305
06588	container	305
06589	container	305
06590	container	305
06592	container	305
06594	container	305
06595	container	305
06596	container	305
06597	serving	32
06597	tbsp	16
06598	serving	32
06598	tbsp	16
06599	cup	240
06599	serving	60
06600	serving	16
06600	tbsp	8
06601	serving	32
06601	tbsp	16
06602	serving	32
06602	tbsp	16
06603	serving	32
06603	tbsp	16
06604	tbsp	16
06604	serving	16
06605	serving	32
06605	tbsp	16
06609	cup	235
06609	serving	235
06611	cup	213
06611	can 14.5 oz	413
06611	carton 32 oz	925
06615	cup	220
06615	carton 32 oz	928
06617	cup	245
06618	tbsp	17
06619	oz 1 pouch	28.3
06620	oz 1 pouch	28.3
06621	oz 1 pouch	28.3
06622	oz 1 pouch	28.3
06623	oz 1 pouch	28.3
06624	oz 1 pouch	28.3
06625	oz 1 pouch	28.3
06626	cup	252
06627	cup	244
06628	cup	252
06629	cup	248
06630	cup	240
06631	tsp	6.5
06632	tsp	6.9
06633	tsp	6.2
06700	cup	221
06700	can	390
06700	carton (32 oz)	926
06725	serving	240
06725	package yields	539
06726	serving	240
06726	package yields	539
06728	serving	240
06728	package yields	539
06729	serving	240
06729	package yields	539
06730	serving	243
06730	package yields	539
06731	serving 1/2 cup	128
06733	serving	127
06733	package yields	312
06734	serving	125
06734	package yields	298
06736	serving	126
06736	package yields	305
06738	serving	135
06738	package yields	326
06739	serving	136
06739	package yields	298
06740	serving	240
06740	package yields	454
06742	serving	292
06742	package yields	292
06748	cup	210
06748	can	526
06749	cup	250
06749	can	528
06930	cup	252
06931	serving 1/2 cup	132
06932	serving 1/2 cup	130
06955	cup	248
06956	serving 1/2 cup	121
06956	can 10.7 oz	303
06957	serving	6.7
06957	package	454
06958	serving	6.7
06958	package (16 oz)	454
06959	serving	6.7
06959	package (16 oz)	454
06961	tbsp	15
06961	cup	245
06962	tbsp	15
06962	cup	245
06963	cup	244
06963	fl oz	30.5
06964	serving 1 cup	248
06964	fl oz	31
06965	cup	259
06965	fl oz	32.4
06966	serving 1 cup	248
06966	fl oz	31
06967	cup	253
06968	cup	244
06968	can (10.75 oz)	305
06969	serving 1/3 cup	39
06970	cup	240
06971	tbsp	17
06971	cup	275
06972	packet	6
06972	cup	273
06974	cup	241
06976	serving 1/2 cup	128
06976	cup	257
06977	cup	236
06978	cup	251
06980	cup	240
06981	tsp	2.6
06981	cube	3.6
06982	package without flavor packet	82
06982	packet	5.6
06983	package without flavor packet	81
06983	packet	6
06984	serving 1 cup 8 oz	227
06985	serving 1/4 cup 2 oz	57
06986	cup condensed	252
06987	serving 1/2 cup	124
06988	cup condensed	248
06989	cup condensed	252
06990	serving 1/2 cup	120
06991	serving 1/2 cup	124
06992	serving 1/2 cup	126
06994	serving 1/2 cup	130
06995	serving 1/2 cup	130
06996	cup	236
06997	cup	236
06998	cup	236
06999	cup	224
06999	cup	226
06999	can 10.5 oz	273
07001	oz	28.35
07001	slice (5-7/8" x 3-1/2" x 1/16")	23
07002	oz	28
07003	slice (4" dia x 1/8" thick)	23
07003	slice (2-3/4" dia x 1/16")	6
07004	slice	23
07004	oz	28.35
07005	slices	25
07006	sausage	91
07007	slice	30
07007	serving	28
07008	oz	28.35
07010	slice, medium (4-1/2" dia x 1/8" thick) (1 oz)	28
07010	slice (4" dia x 1/8" thick)	23
07011	oz 1 serving	28.28
07011	serving	28
07011	package	454
07013	link cooked	85
07014	oz	28.35
07014	slice (2-1/2" dia x 1/4" thick)	18
07015	link	70
07016	links	42.92
07018	serving (1 serving)	56
07019	oz	28.35
07019	link (4" long)	60
07020	slice (1 oz) (4" x 4" x 3/32" thick)	28
07020	slices	28.5
07021	slice	38
07022	frankfurter	50
07022	package	446
07024	oz	28.33
07024	link	45
07025	oz	28.35
07025	frankfurter	45
07026	oz	28.35
07026	slice (4-1/4" x 4-1/4" x 1/16")	21
07027	slice (1 oz) (4" x 4" x 3/32" thick)	28
07027	slice (4-1/4" x 4-1/4" x 1/16")	21
07028	slice	23
07029	grams 1 serving	1
07029	slice	28
07030	oz	28.35
07030	slice (4-1/4" x 4-1/4" x 1/16")	21
07031	tbsp	15
07031	oz	28.35
07032	slice (1 oz) (4" x 4" x 3/32" thick)	28
07032	slices	28.5
07033	tbsp	15
07033	oz	28.35
07034	slice (1 oz) (4" x 4" x 3/32" thick)	28
07034	g	1
07036	link, 4/lb	113
07036	link, 5/lb	91
07038	link	72
07038	oz	28.35
07039	serving 2 slices	57
07039	oz	28.35
07039	oz	28.5
07040	oz	28.35
07040	slice	38
07041	slice (2-1/2" dia x 1/4" thick)	18
07041	oz	28.35
07043	slice oval	9.3
07043	slice rectangle	13.8
07044	serving	45
07044	can	830
07045	oz	28.35
07045	slice (4-1/4" x 4-1/4" x 1/16")	21
07046	slice	28
07046	slice NFS	28
07046	cup wafer slices or shaved	81
07046	cubic inch	14
07046	oz	28.5
07050	oz	28.35
07050	slice (15 per 8 oz package)	15
07051	slice (1 oz) (4" x 4" x 3/32" thick)	28
07051	slices	28.5
07052	slices	28.5
07052	package (8 oz)	227
07053	tbsp	13
07053	oz	28.35
07054	tbsp	13
07054	oz	28.35
07055	tbsp	13
07055	oz	28.35
07056	slices	28.41
07057	oz	28.33
07057	piece	2
07057	oz	28
07058	slice	38
07058	slices	28.5
07059	oz	28.33
07059	sausage (10" long x 1-1/4" dia)	227
07060	slice (1 oz) (4" x 4" x 3/32" thick)	28
07060	slices	28.5
07061	oz	28.35
07061	slice (4-1/4" x 4-1/4" x 1/16")	21
07062	slice (1 oz) (4" x 4" x 3/32" thick)	28
07062	slices	28.5
07063	link	25
07064	patty	27
07064	link	23
07064	serving	48
07065	link (raw dimensions: 4" long x 7/8" dia), cooked	13
07065	patty, cooked (raw dimensions: 3-7/8" dia x 1/4" thick)	27
07066	cup	128
07067	tbsp	13
07067	oz	28.35
07068	slice	26
07068	oz	28.35
07069	slice round	12.3
07070	serving	28
07071	package (4 oz)	113
07071	slice (3-1/8" dia x 1/16" thick)	10
07072	slice	9.8
07072	oz	28
07072	slices 1 serving	9
07073	tbsp	15
07073	oz	28.35
07074	link (4" long x 1-1/8" dia)	68
07074	link, little (2" long x 3/4" dia)	16
07075	oz	28.33
07077	link (4" long x 1-1/8" dia)	68
07077	link,  little (2" long x 3/4" dia)	16
07078	oz 1 serving	28
07081	slice	15
07083	sausage (7/8" dia x 2" long)	16
07083	sausages (drained contents from can, net wt 4 oz)	16.14
07088	slice (4" dia x 1/8" thick)	23
07088	oz	28.35
07089	link, 4/lb	83
07089	link, 5/lb	67
07090	slice (4" dia x 1/8" thick)	23
07090	oz	28.35
07091	slice (4" dia x 1/8" thick)	23
07091	oz	28.35
07201	serving (1 slice)	28
07207	oz	28.33
07207	serving (1 slice)	28
07209	serving (4 slices)	52
07212	serving (1 slice)	28
07230	serving 3 slices	27
07230	slice	9
07236	link	9
07236	serving	57
07241	serving	45
07254	serving	14
07254	slice 12 oz pkg	16
07254	slice 6 oz pkg	9.8
07278	serving	30
07900	oz	28.33
07900	lb 16 oz	453.6
07901	oz	28.35
07901	link	48
07905	frank 1 NLEA serving	57
07906	oz 1 NLEA serving	28
07907	link	28
07908	oz 1 NLEA serving	28
07909	oz (1 serving)	28
07910	serving 2.96 oz	84
07911	cup	220
07912	serving .25 cup	57
07913	oz	28.35
07914	link 3 oz	84
07915	serving 5 pieces	55
07915	pieces	11
07916	serving 2.67 oz	76
07917	oz serving 2.7 oz	6.417
07918	oz	28.35
07919	oz, 2 links	28
07920	serving 2.7 oz	77
07921	oz	28
07922	serving 2.33 oz	66
07923	serving 2.96 oz	84
07924	serving 2.33 oz	66
07925	serving 6 slices	57
07926	oz	28
07927	serving 2 oz	56
07928	link	84
07929	oz	28
07930	serving 2 oz	56
07931	serving 2 oz	56
07932	serving 2 slices	42
07933	serving 2 slices	42
07934	serving 2 oz	56
07935	serving 2 oz	56
07936	serving 2 oz	56
07937	oz	28.35
07938	oz (1 serving)	28.35
07939	link	76
07940	slice	38
07941	serving 5 slices	28
07942	serving 2 oz	56
07943	slice	28
07944	oz (1 serving)	28.4
07945	frankfurter	48
07945	package	451
07949	serving (1 hot dog)	52
07950	serving (1 hot dog)	52
07951	cubic inch	17
07951	oz cooked	25
07951	oz	28
07952	serving	28
07952	slice	28
07953	patty	30
07953	link	21
07953	serving	48
07954	serving	48
07955	serving	57
07956	serving	43
07957	serving	57
07958	serving	57
07959	serving	28
07959	slice	28
07960	serving	28
07960	slice	28
07961	slice	12
07962	frankfurter	51
07963	frankfurter	50
07964	frankfurter	48
07965	oz	28.33
07965	package	343
07966	oz	28.33
07966	package	343
07967	link	23
07967	patty	37
07968	oz	28.33
07968	link	367
07969	link	370
07970	oz	28.33
07970	link	396
07971	slice	33
07972	oz	28.33
07972	pieces	18.67
07973	slice	8.1
07973	raw pr g	15
07974	serving	15
07978	oz	28.33
07979	oz	28.33
07979	serving	56
08001	cup (1 NLEA serving)	62
08002	cup (1 NLEA serving for adults)	30
08002	cup (1 serving for children under 4 years)	29.85
08003	cup (1 NLEA serving)	28
08005	cup (1 NLEA serving)	90.09
08010	cup (1 NLEA serving)	36
08011	cup (1 NLEA serving)	34.67
08012	cup (1 NLEA serving)	36
08013	cup (1 NLEA serving)	28
08014	cup (1 NLEA serving)	41.33
08015	cup (1 NLEA serving)	38.67
08017	cup (1 NLEA serving)	34.67
08018	cup (1 NLEA serving)	36
08019	cup (1 NLEA serving)	31
08020	cup (1 NLEA serving)	28
08023	cup (1 NLEA serving)	65.33
08025	cup (1 NLEA serving)	26.4
08025	cup	28
08028	cup (1 NLEA serving)	38.67
08029	cup (1 NLEA serving)	40
08030	cup (1 NLEA serving)	29
08031	biscuit (1 NLEA serving)	8.286
08032	cup (1 NLEA serving)	40
08034	cup (1 NLEA serving)	36
08035	cup (1 NLEA serving)	41.33
08037	cup	122
08037	oz	28.35
08038	cup (1 NLEA serving)	116
08039	cup (1 NLEA serving)	38.67
08045	cup (1 NLEA serving)	37.33
08046	cup (1 NLEA serving)	21.33
08047	cup (1 NLEA serving)	20.67
08048	cup (1 NLEA serving)	24
08049	cup (1 NLEA serving)	42.67
08049	cup	42
08050	cup (1 NLEA serving)	36
08054	cup (1 NLEA serving)	96
08057	cup (1 NLEA serving)	42.67
08058	cup (1 NLEA serving)	30
08059	cup (1 NLEA serving)	27
08060	cup ( 1 NLEA serving)	59
08061	cup (1 NLEA serving)	59
08064	cup (1 NLEA serving)	27
08065	cup (1 NLEA serving)	26.4
08065	cup	29
08066	cup (1 NLEA serving)	18.67
08067	cup (1 NLEA serving)	31
08068	cup (1 NLEA serving)	30
08069	cup ( 1 NLEA serving)	40
08069	cup	42
08071	cup (1 NLEA serving)	36
08073	cup (1 NLEA serving)	36
08074	cup (1 NLEA serving)	28
08077	cup (1 NLEA serving)	40
08078	cup (1 NLEA serving)	32
08081	cup (1 NLEA serving)	59
08082	cup (1 NLEA serving)	62.67
08083	cup (1 NLEA serving)	31
08084	oz	28.35
08084	cup	113
08085	tbsp (1 NLEA serving)	7
08087	cup (1 NLEA serving)	29
08089	cup (1 NLEA serving)	36
08090	tbsp	9.7
08090	cup	156
08091	cup	257
08091	tbsp	16
08092	packet	29
08092	tbsp	7
08093	cup	219
08094	packet (1 NLEA serving)	28
08096	packet (1 NLEA serving)	28
08100	cup (1 NLEA serving)	180
08101	cup	244
08101	tbsp	15
08101	cup	244
08102	tbsp	10.6
08102	tbsp (1 NLEA serving)	11
08102	cup	173
08103	cup (1 serving)	251
08103	tbsp	16
08104	tbsp	11
08104	cup	176
08105	cup	240
08105	tbsp	14.9
08105	cup	238.7
08106	tbsp	11.5
08106	cup	178
08107	cup	241
08107	tbsp	15
08107	cup	241.3
08113	cup	240
08113	tbsp	15
08116	tbsp (1 NLEA serving)	11.67
08120	cup	81
08120	cup	81.08
08121	cup	234
08121	tbsp	14.6
08121	cup	233.3
08122	packet	28
08123	cup, cooked	234
08123	cup, dry, yields	501
08123	oz, dry, yields	177
08123	packet, dry, yields	177
08124	packet (1 NLEA serving)	43
08128	packet	45
08129	cup	240
08129	tbsp	15
08129	packet, prepared	161
08130	packet	43
08132	packet	44
08133	cup	240
08133	tbsp	15
08133	packet, prepared	158
08138	cup	30
08142	cup (1 NLEA serving)	121.2
08142	cup	141
08142	cup	140
08143	cup	243
08143	cup	242.7
08144	cup	94
08144	cup	93.09
08145	cup	242
08145	cup	242.7
08146	cup (1 NLEA serving)	15
08147	biscuits (1 NLEA serving)	23.5
08148	cup (1 NLEA serving)	49
08156	cup	14
08156	oz	28.4
08157	cup	12
08157	oz	28.4
08159	cup	170
08160	tbsp	9.7
08160	cup	156
08161	cup	257
08161	tablespoon	16
08164	cup	233
08165	cup	233
08168	cup	244
08168	cup	244
08169	cup (1 serving)	251
08172	tbsp	10.9
08172	cup	176
08173	cup	233
08177	tbsp (1 NLEA serving)	11.67
08180	cup	234
08180	cup	233.3
08182	cup	243
08182	cup	242.7
08183	cup	242
08183	cup	242.7
08189	cup (1 NLEA serving)	98
08191	cup (1 NLEA serving)	52
08192	cup (1 NLEA serving)	44
08194	cup (1 NLEA serving)	38.67
08200	cup (1 NLEA serving)	80
08202	cup (1 NLEA serving)	60
08204	cup	30
08206	cup (1 NLEA serving)	40
08210	cup (1 NLEA serving)	42.67
08211	cup (1 NLEA serving)	36
08214	cup (1 NLEA serving)	56
08215	cup (1 NLEA serving)	56
08216	cup (1 NLEA serving)	45.6
08218	cup (1 NLEA serving)	102
08220	cup (1 NLEA serving)	82.58
08221	packet (1 NLEA serving)	28
08225	packet	35
08228	packet	37
08231	cup (1 NLEA serving)	80
08239	cup (1 NLEA serving)	36
08243	cup (1 NLEA serving)	57
08244	cup (1 NLEA serving)	60
08245	cup (1 NLEA serving)	62
08247	cup (1 NLEA serving)	53
08259	cup (1 NLEA serving)	29
08261	cup (1 NLEA serving)	65.33
08262	cup (1 NLEA serving)	55
08263	cup (1 NLEA serving)	40
08267	cup (1 NLEA serving)	36
08268	cup (1 NLEA serving)	33
08270	cup (1 NLEA serving)	36
08271	cup (1 NLEA serving)	36
08272	cup (1 NLEA serving)	41.33
08273	cup (1 NLEA serving)	33
08274	cup (1 NLEA serving)	26.4
08277	cup (1 NLEA serving)	82.46
08284	cup (1 NLEA serving)	89.96
08286	cup (1 NLEA serving)	82.09
08288	cup (1 NLEA serving)	40
08290	cup (1 NLEA serving)	41.33
08305	cup (1 NLEA serving)	30
08309	cup (1 NLEA serving)	40
08314	cup	148
08316	cup (1 NLEA serving)	164
08318	cup (1 NLEA serving)	50
08319	biscuits (1 NLEA serving)	2.571
08346	cup (1 NLEA serving)	40
08347	cup (1 NLEA serving)	40
08348	cup (1 NLEA serving)	26.4
08349	cup (1 NLEA serving)	32
08351	cup (1 NLEA serving)	33
08352	cup (1 NLEA serving)	42.67
08353	cup (1 NLEA serving)	60
08354	cup (1 NLEA serving)	37.33
08355	cup (1 NLEA serving)	33
08363	cup (1 NLEA serving)	64
08365	biscuits (1 NLEA serving)	21
08366	tbsp (1 NLEA serving)	7
08370	bowl (3/4 cup) (1 NLEA serving)	21
08376	cup (1 NLEA serving)	29
08380	cup (1 NLEA serving)	53
08383	cup (1 NLEA serving)	31
08384	biscuits (1 NLEA serving)	1.833
08386	Cup (1 NLEA serving)	70.67
08387	cup (1 NLEA serving)	44
08388	cup (1 NLEA serving)	19
08389	cup (1 NLEA serving)	30
08390	cup (1 NLEA serving)	53
08393	cup (1 NLEA serving)	52
08402	cup	80
08409	cup (1 NLEA serving)	41.33
08410	packet (1 NLEA serving)	43
08411	packet (1 NLEA serving)	50
08417	packet (1 NLEA serving)	41
08435	cup (1 NLEA serving)	73.33
08436	packet (1 NLEA serving)	43
08444	packet (1 NLEA serving)	28
08449	packet (1 NLEA serving)	28
08450	packet (1 NLEA serving)	28
08451	cup	80
08452	cup	80
08453	Cup (1 NLEA serving)	38.67
08459	biscuits (1 NLEA serving)	2.2
08462	biscuits (1 NLEA serving)	1.862
08463	cup (1 NLEA serving)	55
08469	cup (1 NLEA serving)	40
08471	cup (1 NLEA serving)	42.67
08476	cup	21.76
08478	cup (1 NLEA serving)	36
08478	cup	37
08481	cup (1 NLEA serving)	40
08484	cup (1 NLEA serving)	59
08487	cup (1 NLEA serving)	40
08488	tbsp (1 NLEA serving)	11.67
08489	cup (1 NLEA serving)	180
08491	cup (1 NLEA serving)	30
08493	cup (1 NLEA serving)	33
08494	cup (1 NLEA serving)	40
08495	cup (1 NLEA serving)	38.67
08500	cup (1 NLEA serving)	55
08501	cup	36
08504	serving (NLEA serving size = 0.75 cup)	29
08504	cup	42
08505	cup (NLEA serving)	30
08506	cup (1 NLEA serving)	28
08507	cup (1 NLEA serving)	29
08508	cup	29
08508	serving (NLEA serving = 1 cup)	29
08509	cup (1 NLEA serving)	28
08510	bar	25
08511	serving (3 T dry cereal plus 1 cup water)	268
08512	serving (3 T dry cereal plus 1 cup water)	268
08513	cup (1 NLEA serving)	37.33
08531	cup (1 NLEA serving)	42.67
08537	cup (1 NLEA serving)	50
08538	cup (1 NLEA serving)	55
08539	biscuits (1 NLEA serving)	1.964
08542	biscuits (1 NLEA serving)	2.2
08543	cup (1 NLEA serving)	40
08544	cup (1 NLEA serving)	64
08546	bar	22
08549	cup (1 NLEA serving)	42.67
08550	cup (1 NLEA serving)	34.67
08553	cup (1 NLEA serving)	40
08554	cup (1 NLEA serving)	69.33
08560	Cup (1 NLEA serving)	79.1
08561	packet (1 NLEA serving)	40
08562	packet (1 NLEA serving)	40
08567	cup (1 NLEA serving)	116
08568	packet (1 NLEA serving)	43
08569	packet (1 NLEA serving)	43
08571	cup (1 NLEA serving)	73.33
08573	tablespoon (1 NLEA serving)	11
08573	tbsp	13.8
08573	cup	174
08574	cup	244
08575	cup	231
08576	tablespoon (1 serving)	11
08576	tbsp	13.7
08576	cup	194
08577	cup	245
08578	cup	237
08579	bowl (3/4 cup) (1 NLEA serving)	28
08580	tbsp	8.9
08580	cup	128
08582	cup (1 NLEA serving)	36
08583	cup (1 NLEA serving)	36
08584	cup (1 NLEA serving)	41.33
08586	cup	28
08587	cup (1 NLEA serving)	104
08588	cup (1 NLEA serving)	30
08589	cup (1 NLEA serving)	68
08590	cup (1 NLEA serving)	44
08591	biscuits (1 NLEA serving)	2.037
08592	cup (1 NLEA serving)	37.33
08593	cup (1 NLEA serving)	36
08594	cup (1 NLEA serving)	42.67
08595	cup (1 NLEA serving)	40
08596	cup (1 NLEA serving)	50
08598	cup (1 NLEA serving)	52
08599	cup (1 NLEA serving)	55
08602	cup (1 NLEA serving)	40
08603	cup (1 NLEA serving)	40
08608	cup (1 NLEA serving)	40
08610	cup (1 NLEA serving)	40
08613	cup (1 NLEA serving)	43.54
08615	cup (1 NLEA serving)	41.33
08617	biscuits (1 NLEA serving)	2.2
08625	cup (1 NLEA serving)	34.67
08627	cup (1 NLEA serving)	98
08628	cup (1 NLEA serving)	42.67
08629	cup (1 NLEA serving)	32
08631	cup (1 NLEA serving)	56
08632	cup (1 NLEA serving)	56
08633	cup (1 NLEA serving)	56
08634	cup (1 NLEA serving)	41.33
08635	cup (1 NLEA serving)	30
08637	cup (1 NLEA serving)	36
08639	packet (1 NLEA serving)	34
08640	packet	41
08641	packet	33
08642	packet (1 NLEA serving)	31
08643	cup (1 NLEA serving)	26.4
08647	cup (1 NLEA serving)	36
08648	cup (1 NLEA serving)	36
08649	cup (1 NLEA serving)	68
08651	cup (1 NLEA serving)	40
08652	cup (1 NLEA serving)	41.33
08653	cup (1 NLEA serving)	30
08655	cup (1 NLEA serving)	38.67
08656	cup (1 NLEA serving)	40
08657	cup (1 NLEA serving)	36
08658	cup (1 NLEA serving)	40
08659	cup (1 NLEA serving)	40
08660	cup (1 NLEA serving)	28
08661	cup (1 NLEA serving)	28
08662	cup (1 NLEA serving)	41.33
08663	biscuits (1 NLEA serving)	1.897
08665	cup (1 NLEA serving)	40
08666	cup (1 NLEA serving)	32
08668	cup (1 NLEA serving)	55
08669	cup (1 NLEA serving)	40
08670	cup (1 NLEA serving)	40
08671	cup (1 NLEA serving)	36
08672	cup (1 NLEA serving)	40
08673	cup (1 NLEA serving)	55
08674	cup (1 NLEA serving)	40
08675	cup (1 NLEA serving)	40
08676	cup (1 NLEA serving)	30
08677	biscuits (1 NLEA serving)	2.292
08678	cup (1 NLEA serving)	41.33
08679	cup (1 NLEA serving)	40
08680	packet	43
08681	cup (1 NLEA serving)	36
08682	cup (1 NLEA serving)	37.33
08683	cup (1 NLEA serving)	53
08684	cup (1 NLEA serving)	30
08685	cup (1 NLEA serving)	37.33
08686	packet (1 NLEA serving)	45
08687	packet (1 NLEA serving)	45
08688	packet (1 NLEA serving)	45
08689	package (1 NLEA serving)	70
08690	package (1 NLEA serving)	75
08691	package (1 NLEA serving)	70
08692	package (1 NLEA serving)	75
08693	package (1 NLEA serving)	73
08694	packet (1 NLEA serving)	45
08695	Cup (1 NLEA serving)	56
08696	cup (1 NLEA serving)	46.4
08697	Cup (1 NLEA serving)	66.67
08699	Cup (1 NLEA serving)	41.33
08700	Cup (1 NLEA serving)	53
08701	Cup (1 NLEA serving)	31
08702	Container (1 NLEA serving)	52
08703	Container (1 NLEA serving)	52
08704	Container (1 NLEA serving)	52
08705	Cup (1 NLEA serving)	51
08706	Cup (1 NLEA serving)	32
08707	Cup (1 NLEA serving)	41.79
08708	Biscuits (1 NLEA serving)	2.292
08709	cup (1 NLEA serving)	55
08710	Cup (1 NLEA serving)	49
08711	Cup (1 NLEA serving)	41.33
08712	Cups (1 NLEA serving)	47.2
09001	cup	98
09001	fruit without refuse	4.8
09002	cup	242
09002	fl oz	30.2
09003	cup, quartered or chopped	125
09003	cup slices	109
09003	large (3-1/4" dia)	223
09003	medium (3" dia)	182
09003	small (2-3/4" dia)	149
09003	extra small (2-1/2" dia)	101
09003	NLEA serving	242
09004	cup slices	110
09004	large (3-1/4" dia)	216
09004	medium (3" dia)	161
09004	small (2-3/4" dia)	132
09005	cup slices	171
09006	cup slices	170
09007	cup slices	204
09008	cup slices	204
09009	cup	60
09010	cup	193
09011	cup	86
09011	ring	6.4
09012	cup	255
09013	cup	280
09014	cup slices	173
09015	cup slices	206
09016	cup	248
09016	fl oz	31
09016	drink box (8.45 fl oz)	262
09017	can (6 fl oz)	211
09018	cup	239
09018	fl oz	29.9
09019	cup	244
09020	cup	246
09021	cup, halves	155
09021	cup, sliced	165
09021	apricot	35
09022	cup, halves	243
09022	apricot half with liquid	36
09023	cup, whole, without pits	227
09024	cup, halves	244
09024	apricot half with liquid	36
09025	cup, halves	247
09026	cup, halves	253
09026	apricot half with liquid	40
09027	cup, halves	258
09027	cup, whole	240
09027	apricot half with liquid	40
09028	cup, whole, without pits	258
09029	cup, whole, without pits	246
09030	cup	119
09031	cup	249
09032	cup, halves	130
09032	half	3.5
09033	cup, halves	250
09034	cup, halves	270
09035	cup	242
09036	cup	251
09036	fl oz	31.4
09037	cup, cubes	150
09037	cup, pureed	230
09037	cup, sliced	146
09037	avocado, NS as to Florida or California	201
09038	cup, pureed	230
09038	fruit, without skin and seed	136
09038	NLEA serving	30
09039	cup, pureed	230
09039	fruit without skin and seeds	304
09040	cup, mashed	225
09040	cup, sliced	150
09040	extra small (less than 6" long)	81
09040	small (6" to 6-7/8" long)	101
09040	medium (7" to 7-7/8" long)	118
09040	large (8" to 8-7/8" long)	136
09040	extra large (9" or longer)	152
09040	NLEA serving	126
09041	cup	100
09041	tbsp	6.2
09042	cup	144
09043	cup	250
09044	cup	160
09046	cup	256
09048	cup, unthawed	151
09048	package (18 oz)	510
09050	cup	148
09050	berries	1.36
09052	cup	256
09053	cup, frozen	140
09054	cup, unthawed	155
09054	package (20 oz)	567
09055	cup, thawed	230
09055	package (10 oz)	284
09056	cup	256
09057	cup, unthawed	132
09057	package (10 oz)	284
09059	cup	220
09059	fruit, small	384
09060	cup, cubes	132
09060	cup, sliced	108
09060	large (4-1/2" long)	124
09060	medium (3-5/8" long)	91
09060	small (3-1/8" long)	70
09061	cup slices	150
09061	fruit without skin and seeds	20
09062	cup, pieces	160
09062	fruit without skin and seeds	235
09063	cup, without pits	155
09063	cup, with pits, yields	103
09064	cup	244
09065	cup	252
09066	cup	256
09067	cup	261
09068	cup, unthawed	155
09068	package (18 oz)	510
09070	cup, with pits, yields	138
09070	cup, without pits	154
09070	cherry	8.2
09070	NLEA serving	140
09071	cup, pitted	248
09072	cup, pitted	250
09073	cup, pitted	252
09074	cup	253
09075	cup, pitted	261
09076	cup, thawed	259
09076	package (10 oz)	284
09077	cup slices	110
09078	cup, chopped	110
09078	cup, whole	100
09079	cup	160
09081	cup	277
09081	slice (1/2" thick, approx 8 slices per can)	57
09082	cup	275
09083	cup	112
09084	cup	112
09085	cup	144
09087	cup, chopped	147
09087	date, pitted	7.1
09088	cup	145
09089	large (2-1/2" dia)	64
09089	medium (2-1/4" dia)	50
09089	small (1-1/2" dia)	40
09090	cup	248
09090	fig with liquid	27
09091	cup	252
09091	fig with liquid	28
09092	cup	259
09092	fig with liquid	28
09093	cup	261
09094	cup	149
09094	fig	8.4
09095	cup	259
09096	cup	237
09097	cup	237
09098	cup	246
09099	cup	242
09100	cup	248
09101	cup	260
09101	cup	260
09102	cup	245
09103	cup	249
09104	cup	252
09105	cup	255
09106	cup	259
09107	cup	150
09109	cup	252
09110	tbsp	5.6
09111	cup sections, with juice	230
09111	large (approx 4-1/2" dia)	332
09111	medium (approx 4" dia)	256
09111	small (approx 3-1/2" dia)	200
09112	cup sections, with juice	230
09112	fruit (3-3/4" dia)	246
09112	NLEA serving	154
09113	cup sections, with juice	230
09113	fruit (3-3/4" dia)	246
09114	cup sections, with juice	230
09114	fruit (3-3/4" dia)	246
09116	cup sections, with juice	230
09116	fruit (3-3/4" dia)	236
09117	cup sections, with juice	230
09117	fruit (3-3/4" dia)	236
09118	cup sections, with juice	230
09118	fruit (3-3/4" dia)	236
09119	cup	244
09120	cup	249
09121	cup	254
09123	cup	247
09123	fl oz	30.9
09124	cup	250
09124	fl oz	31.2
09125	can (6 fl oz)	207
09126	cup	247
09126	fl oz	30.9
09127	fl oz	30
09128	cup	247
09128	fl oz	30.9
09128	fruit yields	196
09129	grape	6
09130	cup	253
09130	fl oz	31.6
09131	cup	92
09131	grape	2.4
09132	cup	151
09132	grapes	4.9
09132	NLEA serving	126
09133	cup	245
09134	cup	256
09135	cup	253
09135	fl oz	31.6
09138	cup	140
09139	cup	165
09139	fruit, without refuse	55
09140	cup	244
09140	fruit without refuse	6
09143	cup	238
09144	cup, sliced	165
09144	cup 1" pieces	151
09145	cup	135
09145	fruit	3
09148	cup, sliced	180
09148	fruit (2" dia)	69
09148	NLEA serving	148
09149	fruit without refuse	19
09150	cup, sections	212
09150	fruit (2-1/8" dia)	58
09150	fruit (2-3/8" dia)	84
09150	wedge or slice (1/8 of one 2-1/8" dia lemon)	7
09150	NLEA serving	58
09152	cup	244
09152	fl oz	30.5
09152	lemon yields	48
09152	wedge yields	5.9
09153	tbsp	15
09153	tsp	5
09153	fl oz	30.5
09153	cup	244
09154	cup	244
09154	fl oz	30.5
09156	tbsp	6
09156	tsp	2
09159	fruit (2" dia)	67
09159	NLEA serving	67
09160	cup	242
09160	fl oz	30.8
09160	lime yields	44
09161	cup	246
09161	fl oz	30.8
09163	cup	160
09164	cup	190
09164	fruit without refuse	9.6
09165	fruit	2.5
09167	cup, unthawed	147
09172	fruit without refuse	3.2
09173	fruit	1.7
09174	cup, cubed	149
09174	large	20
09174	medium	16
09174	small	13.6
09175	fruit without refuse	846
09176	cup pieces	165
09176	fruit without refuse	336
09177	cup, drained	196
09177	cup	216
09181	cup, balls	177
09181	cup, cubes	160
09181	cup, diced	156
09181	melon, large (about 6-1/2" dia)	814
09181	wedge, large (1/8 of large melon)	102
09181	melon, medium (about 5" dia)	552
09181	wedge, medium (1/8 of medium melon)	69
09181	melon, small (about 4-1/4" dia)	441
09181	wedge, small (1/8 of small melon)	55
09181	cantaloupe balls	13.8
09181	NLEA serving	134
09183	cup, cubes	170
09183	melon	1640
09183	fruit	1640
09184	cup, diced (approx 20 pieces per cup)	170
09184	cup, balls	177
09184	melon (5-1/4" dia)	1000
09184	melon (6" - 7" dia)	1280
09184	wedge (1/8 of 5-1/4" dia melon)	125
09184	wedge (1/8 of 6" to 7" dia melon)	160
09184	honeydew balls	13.8
09184	NLEA serving	134
09185	cup, unthawed	173
09190	cup	140
09190	fruit	1.5
09191	cup slices	143
09191	small (2-1/3" dia)	129
09191	medium (2-1/2" dia)	142
09191	large (2-3/4" dia)	156
09191	NLEA serving	140
09192	cup	140
09192	fruit	1.1
09193	tbsp	8.4
09193	large	4.4
09193	small	3.2
09194	super colossal	15
09194	jumbo	8.3
09195	olive	2.7
09200	cup, sections	180
09200	large (3-1/16" dia)	184
09200	small (2-3/8" dia)	96
09200	fruit (2-5/8" dia)	131
09201	cup sections, without membranes	180
09201	fruit (2-5/8" dia)	121
09202	cup sections, without membranes	165
09202	fruit (2-7/8" dia)	140
09202	NLEA serving	154
09203	cup sections, without membranes	185
09203	fruit (2-5/8" dia)	141
09203	fruit (2-11/16" dia)	151
09205	cup	170
09205	fruit without seeds	159
09206	cup	248
09206	fl oz	31
09206	fruit yields	86
09207	cup	249
09207	fl oz	31.1
09207	drink box (8.45 fl oz)	263
09209	cup	249
09209	fl oz	31.1
09210	cup	249
09210	fl oz	31.1
09211	cup	249
09211	fl oz	31.1
09212	cup	249
09212	fl oz	31.1
09213	cup	262
09213	fl oz	33
09214	cup	262
09214	fl oz	33
09215	cup	249
09215	fl oz	31.1
09216	tbsp	6
09216	tsp	2
09217	cup	247
09217	fl oz	30.9
09218	cup, sections	195
09218	small (2-1/4" dia)	76
09218	medium (2-1/2" dia)	88
09218	large (2-3/4" dia)	120
09218	NLEA serving	109
09219	cup	249
09220	cup	252
09221	cup	247
09221	fl oz	30.9
09223	cup	249
09223	fl oz	31.1
09226	cup 1" pieces	145
09226	cup, mashed	230
09226	fruit, small	157
09226	fruit, large	781
09228	piece	39
09229	cup	250
09229	fl oz	31.2
09231	cup	236
09231	fruit without refuse	18
09232	cup	247
09232	fl oz	30.9
09233	cup	247
09233	fl oz	30.9
09236	cup slices	154
09236	small (2-1/2" dia)	130
09236	medium (2-2/3" dia)	150
09236	large (2-3/4" dia)	175
09236	extra large (3" dia)	224
09236	NLEA serving	147
09237	cup, halves or slices	244
09237	half, with liquid	98
09238	cup	250
09238	cup, halves or slices	248
09238	half, with liquid	98
09239	cup, halves or slices	247
09240	cup, halves or slices	251
09240	half, with liquid	98
09241	cup	262
09241	half, with liquid	98
09242	cup, halves or slices	262
09243	cup, whole	242
09244	cup	116
09245	cup	242
09246	cup, halves	160
09246	half	13
09247	cup	258
09248	cup	270
09250	cup, thawed	250
09250	slices	15.5
09250	package (10 oz)	284
09251	cup	249
09251	fl oz	31.1
09252	cup, slices	140
09252	cup, cubes	161
09252	small	148
09252	medium	178
09252	large	230
09252	NLEA serving	166
09253	cup, halves	244
09253	half, with liquid	76
09254	cup, halves	248
09254	half, with liquid	76
09255	cup, halves	247
09255	half, with liquid	76
09256	cup, halves	251
09256	half, with liquid	76
09257	cup	266
09257	half, with liquid	76
09258	cup, halves	266
09258	half, with liquid	79
09259	cup, halves	180
09259	half	18
09259	halves	17.5
09260	cup, halves	255
09261	cup, halves	280
09262	cup	250
09262	fl oz	31.2
09263	fruit (2-1/2" dia)	168
09264	fruit without refuse	34
09265	fruit without refuse	25
09266	cup, chunks	165
09266	fruit	905
09266	slice (4-2/3" dia x 3/4" thick)	166
09266	slice (3-1/2" dia x 3/4" thick)	84
09266	slice, thin (3-1/2" dia x 1/2" thick)	56
09267	cup, crushed, sliced, or chunks	246
09267	slice or ring (3" dia) with liquid	47
09268	cup, crushed, sliced, or chunks	249
09268	slice or ring (3" dia) with liquid	47
09269	cup, crushed, sliced, or chunks	252
09269	slice or ring (3" dia) with liquid	48
09270	cup, crushed, sliced, or chunks	254
09270	slice or ring (3" dia) with liquid	49
09271	cup, crushed, sliced, or chunks	260
09272	cup, chunks	245
09273	cup	250
09273	fl oz	31.3
09274	can (6 fl oz)	216
09275	cup	250
09275	fl oz	31.2
09276	cup	173
09276	fruit without refuse	7
09277	cup, sliced	148
09277	medium	179
09278	cup, mashed	200
09278	cup slices	154
09279	cup, sliced	165
09279	fruit (2-1/8" dia)	66
09279	NLEA serving	151
09281	cup, pitted	249
09281	plum with liquid	46
09282	cup, pitted	252
09282	plum with liquid	46
09283	cup, pitted	252
09283	plum with liquid	46
09284	cup, pitted	258
09284	plum with liquid	46
09285	cup, pitted	261
09286	cup arils (seed/juice sacs)	174
09286	pomegranate (4" dia)	282
09287	cup	149
09287	fruit without refuse	103
09288	cup	234
09288	prunes with liquid	17.2
09289	cup	132
09290	cup	280
09291	cup, pitted	174
09291	prune, pitted	9.5
09292	cup, pitted	248
09293	cup, pitted	248
09294	cup	256
09294	fl oz	32
09295	cup, sections	190
09295	fruit without refuse	609
09296	fruit without refuse	92
09297	cup, packed	165
09297	cup (not packed)	145
09298	cup, packed	165
09298	cup (not packed)	145
09298	miniature box (.5 oz)	14
09298	small box (1.5 oz)	43
09298	raisins	0.52
09298	oz (60 raisins)	28.35
09299	cup, packed	165
09299	cup (not packed)	145
09301	cup, drained	150
09301	cup	214
09301	fruit	9
09302	cup	123
09302	pint as purchased, yields	312
09302	raspberries	1.9
09304	cup	256
09306	cup, thawed	250
09306	package (10 oz)	284
09307	cup, diced	122
09307	stalk	51
09309	cup, diced	137
09310	cup	240
09311	cup, without refuse	57
09313	cup, pulp	241
09313	sapodilla	170
09314	cup 1" pieces	175
09314	fruit without refuse	558
09315	cup, pulp	225
09315	fruit (7" x 5-1/4" dia)	625
09316	cup, halves	152
09316	cup, pureed	232
09316	cup, sliced	166
09316	cup, whole	144
09316	extra large (1-5/8" dia)	27
09316	large (1-3/8" dia)	18
09316	medium (1-1/4" dia)	12
09316	pint as purchased, yields	357
09316	small (1" dia)	7
09316	NLEA serving	147
09317	cup	254
09318	cup, thawed	221
09318	cup, unthawed	149
09318	berry	10.6
09318	package (20 oz)	567
09319	cup, thawed	255
09319	package (10 oz)	284
09320	cup, thawed	255
09320	package (10 oz)	284
09321	cup, pulp	250
09321	fruit (2-7/8" dia)	155
09322	cup, pulp	120
09322	fruit (3" x 1")	2
09325	cup	257
09326	cup, balls	154
09326	cup, diced	152
09326	melon (15" long x 7-1/2" dia)	4518
09326	wedge (approx 1/16 of melon)	286
09326	watermelon balls	12.2
09326	NLEA serving	280
09328	cherry (NLEA serving)	5
09334	cup, pureed	243
09334	fruit without peel	42
09334	cup 1/2" chunks	205
09340	fruit 2-1/4" high x 2-1/2" dia	122
09340	fruit 3-3/8" high x 3" diameter	275
09351	cup	214
09352	cup	244
09353	cup	319
09354	cup, chunks	181
09354	cup, crushed	195
09354	cup, sliced	162
09354	spear	26
09357	cup, halves	219
09357	cup, whole	182
09362	cup	168
09367	cup	179
09370	cup	222
09370	half	73
09370	slice	12.7
09374	cup	201
09374	half	48
09379	cup, with pits, yields	183
09383	cup	189
09400	cup	248
09400	fl oz	31
09401	cup	244
09402	cup	255
09403	cup	251
09403	fl oz	31.4
09404	cup	247
09404	fruit yields	196
09407	cup	249
09407	fl oz	31.1
09408	cup	250
09408	fl oz	31.2
09409	cup	250
09409	fl oz	31.3
09410	can (6 fl oz)	211
09411	cup	239
09411	fl oz	29.9
09412	cup, sliced	140
09412	small	152
09412	medium	177
09412	large	227
09413	small	126
09413	medium	157
09413	large	223
09413	cup, sliced	140
09414	cup, sliced	140
09414	small	159
09414	medium	179
09414	large	219
09415	cup, sliced	140
09415	small	172
09415	medium	202
09415	large	242
09416	cup	247
09420	cup, drained	178
09421	date, pitted	24
09422	cup, chopped or diced	243
09422	fruit	602
09423	tbsp	18
09427	cup	228
09428	cup	228
09429	cup, chunks	165
09429	slice (4-2/3" dia x 3/4" thick)	175
09429	fruit	1002
09429	NLEA serving	112
09430	cup, chunks	165
09430	slice (4-2/3" dia x 3/4" thick)	166
09430	fruit	905
09430	NLEA serving	112
09433	fruit	74
09434	cup	251
09435	cup	251
09436	cup	251
09437	cup	251
09442	cup	249
09442	fl oz	31.4
09443	fl oz	31.25
09444	fl oz	31.25
09446	cup	118
09446	slices (1/4" thick)	5.3
09447	cup	169
09448	fruit without pits	3.7
09449	cup without pits, thawed	112
09449	fruit without pits, thawed	3.267
09450	cup thawed	120
09451	cup	233
09451	fruit (4-2/3" long x 2-3/4" dia)	209
09452	fl oz	30.75
09500	cup, sliced	109
09500	large	260
09500	medium	212
09500	small	158
09501	cup, sliced	109
09501	large	215
09501	medium	169
09501	small	129
09502	cup, sliced	109
09502	large	206
09502	medium	167
09502	small	144
09503	cup, sliced	109
09503	large	200
09503	medium	172
09503	small	157
09504	cup, sliced	109
09504	large	236
09504	medium	192
09504	small	158
09506	cup	249
09506	fl oz	31.1
09507	fl oz	30
09508	cup	275
09510	cup	250
09510	fl oz	31.3
09511	fl oz	30
09512	cup	253
09512	fl oz	31.6
09513	cup	227
09514	cup	252
09515	cup	230
09516	cup	233
09517	fl oz	29.5
09517	fl oz	29.5
09518	cup, unthawed	140
09519	fl oz	29.65
09520	fruit	81
09522	fl oz	29.63
09522	fl oz	30
09523	tbsp	15
09523	tsp	5.2
09524	tbsp	15
09524	tsp	5
09525	cup	280
09526	cup	280
09528	fl oz	31
09530	cup	233
09531	cup	228
10000	oz	28.33
10001	oz	28.35
10001	lb	453.6
10002	oz	28.35
10002	lb	453.6
10003	oz	28.35
10003	lb	453.6
10004	oz	28.35
10004	lb	453.6
10005	oz	28.35
10005	lb	453.6
10006	oz	28.35
10006	oz	28.25
10007	oz	28.35
10007	oz	28.25
10008	oz	28.35
10008	lb	453.6
10009	cup, diced	135
10009	oz	28.33
10010	oz	28.35
10010	lb	453.6
10011	cup, diced	135
10011	oz	28.33
10012	oz	28.35
10012	lb	453.6
10013	cup, diced	135
10013	oz	28.33
10014	oz	28.33
10014	lb	453.6
10014	roast	3952
10015	oz	28.33
10015	roast	3027
10016	oz	28.33
10016	lb	453.6
10016	roast	3868
10017	oz	28.33
10017	roast	2900
10018	oz	28.33
10018	lb	453.6
10018	roast	3868
10019	oz	28.33
10019	roast	2900
10020	oz	28.33
10020	chop, excluding refuse (yield from 1 raw chop, with refuse, weighing 151 g)	117
10021	oz	28.33
10021	chop, excluding refuse (yield from 1 raw chop, with refuse, weighing 151 g)	89
10022	oz	28.33
10022	chop, excluding refuse (yield from 1 raw chop, with refuse, weighing 151 g)	87
10023	oz	28.33
10023	chop, excluding refuse (yield from 1 raw chop, with refuse, weighing 151 g)	89
10024	oz	28.33
10024	chop, excluding refuse (yield from 1 raw chop, with refuse, weighing 151 g)	106
10025	oz	28.33
10025	chop, excluding refuse (yield from 1 raw chop, with refuse, weighing 151 g)	80
10026	oz	28.33
10026	chop, excluding refuse (yield from 1 raw chop, with refuse, weighing 151 g)	79
10027	oz	28.33
10027	chop, excluding refuse (yield from 1 raw chop, with refuse, weighing 151 g)	81
10028	oz	28.33
10028	chop	263
10029	oz	28.33
10029	chop	206
10030	oz	28.33
10030	chop	219
10031	oz	28.33
10031	roast	830
10032	oz	28.33
10032	chop	263
10033	oz	28.33
10033	chop	206
10034	oz	28.33
10034	chop	219
10035	oz	28.33
10035	roast	830
10036	oz	28.33
10036	chop without refuse (Yield from 1 raw chop, with refuse, weighing 259g)	199
10037	oz	28.33
10037	chop	187
10038	oz	28.33
10038	chop without refuse (Yield from 1 cooked chop, with refuse, weighing 209g)	157
10039	oz	28.33
10039	roast	900
10040	oz	28.33
10040	chop without refuse (Yield from 1 raw chop, with refuse, weighing 259g)	178
10041	oz	28.33
10041	chop	187
10042	chop without refuse (Yield from 1 cooked chop, with refuse, weighing 209g)	146
10042	oz	28.33
10043	oz	28.33
10043	roast	900
10044	chop without refuse (Yield from 1 raw chop, with refuse, weighing 201g)	133
10044	lb	453.6
10045	oz	28.33
10045	chop	187
10046	chop without refuse (Yield from 1 cooked chop, with refuse, weighing 172g)	112
10046	oz	28.33
10047	oz	28.33
10047	roast	783
10048	oz	28.33
10048	chop, excluding refuse (yield from 1 raw chop, with refuse, weighing 151 g)	86
10049	oz	28.33
10049	chop	187
10050	oz	28.33
10050	chop, excluding refuse (yield from 1 raw chop, with refuse, weighing 151 g)	67
10051	oz	28.33
10051	roast	783
10052	oz	28.33
10052	lb	453.6
10052	roast without refuse (Yield from 1 raw roast, with refuse, weighing 1817g)	1327
10053	oz	28.33
10053	chop	180
10054	oz	28.33
10054	chop	195
10055	oz	28.33
10055	roast without refuse (Yield from 1 cooked roast, with refuse, weighing 1515g)	1046
10056	oz	28.33
10056	lb	453.6
10056	roast without refuse (Yield from 1 raw roast, with refuse, weighing 1818g)	1217
10057	oz	28.33
10057	chop	180
10058	oz	28.33
10058	chop	195
10059	oz (Yield from 1 cooked roast, with refuse, weighing 1515g)	28.33
10059	roast without refuse	985
10060	oz	28.33
10060	lb	453.6
10060	roast	505
10061	oz	28.33
10061	piece, cooked, excluding refuse (yield from 1 lb raw meat with refuse)	333
10061	roast	402
10062	oz	28.33
10062	chop	185
10063	chop	135
10064	chop	145
10064	oz	28.33
10065	oz	28.33
10065	roast	848
10066	oz	28.33
10066	chop	185
10066	lb	453.6
10067	chop	135
10068	chop	145
10069	oz	28.33
10070	oz	28.35
10070	lb	453.6
10071	cup, diced	135
10071	oz	28.33
10072	oz	28.35
10072	lb	453.6
10073	cup, diced	135
10073	oz	28.33
10074	oz	28.33
10074	roast	2745
10075	oz	28.33
10075	roast	2252
10076	cup, diced	135
10076	oz	28.33
10077	oz	28.33
10077	roast	2745
10078	oz	28.33
10078	roast	2252
10079	oz	28.33
10079	piece, cooked, excluding refuse (yield from 1 lb raw meat with refuse)	191
10080	oz	28.33
10080	steak without refuse (Yield from 1 raw steak, with refuse, weighing 380g)	288
10080	lb	453.6
10081	oz	28.33
10081	steak without refuse (Yield from 1 cooked steak, with refuse, weighing 249g)	185
10082	oz	28.33
10082	steak, excluding refuse (yield from 1 raw steak, with refuse, weighing 300 g)	169
10083	oz	28.33
10083	piece, cooked, excluding refuse (yield from 1 lb raw meat with refuse)	262
10084	oz	28.33
10084	steak without refuse (Yield from 1 raw steak, with refuse, weighing 379g)	258
10085	oz	28.33
10085	steak	249
10086	oz	28.33
10086	steak, excluding refuse (yield from 1 raw steak, with refuse, weighing 300 g)	147
10087	oz	28.33
10087	piece, cooked, excluding refuse (yield from 1 lb raw meat with refuse)	238
10088	oz	28.33
10089	oz	28.33
10089	piece, cooked, excluding refuse (yield from 1 lb raw meat with refuse)	177
10093	oz	28.33
10093	piece, cooked, excluding refuse (yield from 1 lb raw meat with refuse)	231
10094	oz	28.5
10094	chop	170
10096	oz	28.35
10096	oz	28.25
10097	oz	28.33
10098	oz	28.35
10099	oz	28.33
10100	oz	28.35
10100	ear	113
10101	ear (yield after cooking)	111
10101	unit, cooked (yield from 1 lb raw meat)	422
10102	oz	28.35
10103	oz	28.35
10103	heart	226
10104	cup	145
10104	heart	129
10105	oz	28.35
10105	oz	28.25
10106	oz	28.35
10106	kidney	233
10107	cup	140
10107	oz	28.33
10109	oz	28.35
10109	oz	28.25
10110	oz	28.35
10110	oz	28.25
10111	oz	28.33
10112	oz	28.35
10112	lb	453.6
10113	oz	28.33
10114	oz	28.35
10114	lb	453.6
10115	oz	28.35
10115	oz	28.25
10116	oz	28.33
10117	oz	28.35
10117	oz	28.25
10118	oz	28.33
10119	oz	28.35
10119	oz	28.25
10120	oz	28.33
10120	chop	215
10121	oz	28.35
10121	oz	28.25
10122	oz	28.33
10122	piece, cooked, excluding refuse (yield from 1 lb raw meat with refuse)	231
10123	slice raw	28
10123	package	442
10128	oz	28.33
10128	slices	22.67
10128	package (12 oz)	340
10130	oz	28.33
10130	slices (6 per 6-oz pkg.)	28.5
10130	package (6 oz)	170
10132	oz	28.35
10132	lb	453.6
10134	cup	140
10134	oz	28.33
10136	cup	140
10136	oz	28.33
10137	cup	140
10137	oz	28.35
10138	cup	140
10138	oz	28.33
10140	cup	140
10140	oz	28.33
10141	oz	28.35
10141	oz	28.25
10142	oz	28.35
10142	oz	28.25
10146	oz	28.35
10146	patty	65
10149	oz	28.35
10149	slice	57
10150	cup	140
10150	oz	28.35
10152	cup	140
10152	oz	28.35
10153	cup	140
10153	oz	28.33
10158	oz	28.33
10158	can	815
10163	oz	28.5
10163	chop	137
10164	oz	28.33
10164	chop	170
10165	oz	28.35
10165	oz	28.38
10166	oz	28.35
10166	oz	28.33
10167	oz	28.35
10167	oz	28.33
10168	cup	140
10168	oz	28.33
10169	cup	140
10169	oz	28.33
10170	oz	28.35
10170	oz	28.25
10171	oz	28.33
10171	piece, cooked (yield from 1 lb unheated product)	376
10173	oz	28.33
10174	oz	28.35
10174	oz	28.25
10175	oz	28.33
10175	piece, cooked, excluding refuse (yield from 1 lb raw meat with refuse)	275
10176	oz	28.33
10176	chop	172
10177	oz	28.33
10177	chop	169
10178	oz	28.33
10178	chop	215
10179	oz	28.33
10179	chop	172
10180	oz	28.33
10180	chop	169
10181	chop	142
10181	oz	28.33
10182	cup	140
10182	slice (6-1/4" x 4" x 1/16") (1 oz)	28
10183	cup	140
10183	oz	28.33
10184	cup	140
10184	oz	28.35
10185	cup	140
10185	oz	28.33
10186	chop	142
10187	oz	28.35
10187	lb	453.6
10188	oz	28.33
10188	piece, cooked, excluding refuse (yield from 1 lb raw meat with refuse)	247
10189	oz	28.33
10189	chop	137
10192	oz	28.33
10193	oz	28.33
10194	oz	28.33
10194	chop, excluding refuse (yield from 1 raw chop, with refuse, weighing 113 g)	101
10195	oz	28.33
10195	chop, excluding refuse (yield from 1 raw chop, with refuse, weighing 113 g)	81
10196	oz	28.33
10196	chop, excluding refuse (yield from 1 raw chop, with refuse, weighing 113 g)	80
10197	oz	28.33
10197	chop, excluding refuse (yield from 1 raw chop, with refuse, weighing 113 g)	75
10198	oz	28.33
10198	piece, cooked, excluding refuse (yield from 1 lb raw meat with refuse)	317
10199	oz	28.33
10199	chop, excluding refuse (yield from 1 raw chop, with refuse, weighing 113 g)	88
10200	oz	28.33
10200	chop, excluding refuse (yield from 1 raw chop, with refuse, weighing 113 g)	72
10201	oz	28.33
10201	chop, excluding refuse (yield from 1 raw chop, with refuse, weighing 113 g)	71
10202	oz	28.33
10202	chop, excluding refuse (yield from 1 raw chop, with refuse, weighing 113 g)	66
10203	oz	28.33
10203	piece, cooked, excluding refuse (yield from 1 lb raw meat with refuse)	283
10204	rib without refuse (Yield from 1 raw rib, with refuse, weighing 196g)	128
10204	oz	28.35
10205	rib without refuse (Yield from 1 cooked rib, with refuse, weighing 140g)	86
10205	oz	28.33
10206	rack	138
10207	oz	28.33
10207	rib	197
10208	rib without refuse (yield from 1 cooked rib, with refuse, weighing 141g)	80
10208	oz	28.33
10209	rack	138
10210	oz	28.33
10210	chop	210
10211	oz	28.33
10211	chop, excluding refuse (yield from 1 raw chop, with refuse, weighing 113 g)	82
10212	oz	28.33
10212	chop	159
10213	oz	28.33
10213	roast	638
10214	oz	28.33
10214	chop	210
10215	oz	28.33
10215	chop	161
10216	oz	28.33
10216	chop	159
10217	oz	28.33
10217	roast	638
10218	oz	28.33
10218	roast (Yield from 1 raw roast, with refuse, weighing 504g)	505
10219	oz	28.35
10219	oz	28.25
10220	oz	28.33
10221	oz	28.33
10221	chop, excluding refuse (yield from 1 raw chop, with refuse, weighing 113 g)	76
10222	oz	28.33
10222	roast	402
10223	oz	28.33
10223	chop, excluding refuse (yield from 1 raw chop, with refuse, weighing 113 g)	73
10224	oz	28.33
10224	roast	2195
10225	oz	28.33
10225	roast	2195
10226	oz	28.35
10226	lb	453.6
10227	oz	28.33
10227	piece, cooked, excluding refuse (yield from 1 lb raw meat with refuse)	261
10228	oz	28.35
10228	lb	453.6
10229	oz	28.33
10229	piece, cooked, excluding refuse (yield from 1 lb raw meat with refuse)	236
10802	oz boneless	28.35
10802	cubic inch boneless	17
10803	oz grilled patties	28.35
10803	oz grilled patties	28.33
10804	oz boneless	28.35
10804	cubic inch boneless	17
10805	oz crumbles	113
10851	serving	84
10852	oz	28
10853	oz	28
10854	oz	28
10854	serving	112
10854	oz	28
10855	oz	28.35
10855	serving	112
10855	oz	28
10856	oz	28
10856	serving	112
10856	oz	28
10857	serving	56
10858	chop boneless	150
10859	chop boneless (yield from 189g raw meat)	150
10860	slice cooked	8.1
10861	slice cooked	9.1
10861	slice raw	28
10862	slice	11.5
10863	oz	28.33
10864	oz	28.33
10865	serving (3 oz)	85
10865	roast rump	2970
10866	oz	28.33
10867	serving (3 oz)	85
10867	roast shank	3054
10868	serving (3 oz)	85
10868	slice	436
10869	serving (3 oz)	85
10869	slice	446
10870	slice	138
10870	serving (3 oz)	85
10871	serving (3 oz)	85
10871	roast	1995
10872	oz	28.33
10873	serving (3 oz)	85
10873	roast rump	2673
10874	serving (3 oz)	85
10874	roast shank	3170
10875	serving (3 oz)	85
10875	slice	445
10876	slice	145
10876	roast	920
10876	serving (3 oz)	85
10877	serving (3 oz)	85
10877	roast rump	2533
10878	serving (3 oz)	85
10878	slice	189
10879	oz	28.33
10879	roast whole	1867
10880	oz	28.33
10881	serving (3 oz)	85
10881	roast shank	3204
10882	serving (3 oz)	85
10882	slice	277
10883	serving (3 oz)	85
10883	roast	1497
10884	oz	28.35
10884	lb	453.6
10885	oz	28.33
10886	oz	28.33
10887	oz	28.35
10887	lb	453.6
10888	oz	28.33
10889	oz	28.33
10890	oz	28.33
10891	oz	28.33
10892	oz	28.33
10892	slice	430
10893	oz spiral slice	28.35
10893	lb spiral slice	453.6
10894	oz	28.33
10895	oz	29.25
10898	oz	39
10899	serving (3 oz)	85
10899	slice	366
10900	oz whole	28.35
10900	lb whole	453.6
10901	oz spiral slice	28.35
10901	lb spiral slice	453.6
10902	oz	28.33
10903	oz shank	28.35
10903	lb shank	453.6
10904	oz rump	28.35
10904	lb rump	453.6
10905	oz whole	28.35
10905	lb whole	453.6
10906	oz	28.35
10906	lb	453.6
10907	oz shank	28.35
10907	lb shank	453.6
10908	oz rump	28.35
10908	lb rump	453.6
10909	oz whole	28.35
10909	lb whole	453.6
10910	oz	28.35
10910	lb	453.6
10911	oz	28.35
10911	lb	453.6
10912	oz	28.35
10912	lb	453.6
10913	serving (3 oz)	85
10913	roast rump	2970
10914	serving (3 oz)	85
10914	roast shank	3054
10915	serving (3 oz)	85
10915	slice	436
10916	serving (3 oz)	85
10916	slice	189
10917	serving (3 oz)	85
10917	roast	1867
10918	serving (3 oz)	85
10918	roast rump	2533
10919	serving (3 oz)	85
10919	roast shank	3204
10920	serving (3 oz)	85
10920	slice	446
10921	slice	136
10921	serving (3 oz)	85
10922	serving (3 oz)	85
10922	roast	1995
10923	serving (3 oz)	85
10923	roast rump	2673
10924	serving (3 oz)	85
10924	roast shank	3170
10925	serving (3 oz)	85
10925	slice	445
10926	serving (3 oz)	85
10926	slice	277
10927	slice	145
10927	roast	920
10927	serving (3 oz)	85
10928	serving (3 oz)	85
10928	roast	1497
10929	serving (3 oz)	85
10929	roast rump	2874
10931	serving (3 oz)	85
10931	roast rump	2874
10932	oz	28.35
10932	lb	453.6
10933	serving (3 oz)	85
10933	roast shank	2800
10934	oz	28.35
10934	lb	453.6
10935	serving (3 oz)	85
10935	roast shank	2800
10936	oz	28.35
10936	lb	453.6
10937	serving (3 oz)	85
10937	slice	366
10938	serving (3 oz)	85
10938	slice	425
10939	serving (3 oz)	85
10939	slice	425
10940	oz	28.33
10942	oz	28.35
10942	lb	453
10943	oz	28.33
10944	oz	28.33
10945	oz	28.33
10946	oz	28.33
10947	chop	107
10948	oz	28.5
10948	chop	146
10949	chop	146
10950	chop	107
10951	oz	28.33
10951	roast	537
10952	oz	28.33
10952	roast	508
10953	oz	28.33
10953	steak	393
10954	oz	28.33
10954	steak	264
10955	oz	28.33
10956	oz	28.33
10956	piece	194
10957	oz	28.33
10957	piece	231
10958	oz	28.33
10958	piece	430
10959	oz	28.33
10959	piece	373
10960	piece	92
10961	piece	105
10962	oz	28.33
10962	piece	609
10963	oz	28.33
10963	piece	765
10972	oz	28.25
10973	oz	28.25
10974	oz	28.25
10975	oz grilled patties	28.33
10976	oz grilled patties	28.33
10977	oz grilled patties	28.33
10978	oz grilled patties	28.33
10979	oz grilled patties	28.33
10980	oz	28.5
10980	ribs	1071
10981	oz	28.33
10981	ribs	878
10982	oz	28.33
10982	chop	176
10983	oz	28.33
10983	roast	848
10984	oz	28.33
10984	chop	131
10985	rack	122
10986	rack	122
10987	rack	138
10988	chop	131
10989	oz	28.33
10989	chop	176
10990	oz	28.33
10990	roast	848
10991	rack	122
10992	rack	122
10993	rack	138
10994	slice	26
10994	package	446
10998	slice	13.8
11001	cup	33
11001	tbsp	3
11003	cup	28
11003	leaf	14
11004	cup	132
11005	large	25
11005	medium	12
11006	medium	12
11007	artichoke, medium	128
11007	artichoke, large	162
11008	artichoke, medium	120
11008	cup hearts	168
11009	package	254.5
11009	package (9 oz)	255
11010	cup	168
11010	package (9 oz), yields	240
11010	package (9 oz) yields	240.2
11011	cup	134
11011	spear, small (5" long or less)	12
11011	spear, medium (5-1/4" to 7" long)	16
11011	spear, large (7-1/4" to 8-1/2")	20
11011	spear, extra large (8-3/4" to 10" long)	24
11011	spear tip (2" long or less)	3.5
11012	cup	180
11012	spears (1/2" base)	15
11013	cup	244
11013	can (300 x 407)	411
11015	cup	242
11015	spear (about 5" long)	18
11015	can (300 x 407)	248
11018	spears	14.5
11018	package (10 oz)	284
11019	cup	180
11019	package (10 oz) yields	293
11019	spears	15
11022	leaf	4
11022	cup	48
11023	cup	58
11024	cup (1/2" pieces)	93
11024	balsam-pear	124
11025	cup (1/2" pieces)	124
11025	cup (1/2" pieces)	124
11026	cup (1/2" slices)	151
11026	cup (1/2" pieces)	152
11027	cup (1/2" slices)	120
11027	shoot	144
11028	cup (1/8" slices)	131
11028	can (303 x 406)	262
11029	cup	184
11031	cup	156
11032	cup	170
11033	cup	248
11033	can (303 x 406)	454
11037	cup	160
11037	package (10 oz)	284
11038	cup	170
11038	package (10 oz) yields	311
11039	cup	164
11039	package (10 oz)	284
11040	cup	180
11040	package (10 oz) yields	311
11043	cup	104
11043	package (12 oz)	340
11044	cup	124
11045	cup	124
11046	cup	104
11048	package (10 oz)	282.3
11048	package (10 oz)	284
11049	package (10 oz) yields	282.3
11049	package (10 oz) yields	284
11050	cup	245
11052	cup 1/2" pieces	100
11052	beans (4" long)	5.5
11053	cup	125
11054	cup	240
11054	can total can contents	423
11056	cup	135
11056	beans	6.2
11056	can (303 x 406)	262
11058	cup	228
11058	can (303 x 406)	439
11060	cup	121
11060	package (10 oz)	284
11061	cup	135
11062	cup	111
11063	cup 1/2" pieces	116
11080	cup	136
11080	beet (2" dia)	82
11081	cup slices	170
11081	beets (2" dia, sphere)	50
11082	cup	246
11084	cup, diced	157
11084	cup, shredded	195
11084	cup slices	170
11084	cup, whole	163
11084	slice	8
11084	beet	24
11084	can (303 x 406)	294
11086	cup	38
11086	leaf	32
11086	cup (1" pieces)	38
11087	cup (1" pieces)	144
11087	cup (1" pieces)	144
11088	cup	109
11088	broadbean	8
11090	cup chopped	91
11090	bunch	608
11090	spear (about 5" long)	31
11090	stalk	151
11090	cup, chopped or diced	88
11090	NLEA serving	148
11091	cup, chopped	156
11091	stalk, large (11"-12" long)	280
11091	stalk, medium (7-1/2" - 8" long)	180
11091	stalk, small (5" long)	140
11091	spear (about 5" long)	37
11092	cup	156
11092	package (10 oz)	284
11093	cup	184
11094	package (10 oz)	287.9
11094	package (10 oz)	284
11094	package (2 lb)	907
11095	cup	184
11095	package (10 oz) yields	250
11096	cup chopped	40
11096	stalk	19
11097	NLEA serving	85
11097	bunch cooked	437
11098	cup	88
11098	sprout	19
11099	sprout	21
11099	cup	156
11100	package (10 oz)	287.9
11100	package (10 oz)	284
11100	package (2 lb)	907
11101	cup	155
11104	cup (1" pieces)	118
11104	root	156
11105	cup (1" pieces)	125
11105	root	166
11106	cup	94
11106	petiole	5
11108	cup, chopped	124
11108	stalks	15
11109	cup, chopped	89
11109	cup, shredded	70
11109	head, large (about 7" dia)	1248
11109	leaf, large	33
11109	head, medium (about 5-3/4" dia)	908
11109	leaf, medium	23
11109	head, small (about 4-1/2" dia)	714
11109	leaf	15
11110	cup, shredded	150
11110	head	1262
11112	cup, chopped	89
11112	cup, shredded	70
11112	head, large (about 5-1/2" dia)	1134
11112	leaf	23
11112	head, medium (about 5" dia)	839
11112	head, small (4" dia)	567
11113	leaf	22
11113	cup, shredded	150
11114	cup, shredded	70
11115	cup, shredded	145
11116	cup, shredded	70
11116	head	840
11116	leaf	14
11117	cup, shredded	170
11118	cup	150
11119	cup, shredded	76
11120	cup, shredded	119
11120	leaf	14
11122	cup, shredded	178
11124	cup chopped	128
11124	cup grated	110
11124	cup strips or slices	122
11124	large (7-1/4" to 8-/1/2" long)	72
11124	medium	61
11124	small (5-1/2" long)	50
11124	slice	3
11124	strip large (3" long)	7
11124	strip medium	4
11125	tbsp	9.7
11125	cup slices	156
11125	carrot	46
11126	cup slices	246
11126	can (303 x 406)	454
11128	cup, sliced	146
11128	cup, mashed	228
11128	slice	2.8
11128	can (303 x 406)	284
11130	cup slices	128
11130	package (10 oz)	284
11131	cup, sliced	146
11134	cup	206
11134	root	408
11135	cup chopped (1/2" pieces)	107
11135	floweret	13
11135	head large (6-7" dia.)	840
11135	head medium (5-6" dia.)	588
11135	head small (4" dia.)	265
11136	cup (1" pieces)	124
11136	flowerets	18
11137	cup (1" pieces)	132
11137	package (10 oz)	284
11138	cup (1" pieces)	180
11141	cup	156
11142	cup pieces	155
11143	cup chopped	101
11143	NLEA serving	110
11143	tbsp	7.5
11143	stalk, large (11"-12" long)	64
11143	stalk, medium (7-1/2" - 8" long)	40
11143	stalk, small (5" long)	17
11143	strip (4" long)	4
11144	cup, diced	150
11144	stalks	37.5
11145	leaf	8
11147	cup	36
11147	leaf	48
11148	cup, chopped	175
11149	cup (1" pieces)	132
11149	chayote (5-3/4")	203
11150	cup (1" pieces)	160
11151	head	53
11151	cup	90
11152	cup, chopped	29
11154	root	60
11154	cup (1" pieces)	90
11156	tbsp chopped	3
11156	tsp chopped	1
11157	cup (1" pieces)	25
11157	stem (8-3/4" long)	14
11158	cup (1" pieces)	100
11161	cup, chopped	36
11162	cup, chopped	190
11163	package (10 oz)	287.9
11163	package (10 oz)	284
11163	package (3 lb)	1361
11164	cup, chopped	170
11165	cup	16
11165	sprigs	2.222
11167	cup	145
11167	ear, large (7-3/4" to 9" long) yields	143
11167	ear, medium (6-3/4" to 7-1/2" long) yields	102
11167	ear, small (5-1/2" to 6-1/2" long)	73
11168	ear small (5-1/2" to 6-1/2" long)	89
11168	ear medium (6-3/4" to 7-1/2" long)	103
11168	ear large (7-3/4" to 9" long)	118
11168	cup cut	149
11168	baby ear	8
11170	cup	256
11170	can (303 x 406)	482
11172	cup	164
11172	can (12 oz) yields	211
11172	can (303 x 406)	298
11174	cup	256
11174	can (303 x 406)	482
11176	cup	210
11176	can, 15 oz (303 x 406)	425
11176	can (303 x 406)	340
11177	cup drained, rinsed	150
11177	can drained, rinsed	266
11178	cup	136
11178	package	284
11179	cup	165
11179	package (10 oz) yields	284
11180	cup kernels	165
11180	ear, yields	125
11181	cup kernels	165
11181	ear, yields	63
11182	cup	141
11184	cup	227
11190	cup	56
11191	cup	145
11192	cup	165
11195	cup	160
11195	package (10 oz)	284
11196	cup	170
11197	cup	94
11197	pod	12
11198	cup	95
11199	cup slices	91
11199	pod	12
11200	cup slices	104
11200	pod	14
11201	cup, chopped	36
11201	leaf	3
11202	cup, chopped	53
11203	cup	50
11203	sprig	1
11204	cup	135
11204	cup	136
11205	cup slices	104
11205	cucumber (8-1/4")	301
11206	cup, pared, chopped	133
11206	cup, sliced	119
11206	large (8-1/4" long)	280
11206	medium	201
11206	slice	7
11206	small (6-3/8" long)	158
11206	stick (4" long)	9
11207	cup, chopped	55
11208	cup, chopped	105
11209	cup, cubes	82
11209	eggplant, peeled (yield from 1-1/4 lb)	458
11209	eggplant, unpeeled (approx 1-1/4 lb)	548
11210	cup (1" cubes)	99
11211	cup	118
11211	package	432
11212	cup	155
11213	cup, chopped	50
11213	head	513
11214	cup	150
11215	cup	136
11215	tsp	2.8
11215	clove	3
11215	cloves	3
11216	tsp	2
11216	cup slices (1" dia)	96
11216	slices (1" dia)	2.2
11218	cup (1" pieces)	116
11218	gourd	771
11219	cup (1" cubes)	146
11220	cup (1" pieces)	95
11220	gourd	178
11221	cup (1" pieces)	178
11221	cup (1" slices)	178
11222	cup, chopped	21
11223	cup, chopped	42
11224	cup	80
11225	cup	87
11226	cup slices	150
11228	cup slices	99
11228	piece	6
11230	cup	24
11231	cup	28
11232	cup	87
11233	cup 1" pieces, loosely packed	16
11234	cup, chopped	130
11235	package (10 oz)	282.3
11235	package (10 oz)	284
11236	cup, chopped	130
11236	cup, chopped or diced	130
11237	strip	6.3
11237	cup	54
11238	piece whole	19
11239	cup	54
11239	piece	5.4
11240	cup	66
11240	piece	12.9
11241	cup	135
11241	slice	16
11242	cup slices	165
11243	cup sliced	121
11245	cup, chopped	180
11246	cup	89
11246	leek	89
11246	slice	6
11247	leek	124
11247	cup, chopped or diced	104
11248	cup	77
11250	cup, shredded or chopped	55
11250	head (5" dia)	163
11250	leaf, large	15
11250	leaf, medium	7.5
11250	leaf	5
11251	cup shredded	47
11251	leaf inner	6
11251	leaf outer	28
11251	head	626
11251	NLEA serving	85
11252	cup shredded	72
11252	cup, chopped (1/2" pieces, loosely packed)	57
11252	head, large	755
11252	head, medium (6" dia)	539
11252	head, small	324
11252	leaf, large	15
11252	leaf, medium	8
11252	leaf, small	5
11252	NLEA Serving	89
11253	cup shredded	36
11253	head	360
11253	leaf inner	4.8
11253	leaf outer	24
11254	slices (2-1/2" dia)	8.1
11254	root (9-1/2" long)	115
11255	cup	120
11255	slices (2-1/2" dia)	8.9
11257	cup shredded	28
11257	leaf inner	2.6
11257	leaf outer	17
11257	head	309
11257	NLEA serving	85
11258	cup, cubes	136
11258	yam	420
11259	cup, cubes	145
11260	cup, pieces or slices	70
11260	cup, whole	96
11260	large	23
11260	medium	18
11260	slice	6
11260	small	10
11260	cup pieces	70
11261	cup pieces	156
11261	tbsp	9.8
11261	mushroom	12
11263	cup sliced	108
11264	cup	156
11264	can	132
11264	large	16
11264	medium	12
11264	small	7
11264	slices	4
11264	caps	5.875
11264	cup pieces	156
11265	cup diced	86
11265	piece whole	84
11266	cup whole	87
11266	cup sliced	72
11266	piece whole	20
11267	cup whole	89
11267	cup sliced	97
11267	piece whole	19
11268	mushroom	3.6
11268	mushrooms	3.75
11269	cup pieces	145
11269	mushrooms	18
11270	cup, chopped	56
11271	cup, chopped	140
11272	cup, chopped	146
11272	package (10 oz)	284
11273	cup, chopped	150
11273	package (10 oz) yields	212
11274	cup, chopped	150
11275	cup, chopped	180
11276	cup, chopped	56
11277	cup, chopped	180
11278	cup	100
11278	pods (3" long)	11.88
11279	cup slices	160
11279	pods (3" long)	10.62
11280	package (10 oz)	287.9
11280	package (10 oz)	284
11280	package (3 lb)	1361
11281	cup slices	184
11281	package (10 oz) yields	255
11282	cup, chopped	160
11282	cup, sliced	115
11282	tbsp chopped	10
11282	large	150
11282	slice, large (1/4" thick)	38
11282	medium (2-1/2" dia)	110
11282	slice, medium (1/8" thick)	14
11282	small	70
11282	slice, thin	9
11282	rings	6
11283	cup	210
11283	tbsp chopped	15
11283	large	128
11283	slice, large (1/4" thick)	32
11283	medium	94
11283	slice, medium (1/8" thick)	12
11283	small	60
11283	slice, thin	8
11284	tbsp	5
11284	cup	56
11285	onion	63
11285	cup, chopped or diced	224
11286	cup chopped	87
11287	package (10 oz)	287.9
11287	package (10 oz)	284
11288	tbsp chopped	15
11288	cup, chopped or diced	210
11289	package (10 oz)	287.9
11289	package (10 oz)	284
11290	cup	210
11291	cup, chopped	100
11291	tbsp chopped	6
11291	large	25
11291	medium (4-1/8" long)	15
11291	small (3" long)	5
11292	tbsp	6
11292	stalk	12
11292	cup chopped	71
11294	NLEA serving	148
11294	onion	331
11295	rings	14.17
11295	package (16 oz)	454
11295	package (9 oz)	255
11296	cup	48
11296	rings, large (3-4" dia)	7.1
11296	rings, medium (2-3" dia)	6
11296	rings, small (1-2" dia)	4.8
11297	cup chopped	60
11297	tbsp	3.8
11297	sprigs	1
11298	cup slices	133
11299	cup slices	156
11299	parsnip (9" long)	160
11300	cup, chopped	98
11300	cup, whole	63
11300	pea pods	3.4
11301	cup	160
11302	cup	144
11302	package (10 oz)	284
11303	cup	160
11303	package (10 oz) yields	253
11304	cup	145
11305	cup	160
11306	cup	248
11306	can (303 x 406)	482
11308	cup	175
11308	can (303 x 406)	313
11310	cup	227
11310	cup	228
11311	can	257
11311	cup	163
11312	cup	134
11312	package	284
11313	cup	160
11313	package (10 oz) yields	253
11316	cup	120
11318	cup	255
11322	cup	140
11322	package (10 oz)	284
11323	package (10 oz) yields	278
11323	cup	160
11324	cup	120
11326	cup	138
11326	package (10 oz)	284
11327	cup	180
11329	pepper	73
11329	cup, chopped or diced	136
11333	cup, chopped	149
11333	cup, sliced	92
11333	tbsp	9.3
11333	large (2-1/4 per lb, approx 3-3/4" long, 3" dia)	164
11333	medium (approx 2-3/4" long, 2-1/2" dia)	119
11333	ring (3" dia, 1/4" thick)	10
11333	small	74
11333	strips	2.7
11334	cup, chopped or strips	135
11334	tablespoon, chopped	11.6
11335	cup, halves	140
11337	package (10 oz)	287.9
11337	package (10 oz)	284
11339	cup chopped	115
11344	cup	154
11344	seeds	0.4
11345	cup	153
11349	cup	240
11350	cup	160
11351	cup	165
11351	tbsp	10
11352	cup, diced	150
11352	Potato large (3" to 4-1/4" dia)	369
11352	Potato medium (2-1/4" to 3-1/4" dia)	213
11352	Potato small (1-3/4" to 2-1/2" dia)	170
11353	cup, diced	150
11353	potato large (3" to 4-1/4" dia)	369
11353	Potato medium (2-1/4" to 3-1/4" dia)	213
11353	Potato small (1-3/4" to 2-1/4" dia)	170
11354	cup, diced	150
11354	large (3" to 4-1/4" dia.)	369
11354	medium (2+-1/4" to 3-1/4" dia.)	213
11354	small (1-3/4" to 2-1/4" dia.)	92
11355	cup, diced	150
11355	potato large (3" to 4-1/4" dia)	369
11355	potato medium (2-1/4" to 3-1/4" dia)	213
11355	potato small (1-3/4" to 2-1/4" dia)	170
11356	potato large (3" to 4-1/4" dia.	299
11356	potato medium (2-1/4" to 3-1/4" dia.)	173
11356	potato small (1-3/4" to 2-1/2" dia.)	138
11357	potato large (3" to 4-1/4" dia)	299
11357	potato medium (2-1/4" to 3-1/4" dia)	173
11357	potato small (1-3/4" to 2-1/2" dia)	138
11358	potato large (3" to 4-1/4" dia.	299
11358	potato medium (2-1/4" to 3-1/4" dia.)	173
11358	potato small (1-3/4" to 2-1/2" dia.)	138
11359	strip	8.2
11359	oz	28.33
11360	strip	6.9
11361	oz	28.33
11362	skin	38
11363	cup	122
11363	potato (2-1/3" x 4-3/4")	156
11364	skin	58
11365	cup	156
11365	potato (2-1/2" dia, sphere)	136
11366	skin	34
11367	cup	156
11367	large (3" to 4-1/4" dia.)	300
11367	medium (2-1/4" to 3-1/4" dia.)	167
11367	small (1-3/4" to 2-1/2" dia.)	125
11368	cup	156
11368	potato (2-1/3" x 4-3/4")	156
11369	skin	58
11370	cup	156
11371	cup	210
11372	cup	245
11373	cup	245
11374	cup, whole	300
11374	can (303 x 406)	454
11376	cup	180
11376	potato	35
11378	cup	60
11379	cup	210
11380	cup	200
11381	cup	210
11382	cup	200
11383	cup	210
11384	package (5.5 oz)	155.7
11384	package (5.5 oz)	156
11385	package (5.5 oz) yields	820.4
11385	package yield, 5.5 oz	822
11386	package (5.5 oz)	155.7
11386	package (5.5 oz)	156
11387	cup (unprepared)	245
11387	package (5.5 oz) yields	820.4
11387	package yield, 5.5 oz	822
11390	cup	210
11390	package (12 oz)	340
11391	cup prepared	150
11391	patty, oval (approx 3" x 1-1/2" x 1/2")	29
11391	package yield, 12 oz	205
11392	package (6 oz)	170
11394	strip	3
11395	strip	2.1
11398	cup	120
11398	pieces	9.1
11399	puffs	7.9
11399	Crispy Crowns	6
11399	puff	7
11399	cup	128
11400	cup	182
11402	strip	8.9
11402	package (9 oz)	255
11403	fries	7.6
11403	package (9 oz), yields	198
11406	strips	6.5
11406	package (9 oz)	255
11407	strips	5
11407	package (9 oz), yields	198
11408	strips	6.5
11408	package (9 oz)	255
11409	strips	5
11409	package (9 oz), yields	198
11411	strip	15.3
11412	strip	13.3
11413	cup	160
11414	cup	250
11416	cup	33
11416	flower	2
11417	cup	134
11418	cup	39
11419	cup	71
11422	cup (1" cubes)	116
11423	cup, mashed	245
11424	cup	245
11426	cup	270
11427	cup	43
11427	plant	3
11428	cup	115
11428	squash	431
11429	cup slices	116
11429	large (1" to 1-1/4" dia)	9
11429	medium (3/4" to 1" dia)	4.5
11429	slice	1
11429	small	2
11429	cup slices	116
11430	cup slices	116
11430	radish (7" long)	338
11431	cup, sliced	147
11432	cup	116
11435	cup, cubes	140
11435	large	772
11435	medium	386
11435	small	192
11436	cup, cubes	170
11436	cup, mashed	240
11437	cup slices	133
11438	cup, sliced	135
11439	cup	142
11439	cup, undrained	236
11442	tbsp (1/8 cup)	5
11444	tbsp (1/8 cup)	5
11445	tbsp (1/8 cup)	5
11446	sheets	2.6
11446	tbsp (1/8 cup)	5
11447	flower	3
11447	cup flowers	20
11448	cup	104
11450	cup	256
11451	cup	180
11452	cup	70
11452	sprouts	1
11453	cup	94
11457	cup	30
11457	bunch	340
11457	leaf	10
11457	package (10 oz)	284
11458	cup	180
11459	cup	234
11461	cup	214
11463	cup	156
11463	package (10 oz)	284
11464	cup	190
11464	package (10 oz) yields	220
11467	cup sliced	127
11468	cup, sliced	180
11468	cup slices	180
11471	cup, diced	210
11471	cup, mashed	240
11471	cup slices	216
11471	slice	8
11471	can (303 x 406)	241
11473	cup slices	130
11474	cup slices	192
11475	cup slices	130
11476	cup, mashed	240
11476	cup, sliced	180
11477	cup, chopped	124
11477	cup, sliced	113
11477	large	323
11477	medium	196
11477	slice	9.9
11477	small	118
11478	cup, sliced	180
11478	cup, mashed	240
11479	package (10 oz)	287.9
11479	package (10 oz)	284
11479	package (3 lb)	1361
11480	cup	223
11481	cup	227
11482	cup, cubes	140
11482	squash (4 inch dia)	431
11483	cup, cubes	205
11484	cup, mashed	245
11485	cup, cubes	140
11486	cup, cubes	205
11487	package (12 oz)	342.4
11487	package (12 oz)	340
11487	package (4 lb)	1814
11488	cup, mashed	240
11489	cup, cubes	116
11490	cup, cubes	205
11491	cup, mashed	236
11492	cup, cubes	101
11493	cup	155
11496	cup	192
11497	cup	266
11499	cup	255
11501	cup	156
11501	package (10 oz)	284
11502	cup	170
11503	cup, chopped	56
11503	shoot	13
11504	cup, chopped	98
11505	cup, chopped	35
11505	leaf (12-1/4" long)	16
11506	cup	64
11507	cup, cubes	133
11507	sweetpotato, 5" long	130
11508	cup	200
11508	large	180
11508	medium (2" dia, 5" long, raw)	114
11508	small	60
11510	cup, mashed	328
11510	medium	151
11512	cup, mashed	255
11512	cup pieces	200
11514	cup	255
11514	can (404 x 307)	496
11516	cup, cubes	176
11517	cup, cubes	176
11518	cup, sliced	104
11519	cup, sliced	132
11520	cup	28
11520	leaf (11" x 6-1/2")	10
11521	cup	145
11522	cup slices	86
11522	shoot	83
11523	cup slices	140
11525	cup slices	125
11526	cup slices	137
11527	cup	180
11527	large	182
11527	medium	123
11527	slice or wedge	20
11527	small	91
11529	cup cherry tomatoes	149
11529	cup, chopped or sliced	180
11529	Italian tomato	62
11529	cherry	17
11529	large whole (3" dia)	182
11529	medium whole (2-3/5" dia)	123
11529	slice, medium (1/4" thick)	20
11529	plum tomato	62
11529	small whole (2-2/5" dia)	91
11529	slice, thick/large (1/2" thick)	27
11529	wedge (1/4 of medium tomato)	31
11529	slice, thin/small	15
11529	NLEA serving	148
11530	cup	240
11530	medium	123
11531	cup	240
11531	tbsp	15
11531	can	190
11531	large	164
11531	medium	111
11531	small	82
11533	cup	255
11537	cup	241
11540	cup	243
11540	fl oz	30.33
11546	cup	264
11546	cup	262
11546	tbsp	16
11546	can (6 oz)	170
11547	cup	250
11547	can (29 oz) (401 x 411)	822
11549	cup	245
11551	cup	245
11553	cup	245
11555	cup	244
11555	can, 15 oz (303 x 406)	425
11557	cup	250
11557	can, 15 oz (303 x 406)	411
11559	cup	244
11559	can, 15 oz (303 x 406)	425
11563	cup, chopped	142
11563	frond (6-1/2" long)	31
11564	cup, cubes	130
11564	large	183
11564	medium	122
11564	slice	15
11564	small	61
11564	cup, cubes	130
11565	cup, cubes	156
11565	cup, mashed	230
11566	package, mashed (10 oz)	282.3
11566	package, mashed (10 oz)	284
11567	cup	156
11568	cup, chopped	55
11569	cup, chopped	144
11570	cup	234
11570	can, 15 oz (303 x 406)	425
11574	cup, chopped or diced	164
11574	package (10 oz)	284
11575	cup	164
11575	package (10 oz) yields	220
11576	package (10 oz)	287.9
11576	package (10 oz)	284
11576	package (3 lb)	1361
11577	cup	163
11578	cup	253
11578	fl oz	30.33
11579	cup	245
11581	cup	163
11583	package (10 oz)	287.9
11583	package (10 oz)	284
11583	pack (2-1/2 lb)	1134
11584	cup	182
11584	package (10 oz) yields	275
11585	cup	254
11585	fl oz	30.33
11588	cup slices	124
11588	waterchestnuts	9
11590	cup slices	140
11590	waterchestnuts	7
11591	cup, chopped	34
11591	sprig	2.5
11591	sprigs	2.5
11593	cup, cubes	132
11593	waxgourd	5700
11594	cup, cubes	175
11595	cup slices	44
11595	pod	16
11596	cup	62
11601	cup, cubes	150
11602	cup, cubes	136
11602	cup, cubes	136
11603	cup slices	120
11603	cup	130
11603	large	1200
11603	medium	659
11603	slice	6
11603	small	365
11605	cup slices	246
11609	cup slices	227
11613	cup (1" pieces)	89
11615	tbsp	0.2
11615	cup	3.2
11616	cup, chopped	133
11618	cup	100
11620	cup slices	100
11620	pod (15-1/3" long)	11
11621	cup slices	118
11622	cup, chopped	67
11623	cup, chopped	130
11624	tbsp	0.2
11624	cup	3.2
11625	tbsp	0.4
11625	cup	5.6
11626	cup	125
11632	cup, chopped	136
11632	cup, sliced	104
11632	pepper	22
11634	tbsp	0.4
11634	cup	6.4
11637	cup slices	100
11637	radish (7" long)	17
11640	tbsp	0.9
11640	cup	14.4
11641	cup, sliced	113
11641	large	323
11641	medium	196
11641	slice	9.9
11641	small	118
11642	cup, sliced	180
11643	cup, cubes	116
11644	cup, cubes	205
11645	cup	228
11645	can (404 x 307)	638
11647	cup	196
11649	cup	244
11649	can, 15 oz (303 x 406)	425
11655	cup	236
11655	fl oz	29.5
11656	cup	250
11656	cup (#6 scoop)	250.4
11657	cup	210
11658	cup	136
11658	recipe yield	813
11659	piece (2-1/2" x 2" dia)	105
11660	cup	101
11660	recipe yield	604
11667	cup	112
11667	tablespoon	7
11669	tbsp (1/8 cup)	5
11670	pepper	45
11670	cup, chopped or diced	150
11671	cup	194
11671	recipe yield	1162
11672	small 2-3/4 in. dia., 5/8 in. thick.	22
11672	medium 3-1/4 in. x 3-5/8 in., 5/8 in. thick.	37
11674	NLEA serving	148
11674	potato large	299
11674	potato medium	173
11674	potato small	138
11675	potato (2-3/4" dia by 4-3/4" long)	202
11676	cup	38
11677	tbsp chopped	10
11683	cup	74
11693	cup	242
11695	cup, chopped	158
11695	tomato	111
11696	cup, chopped	139
11696	tomato	212
11697	cup, sliced	120
11697	root	33
11698	cup, chopped	51
11698	leaf	18
11700	cup	132
11701	corm, medium	12
11702	artichoke, medium	120
11702	cup hearts	168
11703	cup	168
11703	package (9 oz), yields	240
11703	package (9 oz) yields	240.2
11705	cup	180
11705	spears (1/2" base)	15
11707	cup	244
11707	can (300 x 407)	411
11709	cup	180
11709	package (10 oz) yields	293
11709	spears	15
11710	cup	58
11711	cup (1/2" pieces)	124
11712	cup (1/2" slices)	120
11712	shoot	144
11714	cup	170
11715	cup	248
11715	can (303 x 406)	454
11716	cup	180
11716	package (10 oz) yields	311
11717	cup	170
11717	package (10 oz) yields	311
11718	cup	124
11720	package (10 oz) yields	282.3
11720	package (10 oz) yields	284
11722	cup 1/2" pieces	100
11722	beans (4" long)	5.5
11723	cup	125
11724	cup	125
11725	cup	125
11726	cup	240
11726	can (303 x 406)	439
11727	cup	240
11727	can (303 x 406)	439
11728	cup	240
11728	can (303 x 406)	439
11729	cup	153
11729	beans	6.2
11729	can (303 x 406)	262
11730	cup	121
11730	package (10 oz)	284
11731	cup	135
11732	cup	135
11733	cup	135
11734	cup slices	170
11734	beets (2" dia, sphere)	50
11735	cup	246
11736	cup (1" pieces)	144
11740	cup flowerets	71
11740	floweret	11
11741	stalk	114
11742	cup, chopped	156
11742	stalk, large (11"-12" long)	280
11742	stalk, medium (7-1/2" - 8" long)	180
11742	stalk, small (5" long)	140
11742	spear (about 5" long)	37
11743	cup	184
11744	cup	184
11744	package (10 oz) yields	250
11745	sprout	21
11745	cup	156
11746	cup	155
11747	cup (1" pieces)	125
11747	root	166
11749	cup, shredded	70
11749	head	908
11750	cup, shredded	70
11750	head	908
11751	cup, shredded	150
11751	head	1262
11752	leaf	22
11752	cup, shredded	150
11753	cup, shredded	145
11754	cup, shredded	170
11755	cup, shredded	119
11755	leaf	14
11757	tbsp	9.7
11757	cup slices	156
11757	carrot	46
11758	cup slices	246
11758	can (303 x 406)	454
11759	cup, sliced	146
11759	cup, mashed	228
11759	slice	2.8
11759	can (303 x 406)	284
11760	cup slices	146
11761	cup (1" pieces)	124
11761	flowerets	18
11762	cup (1" pieces)	180
11763	cup pieces	155
11764	cup, diced	150
11764	stalks	37.5
11765	cup, chopped	175
11766	cup (1" pieces)	160
11767	cup (1" pieces)	100
11768	cup, chopped	190
11769	cup, chopped	170
11770	ear small (5-1/2" to 6-1/2" long)	89
11770	ear medium (6-3/4" to 7-1/2" long)	103
11770	ear large (7-3/4" to 9" long)	118
11770	cup	149
11770	baby ear	8
11770	ear, yields	77
11771	cup	256
11771	can (303 x 406)	482
11772	cup	256
11772	can (303 x 406)	482
11773	cup	210
11773	can (303 x 406)	340
11774	cup	165
11774	package (10 oz) yields	284
11775	cup kernels	165
11775	ear, yields	63
11777	cup	165
11778	cup	170
11779	cup	95
11780	cup, chopped	53
11781	cup	135
11782	cup, chopped	105
11783	cup (1" cubes)	99
11784	cup (1" cubes)	146
11785	cup (1" pieces)	178
11785	cup (1" slices)	178
11786	cup, chopped	42
11787	cup slices	118
11788	cup	87
11789	cup	87
11790	cup, chopped	130
11791	cup, chopped	130
11792	cup, chopped	130
11793	cup slices	165
11794	cup, chopped	180
11795	leek	124
11795	cup, chopped	104
11796	cup	120
11796	slices (2-1/2" dia)	8.9
11797	cup pieces	156
11797	tbsp	9.8
11797	mushroom	12
11798	cup pieces	145
11798	mushrooms	18
11799	cup, chopped	140
11800	cup, chopped or diced	150
11800	package (10 oz) yields	212
11801	cup, chopped	180
11802	cup, chopped	180
11803	cup slices	160
11803	pods (3" long)	10.62
11804	cup slices	184
11804	package (10 oz) yields	255
11805	cup	210
11805	tbsp chopped	15
11805	large	128
11805	slice large (1/4" thick)	32
11805	medium	94
11805	slice medium (1/8" thick)	12
11805	small	60
11805	slice thin	8
11806	tbsp chopped	15
11806	cup, chopped or diced	210
11807	cup	210
11808	cup slices	156
11808	parsnip (9" long)	160
11809	cup	160
11810	cup	160
11810	package (10 oz) yields	253
11811	cup	160
11812	cup	248
11812	can (303 x 406)	482
11813	cup	170
11813	can (303 x 406)	313
11814	cup	160
11814	package (10 oz) yields	253
11816	cup	255
11817	cup	160
11817	package (10 oz) yields	278
11818	cup	180
11819	pepper	45
11819	cup, chopped or diced	150
11820	pepper	73
11820	cup, chopped or diced	136
11821	cup, chopped	149
11821	cup, sliced	92
11821	tablespoon	9.3
11821	large (2-1/4 per pound, approx 3-3/4" long, 3" dia.)	164
11821	medium (approx 2-3/4" long, 2-1/2 dia.)	119
11821	small	74
11821	ring (3" dia., 1/4" thick)	10
11822	tbsp	11.6
11822	pepper	73
11822	cup, chopped	184
11823	cup, strips	135
11823	tbsp	11.6
11823	cup, chopped	136
11824	tbsp	12
11824	pepper	73
11824	cup, chopped	184
11825	cup, chopped or strips	135
11825	tablespoon, chopped	11.6
11826	cup	153
11827	cup	165
11828	cup	122
11828	potato large (3" to 4-1/4" dia)	299
11828	potato medium (2-1/4" to 3-1/4" dia)	173
11828	potato small (1-3/4" to 2-1/2" dia)	138
11828	NLEA serving	148
11829	cup	122
11829	potato (2-1/3" x 4-3/4")	156
11830	skin	58
11831	cup	156
11831	potato (2-1/2" dia, sphere)	136
11832	skin	34
11833	cup	156
11833	large (3" to 4-1/4" dia.)	300
11833	medium (2-1/4" to 2-1/4" dia.)	167
11833	small (1-3/4" to 2-1/2" dia.)	125
11834	potato (2-1/3" x 4-3/4")	202
11835	cup	156
11835	potato (2-1/3" x 4-3/4")	156
11836	skin	58
11840	strips	5
11840	package (9 oz) yields	198
11841	strip	7.4
11842	strips	6.5
11842	package (9 oz)	255
11843	cup	245
11844	cup	245
11845	cup, mashed	245
11846	cup	245
11847	cup	134
11848	cup	71
11849	cup	115
11850	cup slices	147
11851	cup, mashed	240
11852	cup slices	135
11853	cup	180
11854	cup	180
11855	cup	234
11856	cup	190
11856	package (10 oz) yields	220
11857	cup slices	180
11858	cup slices	180
11859	cup slices	192
11860	cup slices	180
11860	cup, mashed	240
11861	cup slices	180
11861	cup, mashed	240
11862	cup	223
11863	cup, cubes	205
11864	cup, cubes	205
11865	cup, mashed	245
11866	cup, cubes	205
11867	cup, mashed	240
11868	cup, cubes	205
11869	cup, mashed	236
11870	cup	155
11871	cup	192
11872	cup	170
11873	cup, chopped	98
11874	cup	64
11875	medium (2" dia, 5" long, raw)	114
11875	cup, mashed	200
11876	cup, mashed	328
11876	medium	151
11877	cup, cubes	176
11878	cup slices	132
11879	cup	145
11880	cup slices	140
11881	cup slices	137
11884	cup	240
11884	cup	240
11884	NLEA serving	121
11885	cup	240
11885	tbsp	15
11885	can	190
11885	large	164
11885	medium	111
11885	small	82
11885	cup	240
11886	cup	243
11886	fl oz	30.4
11886	fl oz	30.33
11888	cup	250
11888	can (29 oz) (401 x 411)	822
11889	cup, cubes	156
11889	cup, mashed	230
11890	cup	156
11891	cup, chopped	144
11892	cup	164
11892	package (10 oz) yields	220
11893	cup	163
11893	cup	172
11894	cup	182
11894	package (10 oz) yields	275
11895	cup, cubes	175
11896	cup	62
11896	cup	62
11897	cup, cubes	136
11897	cup, cubes	136
11899	cup slices	104
11899	pod	14
11900	ear, small (5-1/2" to 6-1/2" long)	73
11900	ear, medium (6-3/4" to 7-1/2" long)	90
11900	ear, large (7-3/4" to 9" long)	143
11900	cup kernels	154
11901	ear, small (5-1/2" to 6-1/2" long)	89
11901	ear, medium (6-3/4" to 7-1/2" long)	103
11901	ear, large (7-3/4" to 9" long)	116
11901	cup cut	157
11901	ear, yields	77
11902	ear, small (5-1/2" to 6-1/2" long)	89
11902	ear, medium (6-3/4" to 7-1/2" long)	103
11902	ear, large (7-3/4" to 9" long)	118
11902	cup cut	157
11902	ear, yields	77
11903	cup	256
11903	can (303 x 406)	482
11904	cup	256
11904	can (303 x 406)	482
11905	cup	164
11905	can (303 x 406)	298
11906	cup	256
11906	can (303 x 406)	482
11907	cup	256
11907	can (303 x 406)	482
11908	cup	210
11908	can (303 x 406)	340
11909	cup	210
11909	can (303 x 406)	340
11910	cup	165
11910	package (10 oz)	284
11911	cup	165
11911	package (10 oz) yields	284
11912	cup	165
11912	package (10 oz) yields	284
11913	cup kernels	165
11913	ear, yields	125
11914	cup kernels	165
11914	ear, yields	63
11915	cup kernels	165
11915	ear, yields	63
11916	cup, halves	140
11916	cup, halves	140
11917	package (10 oz)	287.9
11917	package (10 oz)	284
11918	cup, chopped or strips	135
11918	tablespoon, chopped	11.6
11919	cup, chopped or strips	135
11919	tablespoon, chopped	11.6
11921	cup chopped	106
11922	cup	104
11923	cup	94
11927	cup, cubes	145
11928	frond (6-1/2" long)	31
11928	cup, chopped or diced	142
11929	cup	210
11930	cup	210
11931	tbsp	0.4
11931	cup	6.4
11932	cup	153
11932	beans	6.2
11932	can (303 x 406)	262
11933	cup	153
11933	beans	6.2
11933	can (303 x 406)	262
11934	cup	210
11935	tbsp	17
11935	packet	9
11935	cup	240
11936	cup whole	87
11936	cup sliced	72
11936	piece whole	20
11937	spear, small	35
11937	slice	7
11937	large (4" long)	135
11937	cup, chopped or diced	143
11937	cup (about 23 slices)	155
11938	cup pieces or slices	70
11938	cup whole	96
11938	large	23
11938	slice	6
11938	medium	18
11938	small	10
11939	cup sliced	121
11940	cup, chopped	160
11940	cup sliced or chips	153
11940	large Gherkin (3" long)	35
11940	Gherkin (2-3/4" long)	25
11940	midget Gherkin (2-1/8" long)	6
11940	chip	7.5
11940	small Gherkin (2-1/2" long)	15
11940	spear Gherkin	20
11941	cup	155
11941	large (4" long)	135
11941	medium (3-3/4" long)	65
11941	slice	7
11941	small	37
11941	spear	30
11943	tbsp	12
11943	cup	192
11943	slice	1
11943	pimiento, whole	66
11944	tbsp	15
11944	cup	244
11945	tbsp	15
11945	packet (2/3 tbsp)	10
11945	cup	245
11946	cup, chopped or diced	143
11946	cup (about 23 slices)	155
11946	large (4" long)	135
11946	medium (3-3/4" long)	65
11946	slice	6
11946	small	37
11946	spear	30
11947	spear, small	35
11947	slice	7
11947	large (4" long)	135
11947	cup, chopped or diced	143
11947	cup, (about 23 slices)	155
11948	slice	6
11948	medium	35
11948	small	15
11948	large	35
11948	cup, sliced	170
11948	cup, chopped or diced	160
11949	tbsp	17
11949	packet	9
11949	cup	240
11950	large	5
11950	medium	3
11950	cup whole	64
11950	cup sliced	65
11951	pepper, large (3-3/4" long, 3" dia)	186
11951	strips	5.2
11952	cup, shredded	40
11952	leaf	8
11953	large	16
11953	medium	11
11954	medium	34
11954	cup, chopped or diced	132
11955	cup	54
11955	piece	2
11956	cup	110
11956	piece	3
11957	cup, sliced	87
11957	bulb	234
11958	tbsp	15
11958	cup	244
11959	leaf	2
11959	cup	20
11960	large	15
11960	medium	10
11960	NLEA serving	85
11961	cup	146
11961	piece	33
11962	cup	37
11962	pepper	0.5
11963	cup, sliced	86
11964	cup	149
11964	pad	29
11965	cup	64
11965	floweret	25
11965	head, large (6-7" dia)	511
11965	head, medium (5-6" dia)	431
11965	head, small (4" dia)	325
11967	head	450
11968	cup (1" pieces)	124
11969	cup	88
11970	cup	109
11972	cup	67
11972	tbsp	4.8
11973	cup	126
11973	pod	6.1
11974	cup	14
11974	leaf	3
11975	leaf	4
11976	cup	124
11976	small (4" long)	33
11976	medium (4-1/2" long)	46
11976	large (5" long)	75
11977	cup, chopped	105
11977	pepper	6.1
11978	pepper	17
11979	cup, sliced	90
11979	pepper	14
11980	cup	139
11981	pepper	27
11982	pepper	7
11983	cup	245
11984	tbsp	0.8
11984	sprig	2
11985	cup, chopped	23
11985	plant	22
11986	cup	44
11986	bunch	17
11987	large	148
11987	small	15
11987	cup sliced	86
11988	cup	28
11988	piece	4.5
11989	cup	182
11989	piece	5.5
11990	cup, sliced	130
11990	root	169
11991	cup, sliced	135
11991	root	305
11993	cup diced	70
11993	piece whole	1.1
11998	cup diced	86
11998	piece whole	84
12001	oz	28.35
12003	oz	28.35
12004	oz (8-14 seeds)	28.35
12005	cup	160
12005	oz	28.35
12006	oz	28.35
12007	cup	94
12007	tbsp	5
12008	oz	28.35
12011	oz	28.35
12012	tbsp	10
12013	cup	32
12013	oz (42 medium seeds)	28.35
12014	cup	129
12014	oz	28.35
12016	cup	118
12016	oz	28.35
12021	oz	28.35
12022	oz	28.35
12023	cup	144
12023	tbsp	9
12024	oz	28.35
12029	cup	128
12029	oz	28.35
12032	oz	28.35
12033	oz	28.35
12034	oz	28.35
12036	cup, with hulls, edible yield	46
12036	cup	140
12037	cup	128
12037	oz	28.35
12038	cup	135
12038	oz	28.35
12039	cup	134
12039	oz	28.35
12040	tbsp	16
12040	oz	28.35
12041	cup	64
12041	tbsp	4
12058	oz	28.35
12059	oz	28.35
12060	oz	28.35
12061	cup, whole	143
12061	cup, sliced	92
12061	cup, slivered	108
12061	cup, ground	95
12061	oz (23 whole kernels)	28.35
12061	almond	1.2
12062	cup whole kernels	145
12062	tbsp	9.1
12062	oz	28.35
12063	cup whole kernels	138
12063	oz (22 whole kernels)	28.35
12065	cup whole kernels	157
12065	oz (22 whole kernels)	28.35
12071	oz	28.35
12071	cup, firmly packed	227
12077	oz	28.35
12078	cup, whole	133
12078	kernel	5
12078	oz (6 kernels)	28.35
12084	cup	120
12084	oz	28.35
12084	nutmeat	3
12085	cup, halves and whole	137
12085	tbsp	8.6
12085	oz	28.35
12086	cup, whole	129
12086	cup, halves and pieces	129
12086	oz (18 kernels)	28.35
12087	oz	28.35
12088	tbsp	16
12088	oz	28.35
12093	oz	28.35
12094	oz	28.35
12095	oz	28.35
12096	oz	28.35
12097	cup	145
12097	oz	28.35
12098	oz	28.35
12099	oz	28.35
12100	oz	28.35
12101	oz	28.35
12104	cup, shredded	80
12104	medium	397
12104	piece (2" x 2" x 1/2")	45
12108	oz	28.35
12109	cup	85
12109	oz	28.35
12110	cup	77
12110	oz	28.5
12114	oz	28.35
12115	tbsp	15
12115	cup	240
12116	tbsp	19
12116	cup	296
12117	cup	240
12117	tbsp	15
12118	cup	226
12118	tbsp	15
12119	cup	240
12119	tbsp	15
12119	coconut yields	206
12120	cup, chopped	115
12120	cup, ground	75
12120	cup, whole	135
12120	oz (21 whole kernels)	28.35
12120	nuts	1.4
12121	oz	28.35
12122	oz	28.35
12127	oz	28.35
12128	oz	28.35
12129	cup (78 kernels)	155
12129	oz (14 kernels)	28.35
12130	cup	120
12130	oz	28.35
12130	nut	3
12131	cup, whole or halves	134
12131	oz (10-12 kernels)	28.35
12132	cup, whole or halves	132
12132	oz (10-12 kernels)	28.35
12135	cup	131
12135	oz	28.35
12136	cup	147
12137	cup	134
12137	oz	28.35
12138	cup	144
12138	oz	28.35
12140	oz	28.35
12141	cup	132
12142	cup, chopped	109
12142	cup, halves	99
12142	oz (19 halves)	28.35
12143	oz	28.35
12144	cup	110
12144	oz (15 halves)	28.35
12145	cup	120
12145	oz (15 kernels)	28.35
12147	cup	135
12147	oz (167 kernels)	28.35
12147	nuts	0.17
12149	oz	28.35
12149	nuts	0.1
12151	cup	123
12151	oz (49 kernels)	28.35
12151	kernel	0.7
12152	cup	123
12152	oz (49 kernels)	28.35
12152	kernel	0.7
12154	cup, chopped	125
12154	tbsp	7.8
12154	oz	28.35
12155	cup, chopped	117
12155	cup, ground	80
12155	cup, in shell, edible yield (7 nuts)	28
12155	cup shelled (50 halves)	100
12155	cup pieces or chips	120
12155	oz (14 halves)	28.35
12156	oz	28
12157	oz	28
12158	oz	28.35
12160	cup	149
12160	tbsp	10
12163	cup	64
12163	oz (85 seeds)	28.35
12166	tbsp	15
12166	oz	28.35
12167	cup	143
12167	oz	28.35
12167	kernels	8.4
12169	tbsp	16
12170	oz	28.35
12171	tbsp	14
12171	oz	28.35
12174	cup	108
12174	oz	28.35
12175	cup	155
12175	oz	28.35
12176	cup	240
12176	tbsp	15
12177	oz	28.35
12179	cup, shredded	93
12179	package (7 oz)	199
12193	cup	74
12193	oz	28.35
12195	tbsp	16
12195	cup	250
12198	tbsp	15
12198	oz	28.35
12200	oz	28.35
12201	cup	150
12201	tbsp	8
12201	tsp	2.7
12202	oz	28.35
12203	oz	28.35
12204	oz	28.35
12205	oz	28.35
12206	cup whole kernels	144
12206	oz	28.35
12220	tbsp, whole	10.3
12220	cup, whole	168
12220	tbsp, ground	7
12220	tsp, whole	3.4
12220	tsp, ground	2.5
12516	cup	118
12516	oz	28.35
12529	cup	128
12529	oz	28.35
12536	cup	128
12536	oz	28.35
12536	package (1.875 oz) yields	27
12537	cup	128
12537	oz	28.35
12538	cup	135
12538	oz	28.35
12539	cup	134
12539	oz	28.35
12540	tbsp	16
12540	oz	28.35
12563	cup whole kernels	138
12563	oz (22 whole kernels)	28.35
12565	cup whole kernels	157
12565	oz (22 whole kernels)	28.35
12567	oz (28 almonds)	28
12585	cup, halves and whole	137
12585	oz	28.35
12586	cup, whole	129
12586	cup, halves and pieces	129
12586	oz (18 kernels)	28.35
12588	tbsp	16
12588	oz	28.35
12632	cup, whole or halves	132
12632	oz (10-12 kernels)	28.35
12635	cup	137
12635	oz	28.35
12637	cup	134
12637	oz	28.35
12637	nuts, assorted	1.4
12638	cup	144
12638	oz	28.35
12643	oz	28.35
12644	cup	110
12644	oz (15 halves)	28.35
12652	cup	123
12652	oz (49 kernels)	28.35
12652	kernel	0.7
12663	cup	64
12663	oz (85 seeds)	28.35
12665	cup whole kernels	157
12665	oz (22 whole kernels)	28.35
12695	tbsp	16
12695	cup	250
12698	tbsp	15
12737	oz	28.35
12738	oz	28.35
13000	oz	28.33
13000	steak	214
13001	oz	28.35
13001	lb	453.6
13002	oz	28.35
13002	lb	453.6
13019	oz	28.35
13019	oz	28.25
13020	oz	28.35
13020	oz	28.33
13023	oz	28.35
13023	lb	453.6
13047	serving	85
13055	oz	28.33
13055	steak	350
13065	oz	28.35
13065	oz	28.25
13065	steak	202
13066	oz	28.33
13066	piece, cooked, excluding refuse (yield from 1 lb raw meat with refuse)	262
13067	oz	28.33
13067	steak (yield from 483 g raw meat)	387
13068	oz	28.35
13068	steak	202
13069	oz	28.33
13069	piece, cooked, excluding refuse (yield from 1 lb raw meat with refuse)	246
13070	oz	28.33
13070	steak	387
13095	oz	28.35
13095	lb	453.6
13096	oz	28.33
13096	steak (yield from 297 g raw meat)	236
13097	oz	28.35
13097	lb	453.6
13098	oz	28.33
13098	steak (yield from 297g raw meat)	236
13147	oz	28.35
13147	lb	453.6
13148	oz	28.33
13148	piece, cooked, excluding refuse (yield from 1 lb raw meat with refuse)	225
13149	oz	28.35
13149	lb	453.6
13150	piece, cooked, excluding refuse (yield from 1 lb raw meat with refuse)	121
13150	oz	28.33
13156	oz	28.33
13156	piece, cooked, excluding refuse (yield from 1 lb raw meat with refuse)	285
13158	oz	28.33
13158	piece, cooked, excluding refuse (yield from 1 lb raw meat with refuse)	282
13165	oz	28.33
13165	steak (Yield from 448 g raw meat)	293
13166	serving	45
13166	can	801
13227	oz	28.35
13227	lb	453.6
13228	oz	28.33
13228	piece, cooked, excluding refuse (yield from 1 lb raw meat with refuse)	170
13231	oz	28.33
13231	steak	539
13232	oz	28.33
13232	steak	417
13235	oz	28.33
13235	steak	461
13236	oz	28.33
13236	steak	360
13284	oz	28.33
13285	oz	28.33
13285	roast	647
13293	oz	28.33
13293	steak	679
13293	roast	960
13294	oz	28.33
13294	steak	648
13294	roast	949
13317	oz	28.33
13317	unit, cooked (yield from 1 lb raw meat)	313
13318	oz	28.35
13318	oz	28.25
13319	oz	28.33
13319	piece, cooked, excluding refuse (yield from 1 lb raw meat with refuse)	351
13320	oz	28.33
13320	piece, cooked, excluding refuse	391
13321	oz	28.35
13321	oz	28.25
13322	oz	28.33
13323	oz	28.35
13323	oz	28.25
13324	oz	28.33
13325	oz	28.33
13326	slice	68
13327	slice	81
13328	oz	28.35
13328	oz	28.25
13329	oz	28.33
13329	piece, cooked, excluding refuse (yield from 1 lb raw meat with refuse)	303
13330	oz	28.35
13330	oz	28.38
13331	oz	28.35
13331	oz	28.25
13332	oz	28.33
13332	piece, cooked, excluding refuse (yield from 1 lb raw meat with refuse)	222
13333	oz	28.35
13333	oz	28.25
13334	oz	28.33
13334	piece, cooked, excluding refuse (yield from 1 lb raw meat with refuse)	308
13335	oz	28.35
13335	oz	28.25
13337	oz	28.35
13337	oz	28.25
13338	oz	28.33
13338	piece, cooked, excluding refuse (yield from 1 lb raw meat with refuse)	381
13339	oz	28.35
13339	oz	28.25
13340	oz	28.33
13341	oz	28.35
13341	oz	28.25
13342	oz	28.33
13342	steak	56
13342	package	396
13343	oz	28.33
13343	steak	293
13344	slices	22.67
13344	package (net weight, 12 oz)	340
13345	slices	11.33
13345	package, cooked (yield from 12 oz raw product)	170
13346	oz	28.35
13346	lb	453.6
13347	oz	28.33
13347	piece, cooked, excluding refuse (yield from 1 lb raw meat with refuse)	320
13348	oz	28.35
13348	slice (3/4 oz)	21
13349	oz	28.33
13349	steak	732
13349	roast	977
13350	slices	2.8
13351	oz	28.33
13351	steak	353
13352	oz	28.33
13352	steak	356
13353	slice (1 oz) (4" x 4" x 3/32" thick)	28
13354	oz	28.33
13354	steak	349
13355	package, 2.5 oz	71
13355	slice (1 oz)	28
13356	oz	28.33
13356	steak	473
13357	sausage	43
13357	oz	28.35
13358	slice (1 oz)	28
13359	oz	28.33
13359	steak	483
13361	oz	28.33
13362	oz	28.33
13363	oz	28.33
13364	oz	28.33
13365	oz	28.33
13366	oz	28.33
13367	oz	28.33
13367	piece, cooked, excluding refuse (yield from 1 lb raw meat with refuse)	314
13368	oz	28.33
13368	piece, cooked, excluding refuse (yield from 1 lb raw meat with refuse)	264
13369	oz	28.33
13369	steak (Yield from 418 g raw meat)	270
13370	oz	28.33
13370	steak (yield from 418g raw meat)	270
13371	oz	28.33
13371	piece, cooked, excluding refuse (yield from 1 lb raw meat with refuse)	314
13372	oz	28.33
13372	piece, cooked, excluding refuse (yield from 1 lb raw meat with refuse)	232
13373	oz	28.33
13373	roast (yield from 1601 g raw meat)	1166
13375	oz	28.33
13375	roast (yield from 1675 g raw meat)	1236
13377	oz	28.33
13377	roast (yield from 1528g raw meat)	1095
13378	oz	28.33
13378	roast (yield from 1675 g raw meat)	1236
13379	piece, cooked, excluding refuse (yield from 1 lb raw meat with refuse)	235
13379	oz	28.33
13380	oz	28.33
13380	roast	658
13381	oz	28.33
13381	roast	629
13382	oz	28.33
13382	piece, cooked, excluding refuse (yield from 1 lb raw meat with refuse)	191
13383	oz	28.33
13383	roast	658
13384	oz	28.33
13384	roast	629
13386	oz	28.33
13386	piece, cooked, excluding refuse (yield from 1 lb raw meat with refuse)	290
13387	oz	28.33
13387	piece, cooked, excluding refuse (yield from 1 lb raw meat with refuse)	286
13388	oz	28.33
13388	piece, cooked, excluding refuse (yield from 1 lb raw meat with refuse)	214
13389	oz	28.33
13389	piece, cooked, excluding refuse (yield from 1 lb raw meat with refuse)	207
13390	oz	28.33
13390	piece, cooked, excluding refuse (yield from 1 lb raw meat with refuse)	217
13391	oz	28.33
13391	steak (yield from 233 g raw meat)	233
13392	oz	28.33
13392	piece, cooked, excluding refuse (yield from 1 lb raw meat with refuse)	272
13393	oz	28.33
13393	piece, cooked, excluding refuse (yield from 1 lb raw meat with refuse)	265
13394	oz	28.33
13394	steak (yield from 296 g raw meat)	233
13395	oz	28.33
13395	piece, cooked, excluding refuse (yield from 1 lb raw meat with refuse)	220
13396	oz	28.33
13396	piece, cooked, excluding refuse (yield from 1 lb raw meat with refuse)	220
13398	oz	28.33
13398	steak (yield from 290 g raw meat)	185
13399	oz	28.33
13399	roast (yield from 600 g raw meat)	489
13401	oz	28.33
13401	steak (yield from 299 g raw meat)	191
13402	oz	28.33
13402	roast (yield from 627 g raw meat)	515
13404	oz	28.33
13404	steak (yield from 281 g raw meat)	179
13405	oz	28.33
13405	roast (yield from 572 g raw meat)	464
13407	oz	28.33
13407	steak (yield from 290 g raw meat)	185
13408	oz	28.33
13408	roast (yield from 600 g raw meat)	489
13410	oz	28.33
13410	steak (yield from 299 g raw meat)	191
13411	oz	28.33
13411	roast (yield from 627 g raw meat)	515
13413	oz	28.33
13413	steak (yield from 281 g raw meat)	179
13414	oz	28.33
13414	roast (yield from 572 g raw meat)	464
13415	oz	28.33
13415	roast (yield from 436 g raw meat)	346
13415	piece, cooked, excluding refuse (yield from 1 lb raw meat with refuse)	333
13416	oz	28.33
13416	roast (yield from 445 g raw meat)	355
13417	oz	28.33
13417	roast (yield from 426 g raw meat)	337
13418	oz	28.33
13418	roast (yield from 436 g raw meat)	346
13418	piece, cooked, excluding refuse (yield from 1 lb raw meat with refuse)	330
13419	oz	28.33
13419	roast (yield from 445 g raw meat)	355
13419	piece, cooked, excluding refuse (yield from 1 lb raw meat with refuse)	331
13420	oz	28.33
13420	roast (yield from 426 g raw meat)	337
13420	piece, cooked, excluding refuse (yield from 1 lb raw meat with refuse)	296
13421	oz	28.33
13421	piece, cooked, excluding refuse (yield from 1 lb raw meat with refuse)	330
13422	oz	28.33
13422	roast (yield from 1405 g raw meat)	1138
13423	oz	28.33
13423	roast (yield from 1388 g raw meat)	1141
13424	oz	28.33
13424	piece, cooked, excluding refuse (yield from 1 lb raw meat with refuse)	320
13425	oz	28.33
13425	roast (yield from 1405 g raw meat)	1138
13426	oz	28.33
13426	roast (yield from 1388 g raw meat)	1141
13428	oz	28.33
13428	piece, cooked, excluding refuse (yield from 1 lb raw meat with refuse)	267
13430	oz	28.33
13430	piece, cooked, excluding refuse (yield from 1 lb raw meat with refuse)	267
13432	oz	28.33
13432	piece, cooked, excluding refuse (yield from 1 lb raw meat with refuse)	267
13436	oz	28.33
13436	piece, cooked, excluding refuse (yield from 1 lb raw meat with refuse)	261
13438	oz	28.33
13438	piece, cooked, excluding refuse (yield from 1 lb raw meat with refuse)	261
13439	oz	28.33
13439	steak	117
13440	oz	28.33
13440	steak (yield from 161 g raw meat)	126
13441	oz	28.33
13441	steak (yield from 136 g raw meat)	108
13442	oz	28.33
13442	steak	119
13443	oz	28.33
13443	steak	121
13444	oz	28.33
13444	steak	117
13445	oz	28.33
13445	steak	119
13446	oz	28.33
13446	steak (yield from 203 g raw meat)	164
13447	oz	28.33
13447	steak (yield from 186 g raw meat)	150
13448	oz	28.33
13448	steak, excluding refuse (yield from 1 raw steak, with refuse, weighing 223 g)	150
13449	oz	28.33
13449	steak (yield from 203 g raw meat)	164
13450	oz	28.33
13450	steak (yield from 186 g raw meat)	150
13451	oz	28.33
13451	steak (yield from 518 g raw meat)	384
13452	oz	28.33
13452	steak (yield from 532 g raw meat)	393
13453	oz	28.33
13453	steak (yield from 505 g raw meat)	375
13454	oz	28.33
13454	piece, cooked, excluding refuse (yield from 1 lb raw meat with refuse)	292
13455	oz	28.33
13455	steak (yield from 532 g raw meat)	393
13456	oz	28.33
13456	steak (yield from 505 g raw meat)	375
13459	oz	28.33
13459	lb	453.6
13460	oz	28.33
13460	lb	453.6
13463	oz ( 1serving )	28.33
13463	lb	453.6
13464	oz	28.33
13464	steak	534
13465	oz	28.33
13465	steak	421
13466	oz	28.33
13466	lb	453.6
13467	oz	28.33
13467	serving	85
13467	piece, cooked, excluding refuse	266
13468	oz	28.33
13468	steak	526
13469	oz	28.33
13469	steak	426
13470	oz	28.33
13470	serving	85
13470	piece, cooked, excluding refuse	256
13473	oz	28.33
13473	lb	453.6
13474	oz	28.33
13474	lb	453.6
13477	oz	28.33
13477	lb	453.6
13478	oz	28.33
13478	steak	460
13479	oz	28.33
13479	steak	363
13481	oz	28.33
13481	serving	85
13481	piece, cooked, excluding refuse	271
13482	oz	28.33
13482	steak	458
13483	oz	28.33
13483	steak	368
13484	oz	28.33
13484	serving	85
13484	piece, cooked, excluding refuse	264
13485	oz	28.33
13485	steak	247
13486	oz	28.33
13486	roast	1289
13487	oz	28.33
13487	roast	1392
13488	oz	28.33
13488	roast	1187
13490	oz	28.33
13490	steak	231
13491	oz	28.33
13491	steak	277
13492	oz	28.33
13492	steak	284
13493	oz	28.33
13493	steak	269
13494	oz	28.33
13494	portion (yield from 1/2 lb raw meat )	139
13495	oz	28.33
13495	loaf ( yield from 1 lb raw meat )	284
13496	oz	28.33
13496	patty	77
13497	oz	28.33
13497	patty	70
13498	oz	28.25
13498	oz	28.35
13499	oz	28.33
13499	steak	458
13500	oz	28.33
13500	steak	186
13501	oz	28.33
13501	steak	177
13502	oz	28.33
13502	steak	199
13519	oz	28.33
13519	steak	1438
13520	oz	28.33
13520	steak	1432
13523	oz	28.33
13523	steak	1446
13595	oz	28.33
13595	piece	1855
13596	oz	28.33
13596	piece	1780
13597	oz	28.33
13597	piece	1967
13598	oz	28.33
13598	steak	186
13647	oz	28.33
13647	steak	1027
13647	roast	1316
13648	oz	28.33
13649	oz	28.33
13649	steak	1106
13649	roast	1320
13650	oz	28.33
13650	steak	177
13786	oz	28.33
13786	roast	723
13788	oz	28.33
13788	roast	698
13791	oz	28.33
13791	roast	761
13795	oz	28.5
13796	oz	28.33
13797	oz	28.5
13798	oz	28.33
13799	oz	28.5
13800	oz	28.33
13803	oz	28.35
13803	lb	453.6
13804	oz	28.33
13804	piece, cooked, excluding refuse (yield from 1 lb raw meat with refuse)	329
13805	oz	28.33
13805	steak	452
13806	oz	28.33
13806	steak (yield from raw steak weighing 550 g)	380
13807	oz	28.35
13807	lb	453.6
13808	oz	28.33
13808	piece, cooked, excluding refuse (yield from 1 lb raw meat with refuse)	332
13809	oz	28.35
13809	lb	453.6
13810	oz	28.33
13810	piece, cooked, excluding refuse (yield from 1 lb raw meat with refuse)	258
13811	oz	28.35
13811	roast	1801
13811	lb	453.6
13812	oz	28.33
13812	piece, cooked, excluding refuse (yield from 1 lb raw meat with refuse)	258
13813	oz	28.35
13813	roast	1783
13813	lb	453.6
13814	oz	28.33
13814	piece, cooked, excluding refuse (yield from 1 lb raw meat with refuse)	257
13815	oz	28.35
13815	lb	453.6
13816	oz	28.33
13816	piece, cooked, excluding refuse (yield from 1 lb raw meat with refuse)	247
13817	oz	28.35
13817	lb	453.6
13818	oz	28.33
13818	piece, cooked, excluding refuse (yield from 1 lb raw meat with refuse)	247
13819	oz	28.35
13819	lb	453.6
13820	oz	28.33
13820	piece, cooked, excluding refuse (yield from 1 lb raw meat with refuse)	247
13821	oz	28.33
13821	roast	609
13822	oz	28.33
13822	roast	586
13823	oz	28.33
13823	roast	645
13824	oz	28.35
13824	lb	453.6
13825	oz	28.33
13825	piece, cooked, excluding refuse (yield from 1 lb raw meat with refuse)	267
13826	oz	28.33
13826	piece, cooked, excluding refuse (yield from 1 lb raw meat with refuse)	289
13827	oz	28.35
13827	lb	453.6
13828	oz	28.33
13828	piece, cooked, excluding refuse (yield from 1 lb raw meat with refuse)	267
13829	oz	28.33
13829	piece, cooked, excluding refuse (yield from 1 lb raw meat with refuse)	289
13830	oz	28.35
13830	lb	453.6
13831	oz	28.33
13831	piece, cooked, excluding refuse (yield from 1 lb raw meat with refuse)	264
13832	oz	28.33
13832	piece, cooked, excluding refuse (yield from 1 lb raw meat with refuse)	289
13833	oz	28.35
13833	lb	453.6
13834	oz	28.33
13834	piece, cooked, excluding refuse (yield from 1 lb raw meat with refuse)	274
13835	oz	28.33
13835	piece, cooked, excluding refuse (yield from 1 lb raw meat with refuse)	278
13838	oz	28.35
13838	lb	453.6
13839	oz	28.33
13839	piece, cooked, excluding refuse (yield from 1 lb raw meat with refuse)	267
13840	oz	28.33
13840	piece, cooked, excluding refuse (yield from 1 lb raw meat with refuse)	292
13841	oz	28.35
13841	lb	453.6
13842	oz	28.33
13842	piece, cooked, excluding refuse (yield from 1 lb raw meat with refuse)	267
13843	oz	28.33
13843	piece, cooked, excluding refuse (yield from 1 lb raw meat with refuse)	296
13844	oz	28.35
13844	lb	453.6
13845	oz	28.33
13845	piece, cooked, excluding refuse (yield from 1 lb raw meat with refuse)	267
13846	oz	28.33
13846	piece, cooked, excluding refuse (yield from 1 lb raw meat with refuse)	292
13847	oz	28.35
13847	lb	453.6
13848	oz	28.33
13848	piece, cooked, excluding refuse (yield from 1 lb raw meat with refuse)	278
13849	oz	28.33
13849	piece, cooked, excluding refuse (yield from 1 lb raw meat with refuse)	281
13850	oz	28.35
13850	lb	453.6
13851	oz	28.33
13851	piece, cooked, excluding refuse (yield from 1 lb raw meat with refuse)	268
13852	oz	28.33
13852	piece, cooked, excluding refuse (yield from 1 lb raw meat with refuse)	282
13853	oz	28.35
13853	lb	453.6
13854	oz	28.33
13854	steak (yield from 320 g raw meat)	256
13855	oz	28.33
13855	piece, cooked, excluding refuse (yield from 1 lb raw meat with refuse)	278
13856	oz	28.33
13856	steak	335
13857	oz	28.33
13857	steak (yield from 1 raw steak weighing 321g)	245
13858	oz	28.33
13858	piece, cooked, excluding refuse (yield from 1 lb raw meat with refuse)	285
13859	oz	28.35
13859	lb	453.6
13860	oz	28.33
13860	piece, cooked, excluding refuse (yield from 1 lb raw meat with refuse)	268
13861	oz	28.33
13861	piece, cooked, excluding refuse (yield from 1 lb raw meat with refuse)	276
13862	oz	28.33
13862	steak	199
13863	oz	28.33
13863	steak	239
13864	oz	28.35
13864	lb	453.6
13865	oz	28.33
13865	piece, cooked, excluding refuse (yield from 1 lb raw meat with refuse)	313
13866	oz	28.35
13866	lb	453.6
13867	oz	28.33
13867	piece, cooked, excluding refuse (yield from 1 lb raw meat with refuse)	313
13868	oz	28.35
13868	lb	453.6
13869	oz	28.33
13869	piece, cooked, excluding refuse (yield from 1 lb raw meat with refuse)	281
13870	oz	28.33
13870	piece, cooked, excluding refuse (yield from 1 lb raw meat with refuse)	338
13870	roast (yield from 1 raw roast weighing 776g)	632
13871	oz	28.35
13871	lb	453.6
13872	oz	28.33
13872	steak (yield from 341 g raw meat)	227
13873	oz	28.33
13873	piece, cooked, excluding refuse (yield from 1 lb raw meat with refuse)	338
13873	roast (yield from raw roast weighing 766g)	627
13874	oz	28.33
13874	steak	312
13875	oz	28.33
13875	steak (yield from raw steak weighing 340g)	226
13876	oz	28.33
13876	piece, cooked, excluding refuse (yield from 1 lb raw meat with refuse)	338
13876	roast (yield from 1 raw roast weighing 786g)	636
13877	oz	28.35
13877	lb	453.6
13878	oz	28.33
13878	piece, cooked, excluding refuse (yield from 1 lb raw meat with refuse)	333
13879	oz	28.35
13879	lb	453.6
13880	oz	28.33
13880	piece, cooked, excluding refuse (yield from 1 lb raw meat with refuse)	333
13881	oz	28.35
13881	lb	453.6
13882	oz	28.33
13882	roast (yield from 530 g raw meat)	417
13883	oz	28.35
13883	lb	453.6
13884	oz	28.33
13884	piece, cooked, excluding refuse (yield from 1 lb raw meat with refuse)	326
13885	oz	28.35
13885	lb	453.6
13886	oz	28.33
13886	piece, cooked, excluding refuse (yield from 1 lb raw meat with refuse)	325
13887	oz	28.35
13887	lb	453.6
13888	oz	28.33
13888	piece, cooked, excluding refuse (yield from 1 lb raw meat with refuse)	327
13889	oz	28.33
13889	steak	231
13890	oz	28.33
13890	piece cooked, excluding refuse (yield from 1 lb raw meat with refuse)	283
13891	oz	28.35
13891	lb	453.6
13892	oz	28.33
13892	piece, cooked, excluding refuse (yield from 1 lb raw meat with refuse)	286
13893	oz	28.33
13893	piece, cooked, excluding refuse (yield from 1 lb raw meat with refuse)	326
13894	oz	28.35
13894	lb	453.6
13895	oz	28.33
13895	piece, cooked, excluding refuse (yield from 1 lb raw meat with refuse)	289
13896	oz	28.33
13896	steak (yield from raw steak weighing 492 g)	347
13896	piece, cooked, excluding refuse (yield from 1 lb raw meat with refuse)	326
13897	oz	28.33
13897	piece, cooked, excluding refuse (yield from 1 lb raw meat with refuse)	283
13898	oz	28.35
13898	lb	453.6
13899	oz	28.33
13899	piece, cooked, excluding refuse (yield from 1 lb raw meat with refuse)	286
13900	oz	28.33
13900	steak (yield from raw steak weighing 491g)	359
13900	piece, cooked, excluding refuse (yield from 1 lb raw meat with refuse)	329
13901	oz	28.35
13901	lb	453.6
13902	oz	28.33
13902	piece, cooked, excluding refuse (yield from 1 lb raw meat with refuse)	332
13903	oz	28.33
13903	steak	252
13904	oz	28.33
13904	piece	1855
13905	oz	28.33
13905	steak	539
13906	oz	28.33
13906	steak	417
13907	oz	28.33
13907	steak	461
13908	oz	28.33
13908	steak	360
13909	oz	28.33
13910	oz	28.33
13910	steak	213
13911	oz	28.33
13911	steak	301
13912	oz	28.33
13912	steak (yield from 270 g raw meat)	221
13913	oz	28.33
13914	oz	28.33
13915	oz	28.33
13915	steak, excluding refuse (yield from 1 raw steak, with refuse, weighing 242 g)	227
13916	oz	28.33
13916	steak, excluding refuse (yield from 1 raw steak, with refuse, weighing 242 g)	167
13917	oz	28.33
13917	steak	164
13918	oz	28.33
13918	steak, excluding refuse (yield from 1 raw steak, with refuse, weighing 154 g)	104
13919	oz	28.33
13919	piece, cooked, excluding refuse (yield from 1 lb raw meat with refuse)	330
13920	oz	28.33
13920	steak	177
13921	steak (yield from 181 g raw meat)	140
13921	oz	28.33
13922	oz	28.33
13922	piece, cooked, excluding refuse (yield from 1 lb raw meat with refuse)	329
13923	steak (yield from 1 raw steak weighing149g)	149
13923	oz	28.35
13923	lb	453.6
13924	steak (yield from 1 raw steak weighing 151g)	119
13924	oz	28.33
13924	steak, excluding refuse (yield from 1 raw steak, with refuse, weighing 154 g)	104
13925	oz	28.33
13925	piece, cooked, excluding refuse (yield from 1 lb raw meat with refuse)	329
13926	oz	28.35
13926	lb	453.6
13927	oz	28.33
13927	steak, excluding refuse (yield from 1 raw steak, with refuse, weighing 154 g)	106
13928	oz	28.33
13928	piece, cooked, excluding refuse (yield from 1 lb raw meat with refuse)	326
13929	oz	28.33
13929	steak	608
13930	oz	28.33
13930	piece, cooked, excluding refuse (yield from 1 lb raw meat with refuse)	306
13931	oz	28.35
13931	lb	453.6
13932	oz	28.33
13932	piece, cooked, excluding refuse (yield from 1 lb raw meat with refuse)	306
13933	oz	28.33
13933	piece, cooked, excluding refuse (yield from 1 lb raw meat with refuse)	307
13934	oz	28.33
13934	steak	594
13935	oz	28.33
13935	steak (yield from 1 raw steak weighing 624g)	485
13937	oz	28.33
13940	oz	28.33
13943	oz ( 1 serving )	28.33
13946	oz	28.33
13948	oz	28.33
13948	steak (yield from 475 g raw meat)	383
13949	oz	28.33
13949	steak (yield from 467 g raw meat)	379
13950	oz	28.33
13950	steak (yield from 388 g raw meat)	247
13951	oz	28.33
13951	steak (yield from 294 g raw meat)	231
13952	oz	28.33
13952	steak (yield from 295 g raw meat)	233
13953	roast (yield from 690g raw meat)	569
13954	oz	28.33
13954	roast	261
13955	oz	28.33
13955	roast (yield from 714 g raw meat)	591
13956	oz	28.33
13956	roast	271
13957	oz	28.33
13957	roast (yield from 666 g raw meat)	547
13958	oz	28.33
13958	roast	252
13959	oz	28.33
13959	steak (yield from 381 g raw meat)	277
13961	oz (1 serving)	28.33
13963	oz	28.33
13965	oz	28.33
13967	oz	28.33
13968	oz	28.33
13968	steak (yield from 396 g raw meat)	284
13969	oz	28.33
13969	steak (yield from 368 g meat)	269
13970	oz	28.33
13970	steak	188
13971	oz	28.33
13971	steak	173
13972	oz	28.33
13972	roast	1289
13973	oz	28.33
13973	roast	1263
13974	oz	28.33
13974	roast	1327
13975	oz	28.33
13975	piece	1780
13977	oz	28.33
13979	oz	28.33
13980	oz	28.33
13980	piece	272
13981	oz	28.33
13981	piece	315
13982	oz	28.33
13982	piece	289
13983	oz	28.33
13983	piece	514
13985	serving	85
13985	roast	569
14003	fl oz	29.7
14003	can	356
14004	fl oz	29.8
14004	fl oz	29.75
14005	fl oz	29.5
14005	fl oz	29.58
14006	fl oz	29.5
14006	can or bottle (12 fl oz)	354
14007	fl oz	29.5
14007	fl oz	29.5
14009	fl oz	30.5
14009	can (6.8 fl oz, 200 ml)	207
14010	fl oz	30.2
14010	cocktail (2 fl oz)	60
14013	fl oz	29.5
14013	fl oz	29.5
14015	fl oz	32.6
14015	can (6.8 fl oz, 200 ml)	222
14016	fl oz	30
14016	cup	240
14017	fl oz	31.4
14017	cocktail (4.5 fl oz)	141
14019	fl oz	31.1
14019	can (6.8 fl oz, 200 ml)	211
14021	fl oz	30
14022	fl oz	30
14024	packet	17
14025	fl oz	29.4
14025	packet prepared	103
14026	fl oz	30
14027	fl oz	30.8
14027	can (6.8 fl oz, 200 ml)	209
14028	fl oz	32.3
14028	fl oz	32.5
14029	fl oz	30.4
14029	portion (2 oz mix + 1.5 oz whiskey)	106
14030	fl oz	30
14031	fl oz	30
14033	scoop	19.5
14034	fl oz	33.6
14034	jigger 1.5 fl oz	50
14035	scoop	44
14036	fl oz	29.57
14037	fl oz	27.8
14037	jigger (1.5 fl oz)	42
14038	can	250
14041	bottle	237
14044	bottle	295
14045	bottle	295
14047	scoop	26
14048	bottle	500
14049	fl oz	27.8
14049	jigger (1.5 fl oz)	42
14050	fl oz	27.8
14050	fl oz	28
14051	fl oz	27.8
14051	fl oz	28
14052	fl oz	27.8
14052	jigger (1.5 fl oz)	42
14054	fl oz	30
14054	cup	240
14055	scoop	26
14056	fl oz	33.25
14056	fl oz	30
14057	fl oz	29.5
14057	glass (3.5 fl oz)	103
14058	scoop	28.67
14059	serving	296
14060	fl oz	30
14061	fl oz	30
14062	fl oz	31.75
14063	tbsp	5.5
14064	fl oz	30
14065	fl oz	29.63
14066	cup	96.97
14067	scoop	45
14068	packet	14.5
14073	can	355
14074	can	355
14075	fl oz	30
14076	serving	100
14079	fl oz	29.56
14080	tbsp	5.5
14083	serving	256
14084	serving (5 fl oz)	148
14084	fl oz	29.5
14086	serving 8 oz	245
14087	serving 8 oz	245
14088	serving 8 oz	246
14090	cup	245
14091	cup	262
14092	cup	240
14093	fl oz	29.55
14095	fl oz	30
14096	fl oz	29.4
14096	serving (5 fl oz)	147
14097	fl oz	29.4
14097	serving (5 fl oz)	147
14098	fl oz	29.4
14098	serving (5 fl oz)	147
14099	fl oz	29.4
14099	serving (5 fl oz)	147
14100	fl oz	29.4
14100	serving (5 fl oz)	147
14101	fl oz	29.4
14101	serving (5 fl oz)	147
14102	fl oz	29.4
14102	serving (5 fl oz)	147
14103	fl oz	29.5
14103	serving (5 fl oz)	147
14105	fl oz	29.4
14105	serving (5 fl oz)	147
14106	fl oz	29.4
14106	serving (5 fl oz)	147
14107	fl oz	29.4
14107	serving (5 fl oz)	147
14108	fl oz	29.4
14108	serving (5 fl oz)	147
14109	fl oz	29.4
14109	serving (5 fl oz)	147
14113	fl oz	29.3
14113	serving (5 fl oz)	147
14116	fl oz	29.5
14116	serving (5 fl oz)	148
14117	fl oz	29.3
14117	serving (5 fl oz)	147
14119	fl oz	30.88
14120	fl oz	29.5
14120	serving (5 fl oz)	148
14121	fl oz	29.6
14121	can or bottle (16 fl oz)	474
14121	can or bottle (12 fl oz)	355
14124	fl oz	29.5
14124	serving (5 fl oz)	147
14125	fl oz	30.5
14125	serving (5 fl oz)	152
14126	fl oz	29.5
14126	serving (5 fl oz)	147
14130	fl oz	30.9
14130	can or bottle (16 fl oz)	494
14130	can or bottle (12 fl oz)	371
14132	fl oz	29.6
14132	serving (5 fl oz)	148
14134	fl oz	29.3
14134	serving (5 fl oz)	147
14135	fl oz	30.8
14135	serving (5 fl oz)	154
14136	fl oz	30.5
14136	can or bottle (16 fl oz)	488
14136	can or bottle (12 fl oz)	366
14137	fl oz	30.6
14137	serving (8 fl oz)	245
14137	serving (12 fl oz)	368
14137	serving (16.9 fl oz)	518
14138	fl oz	29.3
14138	serving (5 fl oz)	147
14140	fl oz	30
14140	serving (5 fl oz)	150
14142	fl oz	31
14142	can or bottle (12 fl oz)	372
14143	fl oz	29.6
14143	can (12 fl oz)	355
14144	fl oz	30.8
14144	drink (12 fl oz)	368
14144	drink, small (16 fl oz)	491
14144	drink, medium (22 fl oz)	675
14144	drink, large (32 fl oz)	982
14144	drink, extra large (44 fl oz)	1351
14145	fl oz	30.8
14145	serving 12 fl oz	369
14145	serving 16 fl oz	492
14145	cup 12 fl oz 12 fl oz	258
14146	fl oz	29.6
14146	can or bottle (16 fl oz)	474
14146	can (12 fl oz)	355
14146	drink, small (16 fl oz)	474
14146	drink, medium (22 fl oz)	651
14146	drink, large (32 fl oz)	947
14146	drink, extra large (44 fl oz)	1302
14147	fl oz	30.7
14147	serving 12 fl oz	368
14147	serving 16 fl oz	491
14148	fl oz	30.7
14148	can or bottle (12 fl oz)	370
14148	can or bottle (16 fl oz)	492
14148	drink, small (16 fl oz)	492
14148	drink, medium (22 fl oz)	676
14148	drink, large (32 fl oz)	984
14148	drink, extra large (44 fl oz)	1353
14149	fl oz	29.6
14149	can (8 fl oz)	355
14150	fl oz	31
14150	can or bottle (16 fl oz)	496
14150	can or bottle (12 fl oz)	372
14151	fl oz	29.6
14151	can (12 fl oz)	355
14152	fl oz	29.5
14152	serving 5 fl oz	148
14153	fl oz	30.7
14153	can or bottle (16 fl oz)	491
14153	can or bottle (12 fl oz)	368
14154	can 8.4 fl oz	258
14154	serving 12 fl oz	369
14154	serving 16 fl oz	492
14155	fl oz	30.5
14155	bottle (11 fl oz)	336
14155	can or bottle (16 fl oz)	488
14155	can or bottle (12 fl oz)	366
14156	serving 8.3 fl oz can	250
14157	fl oz	30.8
14157	can or bottle (16 fl oz)	493
14157	can or bottle (12 fl oz)	370
14158	fl oz	29.4
14158	serving 5 fl oz	147
14159	fl oz	29.4
14159	serving 5 fl oz	147
14160	fl oz	29.3
14160	serving 5 fl oz	147
14161	fl oz	29.56
14162	fl oz	30
14163	fl oz	29.62
14164	cup dry mix	98
14164	cup prepared	251
14165	cup	253
14166	fl oz	29.6
14166	bottle (16 fl oz)	474
14166	can (12 fl oz)	355
14167	fl oz	30
14168	tbsp	12
14169	cup (8 fl oz)	256
14171	cup	240
14173	fl oz	29.58
14174	fl oz	30
14177	cup (8 fl oz)	266
14179	cup	262
14180	cup	248
14181	serving 2 tbsp	39
14181	cup	300
14182	cup (8 fl oz)	282
14183	cup	265
14187	fl oz	30.2
14187	can (5.5 oz)	166
14188	cup	260
14189	fl oz	30
14190	cup	269
14191	cup	265
14192	serving (3 heaping tsp or 1 envelope)	28
14194	fl oz	34.3
14194	serving 6 fl oz	206
14195	serving 1 envelope	20
14196	envelope Alba (.675 oz)	19
14196	envelope  Swiss Miss (.53 oz)	15
14197	serving 1 envelope	20
14199	cup	271
14201	fl oz	29.6
14201	fl oz	29.67
14201	cup (8 fl oz)	237
14202	fl oz	29.6
14203	tsp	1
14203	packet	2
14204	tsp dry	6.4
14206	cup	270
14207	cup	266
14207	fl oz	29.56
14209	fl oz	29.6
14209	fl oz	29.67
14209	cup (8 fl oz)	237
14210	fl oz	29.6
14211	cup	265
14214	tsp	1
14214	packet	2
14215	fl oz	29.8
14215	serving 6 fl oz	179
14216	fl oz	30
14217	fl oz	30
14218	tsp rounded	1.8
14219	fl oz	29.9
14219	serving 6 fl oz	179
14220	fl oz	31.12
14221	fl oz	29.62
14222	tsp, rounded	1.8
14223	fl oz	29.9
14223	serving 6 fl oz	179
14224	serving 2 tbsp	13
14226	fl oz	30.25
14227	fl oz	30.88
14231	NLEA Serving	14
14233	fl oz	31
14234	fl oz	30.88
14235	fl oz	29.62
14236	tsp (1 serving)	3
14237	fl oz	30.1
14237	serving 6 fl oz	180
14238	fl oz	30.6
14238	cup (8 fl oz)	245
14239	fl oz	29.91
14240	fl oz	30.6
14240	cup (8 fl oz)	245
14241	fl oz	30.6
14241	cup (8 fl oz)	245
14242	fl oz	31.6
14242	cup (8 fl oz)	253
14243	fl oz	29.6
14243	cup (8 fl oz)	237
14245	cup (8 fl oz)	272
14246	tbsp	2.25
14247	fl oz	29.56
14248	fl oz	29.67
14250	fl oz	29.58
14251	fl oz	30.6
14251	bottle	355
14252	bottle	1184
14253	fl oz	30.3
14255	fl oz	31
14256	fl oz	31
14257	fl oz	31
14258	fl oz	30.88
14259	fl oz	31
14260	ml	1
14261	fl oz	29.56
14262	fl oz	35.2
14262	can (12 fl oz)	423
14263	fl oz	31
14263	serving 8 fl oz	248
14264	fl oz	31.11
14264	cup (8 fl oz)	248
14267	fl oz	31
14267	cup (8 fl oz)	248
14268	fl oz	34.8
14268	can (12 fl oz)	418
14269	fl oz	30.9
14269	cup	247
14270	serving	15
14276	NLEA Serving	210
14276	ml	1
14277	fl oz	31.3
14277	cup (8 fl oz)	250
14278	cup	245
14278	fl oz	29.6
14279	cup	268
14280	cup	240
14281	cup	240
14282	fl oz	31.3
14282	fl oz	31.33
14282	fl oz	31.25
14282	serving	227
14284	cup	271
14285	fl oz	28.38
14287	serving	18
14287	cup	218
14288	fl oz	33
14288	cup 8 fl oz	264
14292	fl oz	36.5
14292	can (12 fl oz)	438
14292	can (6 fl oz)	219
14293	fl oz	30.9
14293	cup 8 fl oz	247
14296	serving	18
14296	scoop (2 tbsp)	58
14297	fl oz	31.8
14297	cup 8 fl oz	255
14303	fl oz	30.9
14303	cup 8 fl oz	247
14305	fl oz	29.6
14305	cup	237
14309	serving (4 tbsp or 1 envelope)	21
14309	individual serving (4-5 heaping tsp or 1 envelope)	21
14310	cup (8 fl oz)	265
14311	serving (3 heaping tsp or 1 envelope)	21
14312	cup (8 fl oz)	265
14315	cup	78
14315	serving (4 tbsp or 1 envelope)	21
14316	cup (8 fl oz)	265
14317	serving (3 heaping tsp or 1 envelope)	21
14318	cup (8 fl oz)	265
14323	fl oz	31
14323	cup (8 fl oz)	248
14327	fl oz	31.2
14327	cup (8 fl oz)	250
14334	fl oz	31.3
14334	cup (8 fl oz)	250
14341	fl oz	31.3
14341	cup (8 fl oz)	250
14347	fl oz	20.8
14347	cup (8 fl oz)	166
14347	milkshake (10 fl oz)	208
14347	small McDonald's shake (12 fl oz)	250
14347	medium McDonald's shake (16 fl oz)	333
14347	large McDonald's shake (22 fl oz)	458
14350	serving (2-3 heaping tsp)	22
14351	cup (8 fl oz)	266
14352	fl oz	29.6
14352	fl oz	29.67
14352	cup (8 fl oz)	237
14353	serving 2 tsp	0.7
14355	fl oz	29.6
14355	fl oz	29.67
14355	cup (8 fl oz)	237
14356	tsp	0.8
14357	serving (3 heaping tsp)	23
14357	cup	182
14366	serving 1 tsp	0.7
14367	fl oz	29.7
14367	serving 6 fl oz	178
14367	serving 8 fl oz	238
14368	tsp, rounded	1.4
14368	tbsp, rounded	5.65
14370	serving (3 heaping tsp)	23
14370	cup	182
14371	cup (8 fl oz)	259
14375	tsp	0.8
14375	tbsp (1/4 cup)	3.6
14376	fl oz	29.8
14376	serving 6 fl oz	179
14376	serving 8 fl oz	238
14381	fl oz	29.6
14381	fl oz	29.67
14381	cup (8 fl oz)	237
14384	fl oz	29.6
14384	bottle 6.5 fl oz	192
14384	bottle 11 fl oz	325
14384	cup 8 fl oz	237
14385	fl oz	29.6
14385	bottle 16.9 fl oz	500
14385	bottle 24 fl oz	710
14385	bottle 8 fl oz	237
14390	fl oz	32.1
14390	serving dry mix with 6 fl oz water	192
14400	serving child 12 fl oz, without ice	258
14400	serving small 16 fl oz, without ice	347
14400	serving medium 21 fl oz,  without ice	486
14400	serving large 32 fl oz,  without ice	722
14405	fl oz	35.2
14405	can (12 fl oz)	423
14406	fl oz	29.3
14406	fl oz	29.25
14407	serving 2 tbsp	26
14408	fl oz	33.9
14408	fl oz	33.83
14409	portion, amount of dry mix to make 8 fl oz prepared	2.5
14411	fl oz	29.6
14411	serving 8 fl oz	237
14411	liter	1000
14412	fl oz	29.6
14412	serving 8 fl oz 8 fl oz	237
14412	liter	1000
14414	fl oz	34.8
14414	serving 1.5 fl oz	52
14415	fl oz	31.1
14415	fl oz	31.33
14416	fl oz	29.6
14416	can can 12 fl oz	355
14416	bottle bottle 16 fl oz	473
14416	serving child 12 fl oz	258
14416	serving small 16 fl oz	347
14416	serving medium 21 fl oz	486
14416	serving large 32 fl oz	722
14421	fl oz	30.83
14422	packet (.75 oz)	21
14422	envelope	21
14423	serving	243
14424	fl oz	35.3
14424	can	424
14425	fl oz	31
14425	fl oz	31
14426	fl oz	36.3
14426	can	436
14427	fl oz	31.3
14427	fl oz	31.25
14428	fl oz	23.5
14428	serving small 12 fl oz	282
14428	serving medium 16 fl oz	376
14428	serving large 21 fl oz	494
14429	fl oz	29.6
14429	bottle 8 fl oz	237
14429	liter	1000
14429	ice cube (3/4 fl oz)	21.33
14430	fl oz	36.2
14430	can (12 fl oz)	435
14431	fl oz	29.6
14431	fl oz	29.62
14432	fl oz	29.6
14432	bottle 11.2 fl oz	331
14432	bottle 500 ml	500
14432	bottle 25 fl oz	739
14433	fl oz	29.6
14433	bottle 16.9 fl oz i	500
14433	bottle 24 fl oz	710
14434	fl oz	29.6
14434	bottle 16.9 fl oz	500
14434	bottle 12 fl oz	355
14434	bottle 20 fl oz	591
14436	fl oz	31.6
14436	cup (8 fl oz)	253
14437	fl oz	29.6
14437	bottle 16.9 fl oz	500
14437	bottle 24 fl oz	710
14438	fl oz	29.6
14438	bottle 8 fl oz	237
14438	bottle 500 ml	500
14439	fl oz	29.6
14440	fl oz	29.6
14440	bottle 8.5 fl oz	251
14450	scoop powder	23
14450	cup powder	207
14460	fl oz	30.5
14460	fl oz	30.5
14460	bottle	609
14461	fl oz	30.5
14461	fl oz	30.5
14461	fl oz	30.42
14462	fl oz	29.6
14462	bottle 16.9 fl oz	501
14462	bottle 12 fl oz	356
14462	bottle 23.7 fl oz	703
14475	fl oz	30.6
14475	bottle 8 fl oz	28.38
14475	bottle 12 fl oz	368
14475	bottle 20 fl oz	613
14476	fl oz	30.6
14476	bottle 8 fl oz	245
14476	bottle 12 fl oz	367
14530	fl oz	32.3
14531	fl oz	30.4
14531	portion (2 oz mix + 1.5 oz whiskey)	106
14531	fl oz	32.5
14532	fl oz	27.8
14532	fl oz	28
14533	fl oz	27.8
14533	fl oz	28
14534	fl oz	34.8
14534	fl oz	34.67
14536	fl oz	29.5
14536	glass (3.5 fl oz)	103
14537	fl oz	29.6
14537	can (12 fl oz)	355
14538	envelope  Swiss Miss (.53 oz)	15
14538	packet (0.675 oz)	19
14541	fl oz	32.7
14541	fl oz	32.75
14542	fl oz	36.4
14542	can (12 fl oz)	437
14542	can (6 fl oz)	218
14543	fl oz	30.9
14543	bottle 8 fl oz	247
14544	fl oz	29.6
14544	fl oz	29.67
14545	fl oz	29.6
14545	fl oz	29.67
14545	cup (8 fl oz)	237
14548	serving (3 heaping tsp)	23
14548	cup	182
14550	fl oz	27.8
14550	Jigger 1.5 fl oz	42
14551	fl oz	27.8
14551	fl oz	28
14552	fl oz	31
14552	can or bottle (16 fl oz)	492
14552	can (12 fl oz)	369
14553	fl oz	29
14555	fl oz	29.6
14555	cup	237
14555	ml	1
14557	serving	22
14558	serving	266
14559	fl oz	29.6
14559	bottle 11.2 fl oz	331
14559	bottle 16.9 fl oz	500
14599	fl oz	29.62
14599	fl oz	29.58
14601	fl oz	29.6
14602	fl oz	29.4
14602	serving 5 fl oz	147
14604	fl oz	29.6
14604	serving (8 fl oz)	237
14604	ml	1.1
14605	fl oz (1 NLEA serving)	29.62
14605	serving	237
14607	fl oz	30.38
14608	serving 8 oz	238
14609	serving	238
14610	serving 8 oz	238
14611	serving 8 oz	243
14612	serving 8 oz	243
14613	serving 8 oz	243
14614	serving 8 oz	243
14615	serving 8 oz	243
14616	serving 8 oz	243
14617	serving 8 oz	243
14618	serving 8 oz	243
14619	serving 8 oz	243
14620	serving 8 oz	246
14621	serving 8 oz	246
14622	serving 8 oz	246
14623	serving 8 oz	246
14625	serving	240
14626	serving 8 fluid oz	240
14626	can	480
14627	serving	240
14628	fl oz	30
14629	fl oz	31
14629	fl oz	30
14629	can	480
14630	fl oz	30
14631	tbsp	7.8
14631	cup	118
14632	cup	158
14632	can	391
14633	serving	238
14634	cup	244
14635	serving 8 oz	246
14636	container	209
14636	ml	1
14637	pouch	200
14638	cup	228
14639	fl oz (approximate weight, 1 serving)	30
14640	oz	31
14640	fl oz (1 serving)	30.75
14641	serving (8 fl oz)	246
14641	fl oz	30
14644	fl oz	29.62
14645	cup (8 fl oz)	238
14646	cup (8 fl oz)	238
14647	fl oz	30
14647	fl oz	31.1
14648	fl oz	29.62
14649	fl oz	29.62
14651	cup (8 fl oz)	238
14654	tbsp	10
14654	serving	20
15001	oz	28.33
15002	oz, boneless	28.35
15002	anchovy	4
15002	can (2 oz)	45
15002	anchovies	4
15003	fillet	79
15003	oz	28.33
15004	oz	28.33
15004	fillet	159
15005	fillet	150
15005	oz	28.33
15006	fillet	116
15006	oz	28.33
15007	fillet	32
15007	oz	28.33
15008	oz	28.33
15008	fillet	218
15009	oz	28.33
15009	fillet	170
15010	oz	28.33
15010	fillet	159
15011	fillet	87
15011	oz	28.33
15012	tbsp	16
15012	oz	28.35
15013	fillet	79
15013	oz	28.33
15014	oz	28.35
15014	oz	28.33
15015	oz	28.33
15015	fillet	231
15016	oz	28.33
15016	fillet	180
15017	oz	28.33
15017	can	312
15018	oz	28.35
15018	piece (5-1/2" x 1-1/2" x 1/2")	80
15018	oz	28.33
15019	fillet	116
15019	oz	28.33
15020	fillet	79
15020	oz	28.33
15021	fillet	87
15021	oz	28.33
15022	fillet	122
15022	oz	28.33
15023	oz	28.33
15023	fillet	204
15024	oz	28.33
15024	fillet	198
15025	oz	28.33
15025	fillet	204
15026	oz, boneless	28.35
15026	oz with bone (yield after bone removed)	22
15026	cubic inch, boneless	17
15026	fillet	159
15026	oz	28.33
15027	piece (4" x 2" x 1/2")	57
15027	stick (4" x 1" x 1/2")	28
15028	oz, boneless	28.35
15028	fillet	163
15028	oz	28.33
15029	fillet	127
15029	oz	28.33
15030	piece	42
15031	oz	28.33
15031	fillet	259
15032	oz	28.33
15032	fillet	202
15033	oz	28.33
15033	fillet	193
15034	fillet	150
15034	oz	28.33
15035	oz, boneless	28.35
15035	cubic inch, boneless	17
15035	oz	28.33
15036	oz	28.33
15036	fillet	408
15037	oz	28.33
15037	fillet	318
15038	oz	28.33
15038	fillet	408
15039	oz, boneless	28.35
15039	fillet	184
15039	oz	28.33
15040	fillet	143
15040	oz	28.33
15041	cup	140
15041	oz, boneless	28.35
15041	cubic inch	20
15041	piece (1-3/4" x 7/8" x 1/2")	15
15042	oz, boneless	28.35
15042	cubic inch, boneless	17
15042	fillet, large (7" x 2-1/4" x 1/4")	65
15042	fillet, medium (5" x 1-3/4" x 1/4")	40
15042	fillet, small (2-3/8" x 1-3/8" x 1/4")	20
15043	oz	28.33
15043	fillet	184
15044	oz	28.33
15044	fillet	193
15045	oz	28.33
15045	fillet	386
15046	fillet	112
15046	oz	28.33
15047	fillet	88
15047	oz	28.33
15048	oz, boneless	28.35
15048	cup	190
15048	cubic inch	16
15048	can (15 oz)	361
15049	oz	28.33
15049	fillet	396
15050	oz	28.33
15050	fillet	225
15051	oz	28.33
15051	fillet	187
15052	fillet	146
15052	oz	28.33
15053	oz	28.33
15054	oz	28.33
15055	oz	28.35
15055	fillet	119
15055	oz	28.33
15056	fillet	93
15056	oz	28.33
15057	oz, boneless	28.35
15057	fillet	64
15057	oz	28.33
15058	fillet	50
15058	oz	28.33
15059	oz	28.33
15059	fillet	352
15060	fillet	60
15060	oz	28.33
15061	fillet	46
15061	oz	28.33
15062	oz	28.33
15062	fillet	396
15063	oz	28.33
15063	fillet	310
15064	oz	28.33
15064	fillet	159
15065	oz	28.33
15065	fillet	386
15066	fillet	77
15066	oz	28.33
15067	fillet	60
15067	oz	28.33
15068	oz, boneless	28.35
15068	fillet	112
15068	oz	28.33
15069	fillet	88
15069	oz	28.33
15070	oz	28.33
15070	fillet	191
15071	fillet	149
15071	oz	28.33
15072	tbsp	14
15072	oz	28.35
15072	can (8 oz), solids and liquid	227
15072	oz	28.33
15073	oz	28.33
15074	oz	28.33
15074	fillet	386
15075	oz	28.35
15075	oz	28.33
15076	oz	28.33
15076	fillet	396
15077	oz, boneless	28.35
15077	oz	28.33
15077	cubic inch, boneless	17
15077	cup, cooked	136
15078	oz	28.33
15078	fillet	396
15079	oz	28.33
15079	fillet	396
15080	oz	28.33
15080	can	369
15081	oz	28.33
15081	fillet	396
15082	oz	28.33
15082	fillet	310
15083	oz	28.33
15083	fillet	318
15084	oz	28.33
15084	can	411
15085	oz, boneless	28.35
15085	fillet	396
15085	oz	28.33
15086	oz	28.33
15086	fillet	310
15087	oz	28.33
15087	can	337
15088	cup, drained	149
15088	oz	28.35
15088	cubic inch	16
15088	can (3.75 oz)	92
15088	small (2-2/3" x 1/2" x 1/4")	12
15088	sardines	12
15089	cup	89
15089	can	370
15089	sardine	38
15090	oz	28.33
15090	oz, boneless	28.35
15090	fillet	64
15090	cup	166
15091	fillet	129
15091	oz	28.33
15092	fillet	101
15092	oz	28.33
15093	oz	28.33
15093	fillet	238
15094	oz	28.33
15094	fillet	184
15095	oz	28.33
15096	oz	28.33
15097	oz	28.33
15097	fillet	238
15098	oz	28.33
15098	fillet	186
15099	oz	28.33
15100	oz	28.33
15101	oz	28.33
15101	fillet	218
15102	oz	28.33
15102	fillet	170
15103	fillet	64
15103	oz	28.33
15104	oz	28.33
15105	oz	28.33
15105	cup, cooked	136
15105	piece (4-1/2" x 2-1/8" x 7/8")	145
15105	oz, boneless	28.35
15105	cubic inch, boneless	17
15106	oz	28.35
15106	oz	28.33
15107	oz	28.33
15107	fillet	159
15108	fillet	48
15108	oz	28.33
15109	oz	28.35
15109	oz	28.33
15110	oz	28.33
15110	piece (4-1/2" x 2-1/8" x 7/8")	136
15111	oz	28.33
15111	piece	106
15112	oz	28.33
15112	fillet	386
15113	fillet	300
15113	oz	28.33
15114	fillet	79
15114	oz	28.33
15115	oz	28.33
15115	fillet	159
15116	fillet	143
15116	oz	28.33
15117	oz	28.33
15118	oz	28.33
15119	cup, solid or chunks	146
15119	oz	28.35
15119	can	171
15119	oz	28.33
15119	can (12.5 oz), drained	321
15121	oz	28.35
15121	oz	28.33
15121	can	165
15121	cup, solid or chunks	154
15121	can (12.5 oz), drained	315
15123	oz	28.33
15123	fillet	396
15124	oz	28.33
15124	can	178
15126	oz	28.33
15126	can	172
15127	oz, boneless	28.35
15127	cubic inch, boneless	16
15127	oz	28.33
15128	oz	28.33
15128	cup	205
15129	oz	28.33
15129	fillet	408
15130	oz	28.33
15130	fillet	198
15131	cup, cooked	136
15131	oz, boneless	28.35
15131	cubic inch, boneless	17
15131	oz	28.33
15132	fillet	92
15132	oz	28.33
15133	fillet	72
15133	oz	28.33
15134	oz	28.33
15134	fillet	306
15135	oz	28.33
15135	fillet	374
15136	oz	28.33
15136	leg	172
15137	leg	134
15137	oz	28.33
15138	oz	28.33
15139	oz	28.33
15139	crab	21
15140	cup, flaked and pieces	118
15140	cup (not packed)	135
15140	oz	28.35
15140	oz	28.33
15141	cup	135
15141	oz	28.35
15141	can (6.5 oz), drained	125
15141	oz	28.33
15142	cake	60
15143	oz	28.33
15143	crab	163
15144	oz	28.33
15145	oz	28.33
15145	crayfish	3.375
15146	oz	28.33
15147	lobster	150
15147	oz	28.33
15148	cup	145
15148	oz	28.33
15149	medium	6
15149	small	5
15149	oz	28.33
15149	large	7
15150	oz	28.33
15150	large	7.5
15151	oz	28.33
15151	large	5.5
15152	cup	128
15152	oz	28.35
15152	can (4.5 oz), drained	128
15152	shrimp	3.2
15152	oz	28.33
15153	oz	28.33
15154	oz	28.33
15154	lobster	209
15155	oz	28.33
15156	oz	28.33
15157	oz	28.33
15157	large	20
15157	lb (with shell), yield after shell removed	68
15157	medium	14.5
15157	small	9
15157	cup (with liquid and clams)	227
15158	oz	28.33
15158	small	9.4
15159	oz	28.33
15159	small	9.5
15160	oz	28.33
15160	cup	160
15162	oz	28.33
15162	cup	240
15163	oz	28.33
15164	cup	150
15164	oz	28.35
15164	large	20
15164	medium	16
15164	small	10
15164	oz	28.33
15165	oz	28.33
15166	oz	28.33
15167	medium	14
15167	cup	248
15168	oz	28.33
15168	medium	14.67
15169	oz	28.33
15169	medium	7
15170	oz	28.33
15170	cup, undrained	248
15170	oz, drained	23
15170	can (12 oz), oysters and liquid	272
15170	oyster	8
15170	cup, drained	162
15171	medium	50
15171	oz	28.33
15172	unit 2 large or 5 small	30
15172	oz	28.33
15173	large	15.5
15174	oz	28.33
15175	oz, boneless	28.35
15175	oz	28.33
15176	oz	28.33
15177	oz	28.33
15178	oz	28.33
15179	oz	28.35
15179	oz	28.33
15180	oz	28.33
15180	can	369
15181	oz	28.33
15181	can	454
15182	oz	28.33
15182	can	369
15183	oz	28.33
15183	can	171
15184	oz	28.33
15184	can	165
15185	oz	28.33
15185	can	178
15186	oz	28.33
15186	can	172
15187	fillet	62
15187	oz	28.33
15188	fillet	124
15188	oz	28.33
15189	fillet	117
15189	oz	28.33
15190	fillet	90
15190	oz	28.33
15191	fillet	25
15191	oz	28.33
15192	fillet	90
15192	oz	28.33
15193	fillet	95
15193	oz	28.33
15194	oz	28.33
15194	fillet	159
15195	oz	28.33
15195	fillet	154
15196	oz	28.33
15196	fillet	318
15197	fillet	144
15197	oz	28.33
15198	oz	28.33
15198	fillet	151
15199	oz	28.33
15199	fillet	302
15200	oz	28.33
15200	fillet	308
15201	oz, boneless	28.35
15201	cubic inch, boneless	17
15201	fillet	176
15201	oz	28.33
15202	oz	28.33
15203	oz	28.33
15204	fillet	124
15204	oz	28.33
15205	oz	28.33
15205	fillet	302
15206	fillet	274
15206	oz	28.33
15207	oz	28.35
15207	oz	28.33
15208	oz	28.33
15208	fillet	302
15209	oz	28.33
15209	fillet	308
15210	oz	28.33
15210	fillet	308
15211	oz	28.33
15211	fillet	308
15212	oz	28.33
15212	fillet	248
15213	fillet	50
15213	oz	28.33
15214	oz	28.33
15214	fillet	186
15215	fillet	144
15215	oz	28.33
15216	fillet	50
15216	oz	28.33
15217	fillet	124
15217	oz	28.33
15218	fillet	37
15218	oz	28.33
15219	fillet	62
15219	oz	28.33
15220	oz	28.33
15220	fillet	308
15221	oz	28.33
15222	oz	28.33
15222	fillet	318
15223	oz	28.33
15223	fillet	154
15224	fillet	238
15224	oz	28.33
15225	fillet	292
15225	oz	28.33
15226	oz	28.33
15226	crab	127
15227	oz	28.33
15228	oz	28.33
15228	lobster	163
15229	oz	28.33
15230	oz	28.33
15231	medium	25
15231	oz	28.33
15232	oz	28.33
15233	fillet	143
15233	oz	28.33
15234	oz	28.33
15234	fillet	159
15235	fillet	143
15235	oz	28.33
15236	oz	28.33
15236	fillet	396
15237	oz	28.33
15237	fillet	356
15238	oz	28.33
15238	fillet	159
15239	fillet	143
15239	oz	28.33
15240	fillet	79
15240	oz	28.33
15241	fillet	71
15241	oz	28.33
15242	oz	28.33
15242	crayfish	3.375
15243	oz	28.33
15244	oz	28.33
15244	medium	9.833
15245	oz	28.33
15245	medium	14
15246	oz	28.33
15246	medium	9.833
15247	oz	28.33
15247	fillet	356
15250	cup, sliced	127
15250	oz cooked, yield	17
15251	oz	28.35
15252	oz	28.35
15253	oz	28.33
15253	can total can contents	417
15260	oz	28.33
15260	can drained solids (total)	315
15261	fillet	116
15262	fillet	87
15264	oz	28.33
15264	can drained solids, bone and skin removed	247
15265	oz	28.33
15265	can drained solids, bone and skin removed	242
15266	oz	28.33
15267	oz	28.33
15268	oz	28.33
15269	oz	28.33
15270	oz	28.33
15271	oz	28.33
15274	filet	149
15274	fish	332
16001	cup	197
16002	cup	230
16003	cup	296
16004	slice	14
16005	cup	253
16006	cup	254
16007	cup	266
16008	cup	259
16009	cup	253
16010	cup	249
16011	cup	246
16014	cup	194
16014	tbsp	12.1
16015	cup	172
16016	cup	184
16017	cup	185
16018	cup	240
16019	cup	195
16020	cup	177
16021	cup	260
16022	cup	184
16023	cup	177
16024	cup	183
16025	cup	177
16026	cup	262
16027	cup	184
16028	cup	177
16028	tbsp	11
16029	cup	256
16030	cup	184
16031	cup	177
16032	cup	184
16032	tbsp	12.2
16033	cup	177
16033	tbsp	11
16034	cup	256
16034	tbsp	16
16034	can	436
16035	cup	184
16036	cup	177
16037	cup	208
16038	cup	182
16039	cup	262
16040	cup	210
16041	cup	169
16042	cup	193
16042	tbsp	12
16043	cup	171
16043	tbsp	10.6
16044	cup	240
16044	can	442
16045	cup	215
16046	cup	179
16047	cup	196
16048	cup	177
16049	cup	202
16049	tbsp	12.6
16050	cup	179
16050	tbsp	11.2
16051	cup	262
16052	cup	150
16052	tbsp	9.4
16053	cup	170
16054	cup	256
16055	cup	103
16055	tbsp	6
16056	cup	200
16056	tbsp	12.5
16057	cup	164
16058	cup	240
16058	can (total can contents)	448
16059	cup	256
16059	tbsp	16
16060	cup	167
16061	cup	171
16062	cup	167
16062	tbsp	10.5
16063	cup	171
16064	cup	240
16065	cup	240
16067	cup	210
16068	cup	194
16069	cup	192
16069	tablespoon	12
16070	cup	198
16070	tbsp	12.3
16071	cup	178
16071	tbsp	11.1
16072	cup	188
16072	tbsp	11.7
16073	cup	241
16074	cup	202
16075	cup	182
16076	cup	180
16077	cup	166
16078	cup	196
16079	cup	177
16080	cup	207
16080	tbsp	13
16081	cup	202
16082	cup	140
16083	cup	207
16084	cup	180
16084	oz dry, yield after cooking	69
16085	cup	197
16085	lb	453.6
16086	cup	196
16086	tbsp	12.2
16087	oz	28.35
16087	cup	146
16088	cup in shell, edible yield	63
16088	cup, shelled	180
16088	oz shelled	28.35
16088	nuts	0.8485
16089	cup, chopped	144
16089	oz shelled (32 nuts)	28.35
16090	oz	28.35
16090	peanut	1
16091	cup	146
16091	oz	28.35
16092	cup	147
16092	oz	28.35
16093	cup	146
16093	oz	28.35
16094	cup	144
16094	oz	28.35
16095	cup	146
16095	oz	28.35
16096	cup	143
16096	oz	28.35
16097	tbsp	16
16097	cup	258
16098	tbsp	16
16098	cup	258
16099	cup	60
16099	oz	28.35
16100	cup	60
16100	oz	28.35
16101	cup	205
16102	cup	168
16103	cup	238
16103	can	442
16104	cup	144
16104	oz cooked, yield	16
16104	strip	5
16106	cup	88
16106	oz	28.35
16107	link	25
16107	patty	38
16107	slice	28
16108	cup	186
16109	cup	172
16109	tbsp	10.7
16110	cup	172
16111	cup	93
16112	tbsp	17
16112	cup	275
16113	cup	175
16114	cup	166
16115	cup, stirred	84
16115	tbsp	5.2
16116	cup, stirred	85
16117	cup	105
16117	tbsp	6.6
16118	cup, stirred	88
16118	tbsp	5.5
16119	cup	122
16120	cup	243
16120	fl oz	30.6
16121	oz	28.35
16122	oz	28.35
16123	tbsp	16
16123	tsp	5.3
16123	cup	255
16123	individual packet	8.9
16124	tbsp	18
16124	tsp	6
16125	tbsp	18
16125	tsp	6
16125	cup	232
16126	cup	252
16126	block	324
16126	block	455
16127	piece (2-1/2" x 2-3/4" x 1")	120
16127	cup (1/2" cubes)	248
16127	cubic inch	18
16127	block	464
16127	block	450
16128	piece	17
16129	oz	28.35
16129	piece	13
16130	cup	122
16132	block	11
16133	cup	167
16134	cup	171
16135	cup	182
16136	cup	172
16137	tablespoon	15
16137	cup	246
16138	patty (approx 2-1/4" dia)	17
16139	cup	243
16139	fl oz	30.6
16144	cup	192
16145	can drained solids	266
16146	can drained solids	277
16147	pattie	70
16149	tbsp	15.5
16150	tablespoon	18
16155	tbsp	16
16155	cup	258
16156	tbsp	16
16156	cup	258
16157	cup	92
16158	tbsp	15
16158	cup	246
16159	block	455
16160	block	488
16161	slice	84
16162	slice	84
16163	slice	84
16164	slice	84
16165	slice	84
16166	cup	243
16166	fl oz	30.6
16167	tbsp	16
16167	cup	258
16168	cup	243
16168	fl oz	30.6
16171	cup	242
16171	can	444
16172	cup	231
16172	can	445
16173	cup	233
16173	tbsp	15
16200	cup	260
16200	serving	130
16201	cup	260
16201	serving	130
16202	cup	240
16202	serving	120
16203	cup	240
16203	serving	120
16204	cup	240
16204	serving	120
16210	package	395
16211	package	395
16212	package	395
16213	package	395
16214	package	455
16215	cup	243
16215	serving	243
16216	cup	243
16216	serving	243
16219	cup	243
16219	serving	243
16222	cup	243
16223	cup	243
16225	cup	243
16227	cup	243
16228	cup	243
16229	cup	243
16230	cup	243
16231	cup	243
16235	cup	243
16236	cup	243
16237	cup	243
16238	cup	243
16239	cup	243
16240	cup	243
16241	cup	243
16242	cup	243
16243	cup	243
16244	cup	243
16245	cup	243
16246	cup	244
16247	cup	243
16248	cup	243
16249	cup	243
16250	container	227
16251	container	170
16252	container	227
16253	container	170
16254	container	170
16255	container	170
16256	container	170
16257	container	170
16258	container	170
16259	container	170
16260	tbsp	15
16261	tbsp	15
16262	tbsp	15
16271	package	395
16272	package	455
16273	oz	28.33
16274	oz	28.33
16275	oz	28.33
16276	package	395
16277	package	395
16278	package	455
16279	oz	28
16279	oz	28
16281	oz	28
16281	oz	28
16302	cup	230
16315	cup	172
16316	cup	240
16317	cup	185
16320	cup	177
16323	cup	177
16325	cup	177
16326	cup	262
16328	cup	177
16331	cup	177
16333	cup	177
16335	cup cup rinsed solids	158
16336	cup	177
16337	cup	256
16337	can total can contents	436
16338	cup	182
16341	cup	169
16343	cup	171
16345	cup	169
16345	can	258
16346	cup	179
16347	cup	240
16347	can total can contents	442
16348	cup	177
16350	cup	179
16353	cup	170
16357	cup	164
16358	can drained	253
16359	can drained, rinsed	254
16359	cup drained, rinsed	152
16360	cup	240
16360	can total can contents	448
16361	cup	171
16363	cup	171
16368	cup	194
16370	cup	198
16372	cup	188
16375	cup	182
16377	cup	166
16379	cup	177
16381	cup	202
16384	cup	180
16386	cup	196
16389	cup,	144
16389	oz shelled (32 nuts)	28.35
16390	cup	146
16390	oz	28.35
16390	peanut	1
16392	cup	147
16392	oz	28.35
16394	cup	144
16394	oz	28.35
16396	cup	143
16396	oz	28.35
16397	tbsp	16
16397	cup	258
16398	tbsp	16
16398	cup	258
16399	tbsp	16
16402	cup	168
16403	cup	238
16403	tablespoon	16
16409	cup	172
16410	cup	172
16420	oz	28.35
16422	oz	28.35
16424	tbsp	14.2
16424	tsp	4.5
16424	cup	255
16425	tbsp	15
16425	tsp	4.9
16425	cup	232
16426	cup	252
16426	block	324
16427	cup	248
16427	block	464
16428	piece	17
16429	piece	13
16432	block	11
16434	cup	171
16436	cup	172
16500	links	23
16502	link	51
16504	pieces	13.33
16505	piece	92
16506	cup	220
16507	slice , 5/8"	85
16508	pieces	14.17
16509	link	35
16510	cup	230
16511	slices	46
16512	cup	220
16513	pieces	45
16514	pieces	42.5
16515	link	31
16516	slices	46
16517	piece	92
16518	link	38
16519	link	48
16521	cup	170
16522	slices	36
16523	cup	220
16524	link	31
16525	slices (3/8" thick)	27.5
16526	slices , 3/8"	55
16527	slices , 3/8"	27.5
16528	slice , 3/4"	85
16529	patty	64
16531	links	22.5
16532	slice , 5/8"	55
16533	slice , 3/8"	55
16534	piece	71
16535	strip	8
16536	slice , 3/8"	55
16538	Patty	38
16542	strips	8
16546	links	22.5
16548	burger	64
16549	burger	71
16551	burger	67
16552	burger	64
16554	burger	67
16555	Wings	17
16556	nuggets	21.5
16557	patty	71
16560	dog	71
16561	pieces	19
16565	cup	82.46
16570	patty	71
16579	patty	71
16581	patty	96
16584	patty	71
16585	patty	71
16586	patty	71
16588	patty	67
16590	sauce	142
16591	link	40
16592	burger	64
16593	patty	38
16594	entree	284
16596	burger	114
16600	package	269
16601	patty	67
16602	meatballs	16
16603	biscuit	105
16606	Burger	67
16607	patty	71
16608	patty	71
16609	pattie	38
16610	burger	67
16611	Wings	17
16615	cup	112
16616	nuggets	16
16617	entree	255
16618	burger	67
16619	entree	241
17000	oz	28.33
17000	roast with bone	325
17001	oz	28.35
17001	lb	453.6
17002	oz	28.33
17002	piece, cooked, excluding refuse (yield from 1 lb raw meat with refuse)	242
17003	oz	28.35
17003	lb	453.6
17004	oz	28.33
17004	piece, cooked, excluding refuse (yield from 1 lb raw meat with refuse)	187
17005	oz	28.35
17005	lb	453.6
17006	oz	28.33
17006	unit, cooked (yield from 1 lb raw meat)	286
17007	oz	28.35
17007	lb	453.6
17008	piece, cooked, excluding refuse (yield from 1 lb raw meat with refuse)	148
17008	oz	28.33
17009	oz	28.35
17009	lb	453.6
17010	piece, cooked, excluding refuse (yield from 1 lb raw meat with refuse)	128
17010	oz	28.33
17011	oz	28.35
17011	lb	453.6
17012	oz	28.33
17012	piece, cooked, excluding refuse (yield from 1 lb raw meat with refuse)	265
17013	oz	28.35
17013	lb	453.6
17014	oz	28.33
17014	piece, cooked, excluding refuse (yield from 1 lb raw meat with refuse)	218
17015	oz	28.35
17015	lb	453.6
17016	oz	28.33
17016	piece, cooked, excluding refuse (yield from 1 lb raw meat with refuse)	269
17017	oz	28.35
17017	lb	453.6
17018	oz	28.33
17018	piece, cooked, excluding refuse (yield from 1 lb raw meat with refuse)	238
17019	oz	28.35
17019	lb	453.6
17020	oz	28.33
17020	piece, cooked, excluding refuse (yield from 1 lb raw meat with refuse)	262
17021	oz	28.35
17021	lb	453.6
17022	oz	28.33
17022	piece, cooked, excluding refuse (yield from 1 lb raw meat with refuse)	201
17023	oz	28.35
17023	chop, excluding refuse (yield from 1 raw chop, with refuse, weighing 120 g)	95
17024	oz	28.33
17024	chop, excluding refuse (yield from 1 raw chop, with refuse, weighing 120 g)	64
17025	oz	28.33
17025	piece, cooked, excluding refuse (yield from 1 lb raw meat with refuse)	269
17026	oz	28.35
17026	chop, excluding refuse (yield from 1 raw chop, with refuse, weighing 120 g)	65
17027	oz	28.33
17027	chop, excluding refuse (yield from 1 raw chop, with refuse, weighing 120 g)	46
17028	oz	28.33
17028	piece, cooked, excluding refuse (yield from 1 lb raw meat with refuse)	193
17029	oz	28.35
17029	lb	453.6
17030	oz	28.33
17030	piece, cooked, excluding refuse (yield from 1 lb raw meat with refuse)	229
17031	oz	28.33
17031	piece, cooked, excluding refuse (yield from 1 lb raw meat with refuse)	255
17032	oz	28.35
17032	lb	453.6
17033	piece, cooked, excluding refuse (yield from 1 lb raw meat with refuse)	147
17033	oz	28.33
17034	oz	28.33
17034	piece, cooked, excluding refuse (yield from 1 lb raw meat with refuse)	159
17035	oz	28.35
17035	lb	453.6
17036	oz	28.33
17036	piece, cooked, excluding refuse (yield from 1 lb raw meat with refuse)	218
17037	oz	28.33
17037	piece, cooked, excluding refuse (yield from 1 lb raw meat with refuse)	248
17038	oz	28.33
17038	piece, cooked, excluding refuse (yield from 1 lb raw meat with refuse)	269
17039	oz	28.35
17039	lb	453.6
17040	oz	28.33
17040	piece, cooked, excluding refuse (yield from 1 lb raw meat with refuse)	174
17041	oz	28.33
17041	piece, cooked, excluding refuse (yield from 1 lb raw meat with refuse)	202
17042	oz	28.33
17042	piece, cooked, excluding refuse (yield from 1 lb raw meat with refuse)	217
17043	oz	28.35
17043	chop, excluding refuse (yield from 1 raw chop, with refuse, weighing 160 g)	133
17044	oz	28.33
17044	chop, excluding refuse (yield from 1 raw chop, with refuse, weighing 160 g)	70
17045	oz	28.33
17045	chop, excluding refuse (yield from 1 raw chop, with refuse, weighing 160 g)	93
17046	oz	28.33
17046	piece, cooked, excluding refuse (yield from 1 lb raw meat with refuse)	286
17047	oz	28.35
17047	chop, excluding refuse (yield from 1 raw chop, with refuse, weighing 160 g)	101
17048	oz	28.33
17048	chop, excluding refuse (yield from 1 raw chop, with refuse, weighing 160 g)	55
17049	oz	28.33
17049	chop, excluding refuse (yield from 1 raw chop, with refuse, weighing 160 g)	74
17050	oz	28.33
17050	piece, cooked, excluding refuse (yield from 1 lb raw meat with refuse)	224
17051	oz	28.35
17051	lb	453.6
17052	oz	28.33
17052	piece, cooked, excluding refuse (yield from 1 lb raw meat with refuse)	209
17053	oz	28.33
17053	piece, cooked, excluding refuse (yield from 1 lb raw meat with refuse)	252
17054	oz	28.33
17054	piece, cooked, excluding refuse (yield from 1 lb raw meat with refuse)	258
17055	oz	28.35
17055	lb	453.6
17056	oz	28.33
17056	piece, cooked, excluding refuse (yield from 1 lb raw meat with refuse)	168
17057	oz	28.33
17057	piece, cooked, excluding refuse (yield from 1 lb raw meat with refuse)	207
17058	oz	28.33
17058	piece, cooked, excluding refuse (yield from 1 lb raw meat with refuse)	210
17059	oz	28.35
17059	lb	453.6
17060	oz	28.33
17060	unit, cooked (yield from 1 lb raw meat)	272
17061	oz	28.33
17061	unit, cooked (yield from 1 lb raw meat)	327
17062	oz	28.35
17062	lb	453.6
17063	oz	28.33
17063	piece, cooked, excluding refuse (yield from 1 lb raw meat with refuse)	222
17064	oz	28.35
17064	lb	453.6
17065	oz	28.33
17065	piece, cooked, excluding refuse (yield from 1 lb raw meat with refuse)	164
17066	oz	28.35
17066	lb	453.6
17067	oz	28.33
17067	unit, cooked (yield from 1 lb raw meat)	286
17068	serving	115
17069	serving	85
17070	serving	115
17071	serving	85
17072	serving	115
17073	oz	28.33
17073	piece, cooked, excluding refuse (yield from 1 lb raw meat with refuse)	258
17074	serving	115
17075	oz	28.33
17075	piece, cooked, excluding refuse (yield from 1 lb raw meat with refuse)	218
17076	serving	115
17077	oz	28.33
17077	chop, excluding refuse (yield from 1 raw chop, with refuse, weighing 85 g)	43
17078	serving	115
17079	oz	28.33
17079	chop, excluding refuse (yield from 1 raw chop, with refuse, weighing 85 g)	30
17080	serving	115
17081	serving	85
17082	serving	115
17083	serving	85
17084	serving	115
17085	oz	28.33
17085	piece, cooked, excluding refuse (yield from 1 lb raw meat with refuse)	206
17086	serving	115
17087	oz	28.33
17087	piece, cooked, excluding refuse (yield from 1 lb raw meat with refuse)	157
17088	oz	28.35
17088	lb	453.6
17089	oz	28.33
17089	piece, cooked, excluding refuse (yield from 1 lb raw meat with refuse)	209
17090	oz	28.35
17090	lb	453.6
17091	oz	28.33
17091	piece, cooked, excluding refuse (yield from 1 lb raw meat with refuse)	192
17092	oz	28.35
17092	lb	453.6
17093	oz	28.33
17093	unit, cooked (yield from 1 lb raw meat)	290
17094	oz	28.35
17094	lb	453.6
17095	oz	28.33
17095	unit, cooked (yield from 1 lb raw meat)	272
17096	oz	28.33
17096	unit, cooked (yield from 1 lb raw meat)	295
17097	oz	28.33
17097	unit, cooked (yield from 1 lb raw meat)	304
17098	oz	28.33
17098	unit, cooked (yield from 1 lb raw meat)	358
17099	oz	28.35
17099	lb	453.6
17100	oz	28.33
17100	piece, cooked, excluding refuse (yield from 1 lb raw meat with refuse)	267
17101	oz	28.33
17101	unit, cooked (yield from 1 lb raw meat)	295
17102	oz	28.33
17102	piece, cooked, excluding refuse (yield from 1 lb raw meat with refuse)	289
17103	oz	28.33
17103	piece, cooked, excluding refuse (yield from 1 lb raw meat with refuse)	351
17104	oz	28.33
17104	roast	1495
17105	oz	28.33
17105	chop, excluding refuse (yield from 1 raw chop, with refuse, weighing 195 g)	80
17106	oz	28.33
17106	piece, cooked, excluding refuse (yield from 1 lb raw meat with refuse)	229
17107	oz	28.33
17107	roast	1495
17107	oz	28.35
17108	oz	28.33
17108	chop, excluding refuse (yield from 1 raw chop, with refuse, weighing 195 g)	69
17109	oz	28.33
17109	piece, cooked, excluding refuse (yield from 1 lb raw meat with refuse)	208
17110	oz	28.35
17110	lb	453.6
17111	oz	28.33
17111	piece, cooked, excluding refuse (yield from 1 lb raw meat with refuse)	177
17112	oz	28.33
17112	piece, cooked, excluding refuse (yield from 1 lb raw meat with refuse)	240
17113	oz	28.35
17113	lb	453.6
17114	oz	28.33
17114	piece, cooked, excluding refuse (yield from 1 lb raw meat with refuse)	163
17115	oz	28.33
17115	piece, cooked, excluding refuse (yield from 1 lb raw meat with refuse)	215
17116	oz	28.35
17116	lb	453.6
17117	oz	28.33
17117	piece, cooked, excluding refuse (yield from 1 lb raw meat with refuse)	191
17118	oz	28.33
17118	piece, cooked, excluding refuse (yield from 1 lb raw meat with refuse)	258
17119	oz	28.35
17119	lb	453.6
17120	oz	28.33
17120	piece, cooked, excluding refuse (yield from 1 lb raw meat with refuse)	182
17121	oz	28.33
17121	piece, cooked, excluding refuse (yield from 1 lb raw meat with refuse)	251
17122	oz	28.35
17122	steak, excluding refuse (yield from 1 raw steak, with refuse, weighing 385 g)	304
17123	oz	28.33
17123	steak, excluding refuse (yield from 1 raw steak, with refuse, weighing 385 g)	173
17124	oz	28.33
17124	piece, cooked, excluding refuse (yield from 1 lb raw meat with refuse)	283
17125	oz	28.35
17125	steak, excluding refuse (yield from 1 raw steak, with refuse, weighing 385 g)	289
17126	oz	28.33
17126	steak, excluding refuse (yield from 1 raw steak, with refuse, weighing 385 g)	160
17127	oz	28.33
17127	piece, cooked, excluding refuse (yield from 1 lb raw meat with refuse)	272
17128	oz	28.33
17128	chop	450
17129	oz	28.33
17129	piece, cooked, excluding refuse (yield from 1 lb raw meat with refuse)	186
17130	oz	28.33
17130	piece, cooked, excluding refuse (yield from 1 lb raw meat with refuse)	244
17131	oz	28.33
17131	chop	450
17131	oz	28.35
17132	oz	28.33
17132	piece, cooked, excluding refuse (yield from 1 lb raw meat with refuse)	174
17133	oz	28.33
17133	piece, cooked, excluding refuse (yield from 1 lb raw meat with refuse)	236
17134	oz	28.35
17134	lb	453.6
17135	oz	28.33
17135	piece, cooked, excluding refuse (yield from 1 lb raw meat with refuse)	205
17136	oz	28.33
17136	piece, cooked, excluding refuse (yield from 1 lb raw meat with refuse)	269
17137	oz	28.35
17137	lb	453.6
17138	oz	28.33
17138	piece, cooked, excluding refuse (yield from 1 lb raw meat with refuse)	183
17139	oz	28.33
17139	piece, cooked, excluding refuse (yield from 1 lb raw meat with refuse)	251
17140	oz	28.35
17140	lb	453.6
17141	oz	28.33
17141	unit, cooked (yield from 1 lb raw meat)	263
17142	oz	28.33
17142	oz	28.35
17142	oz	28.25
17143	oz	28.33
17143	unit, cooked (yield from 1 lb raw meat)	299
17144	oz	28.35
17144	lb	453.6
17145	oz	28.33
17145	piece, cooked (yield from 1 lb raw meat, boneless)	340
17146	oz	28.35
17146	lb	453.6
17147	oz	28.33
17147	piece, cooked (yield from 1 lb raw meat, boneless)	277
17148	oz	28.33
17149	patty (cooked from 4 oz raw)	85
17149	oz	28.35
17150	oz	28.35
17150	lb	453.6
17151	oz	28.33
17151	piece, cooked (yield from 1 lb raw meat, boneless)	313
17152	oz	28.35
17152	lb	453.6
17153	oz	28.33
17153	piece, cooked (yield from 1 lb raw meat, boneless)	340
17154	oz	28
17155	oz	28.33
17155	roast with bone	325
17156	oz	28.35
17156	lb	453.6
17157	oz	28.33
17157	piece, cooked (yield from 1 lb raw meat, boneless)	340
17158	oz	28.35
17158	lb	453.6
17159	oz	28.33
17159	piece, cooked (yield from 1 lb raw meat, boneless)	340
17160	oz	28.35
17160	lb	453.6
17161	oz	28.33
17161	piece, cooked (yield from 1 lb raw meat, boneless)	340
17162	oz	28.35
17162	lb	453.6
17163	oz	28.33
17163	piece, cooked (yield from 1 lb raw meat, boneless)	340
17164	oz	28.35
17164	lb	453.6
17165	oz	28.33
17165	piece, cooked (yield from 1 lb raw meat, boneless)	340
17166	oz	28.35
17166	lb	453.6
17167	oz	28.33
17167	piece, cooked (yield from 1 lb raw meat, boneless)	340
17168	oz	28.35
17168	lb	453.6
17169	oz	28.33
17169	piece, cooked (yield from 1 lb raw meat, boneless)	340
17170	oz	28.35
17170	lb	453.6
17171	oz	28.33
17171	piece, cooked (yield from 1 lb raw meat, boneless)	340
17172	oz	28.35
17172	lb	453.6
17173	oz	28.33
17173	piece, cooked (yield from 1 lb raw meat, boneless)	340
17174	oz	28.35
17174	lb	453.6
17175	oz	28.33
17175	piece, cooked (yield from 1 lb raw meat, boneless)	313
17176	oz	28.33
17176	piece, cooked (yield from 1 lb raw meat, boneless)	399
17177	oz	28.35
17177	lb	453.6
17178	oz	28.33
17178	piece, cooked (yield from 1 lb raw meat, boneless)	313
17179	oz	28.33
17179	piece, cooked (yield from 1 lb raw meat, boneless)	299
17180	oz	28.35
17180	lb	453.6
17181	oz	28.33
17181	piece, cooked (yield from 1 lb raw meat, boneless)	299
17182	oz	28.33
17182	piece, cooked (yield from 1 lb raw meat, boneless)	399
17183	oz	28.35
17183	lb	453.6
17184	oz	28.33
17184	piece, cooked (yield from 1 lb raw meat, boneless)	313
17185	oz	28.35
17185	oz	28.25
17186	oz	28.33
17186	unit, cooked (yield from 1 lb raw meat)	347
17187	oz	28.33
17187	unit, cooked (yield from 1 lb raw meat)	240
17188	oz	28.35
17188	oz	28.25
17189	oz	28.33
17189	unit, cooked (yield from 1 lb raw meat)	339
17190	oz	28.33
17190	unit, cooked (yield from 1 lb raw meat)	330
17191	oz	28.35
17191	oz	28.25
17192	oz	28.33
17192	unit, cooked (yield from 1 lb raw meat)	191
17193	oz	28.35
17193	oz	28.25
17194	oz	28.33
17194	unit, cooked (yield from 1 lb raw meat)	198
17195	oz	28.35
17195	oz	28.25
17196	oz	28.33
17196	unit, cooked (yield from 1 lb raw meat)	255
17197	oz	28.35
17197	oz	28.25
17198	oz	28.33
17198	unit, cooked (yield from 1 lb raw meat)	184
17199	oz	28.35
17199	oz	28.25
17200	oz	28.33
17200	unit, cooked (yield from 1 lb raw meat)	336
17201	oz	28.33
17201	unit, cooked (yield from 1 lb raw meat)	322
17202	oz	28.35
17202	lb	453
17203	slice	80
17204	slice	67
17205	oz	28.35
17205	oz	28.25
17206	oz	28.33
17206	unit, cooked (yield from 1 lb raw meat)	381
17207	oz	28.35
17207	oz	28.25
17208	oz	28.33
17208	unit, cooked (yield from 1 lb raw meat)	300
17209	oz	28.35
17209	oz	28.38
17210	oz	28.35
17210	oz	28.25
17211	oz	28.33
17211	unit, cooked (yield from 1 lb raw meat)	231
17212	oz	28.35
17212	oz	28.25
17213	oz	28.33
17213	unit, cooked (yield from 1 lb raw meat)	240
17214	oz	28.35
17214	oz	28.25
17215	oz	28.33
17215	unit, cooked (yield from 1 lb raw meat)	295
17216	oz	28.35
17216	oz	28.25
17217	oz	28.33
17217	unit, cooked (yield from 1 lb raw meat)	345
17218	oz	28.35
17218	oz	28.25
17219	oz	28.33
17220	oz	28.35
17220	oz	28.25
17221	oz	28.33
17221	unit, cooked (yield from 1 lb raw meat)	255
17222	oz	28.35
17222	oz	28.25
17223	oz	28.33
17223	unit, cooked (yield from 1 lb raw meat)	255
17224	oz	28.35
17224	oz	28.25
17225	oz	28.33
17225	unit, cooked (yield from 1 lb raw meat)	313
17226	oz	28.35
17226	lb	453.6
17227	oz	28.33
17227	piece, cooked, excluding refuse (yield from 1 lb raw meat with refuse)	250
17228	oz	28.35
17228	lb	453.6
17229	piece, cooked, excluding refuse (yield from 1 lb raw meat with refuse)	148
17229	oz	28.33
17230	oz	28.35
17230	lb	453.6
17231	oz	28.33
17231	piece, cooked, excluding refuse (yield from 1 lb raw meat with refuse)	260
17232	oz	28.35
17232	lb	453.6
17233	oz	28.33
17233	piece, cooked, excluding refuse (yield from 1 lb raw meat with refuse)	267
17234	oz	28.35
17234	lb	453.6
17235	oz	28.33
17235	piece, cooked, excluding refuse (yield from 1 lb raw meat with refuse)	260
17236	oz	28.35
17236	steak, excluding refuse (yield from 1 raw steak, with refuse, weighing 102 g)	79
17237	oz	28.33
17237	steak, excluding refuse (yield from 1 raw steak, with refuse, weighing 102 g)	53
17238	oz	28.33
17238	piece, cooked, excluding refuse (yield from 1 lb raw meat with refuse)	265
17239	oz	28.35
17239	lb	453.6
17240	oz	28.33
17240	piece, cooked, excluding refuse (yield from 1 lb raw meat with refuse)	222
17241	oz	28.33
17241	piece, cooked, excluding refuse (yield from 1 lb raw meat with refuse)	248
17242	oz	28.35
17242	lb	453.6
17243	oz	28.33
17243	piece, cooked, excluding refuse (yield from 1 lb raw meat with refuse)	213
17244	oz	28.33
17244	piece, cooked, excluding refuse (yield from 1 lb raw meat with refuse)	242
17245	oz	28.33
17245	piece, cooked, excluding refuse (yield from 1 lb raw meat with refuse)	263
17246	oz	28.35
17246	steak, excluding refuse (yield from 1 raw steak, with refuse, weighing 102 g)	84
17247	oz	28.33
17247	steak, excluding refuse (yield from 1 raw steak, with refuse, weighing 102 g)	45
17248	oz	28.33
17248	steak, excluding refuse (yield from 1 raw steak, with refuse, weighing 102 g)	59
17249	oz	28.33
17249	piece, cooked, excluding refuse (yield from 1 lb raw meat with refuse)	284
17250	oz	28.35
17250	lb	453.6
17251	oz	28.33
17251	piece, cooked, excluding refuse (yield from 1 lb raw meat with refuse)	207
17252	oz	28.33
17252	piece, cooked, excluding refuse (yield from 1 lb raw meat with refuse)	250
17253	oz	28.33
17253	piece, cooked, excluding refuse (yield from 1 lb raw meat with refuse)	256
17254	oz	28.35
17254	lb	453.6
17255	oz	28.33
17255	piece, cooked, excluding refuse (yield from 1 lb raw meat with refuse)	242
17256	oz	28.35
17256	lb	453.6
17257	oz	28.33
17257	piece, cooked, excluding refuse (yield from 1 lb raw meat with refuse)	168
17258	oz	28.35
17258	lb	453.6
17259	oz	28.33
17259	piece, cooked, excluding refuse (yield from 1 lb raw meat with refuse)	253
17260	oz	28.35
17260	chop, excluding refuse (yield from 1 raw chop, with refuse, weighing 85 g)	63
17261	oz	28.33
17261	chop, excluding refuse (yield from 1 raw chop, with refuse, weighing 85 g)	42
17262	oz	28.35
17262	lb	453.6
17263	oz	28.33
17263	piece, cooked, excluding refuse (yield from 1 lb raw meat with refuse)	233
17264	oz	28.35
17264	lb	453.6
17265	oz	28.33
17265	piece, cooked, excluding refuse (yield from 1 lb raw meat with refuse)	233
17267	oz	28.35
17267	lb	453.6
17267	oz	28.25
17268	oz	28.35
17268	lb	453.6
17268	oz	28.25
17269	oz	28.35
17269	lb	453.6
17269	oz	28.25
17270	oz	28.35
17271	oz	28.35
17271	lb	453.6
17272	oz	28.33
17272	piece, cooked, excluding refuse (yield from 1 lb raw meat with refuse)	283
17273	oz	28.33
17273	piece, cooked, excluding refuse (yield from 1 lb raw meat with refuse)	291
17274	oz	28.33
17274	piece, cooked, excluding refuse (yield from 1 lb raw meat with refuse)	274
17275	oz	28.33
17275	piece, cooked, excluding refuse (yield from 1 lb raw meat with refuse)	237
17276	oz	28.35
17276	lb	453.6
17277	oz	28.33
17277	piece, cooked, excluding refuse (yield from 1 lb raw meat with refuse)	194
17278	oz	28.35
17278	lb	453.6
17279	oz	28.33
17279	piece, cooked, excluding refuse (yield from 1 lb raw meat with refuse)	223
17280	oz	28.35
17280	lb	453.6
17280	oz	28.33
17281	oz	28.33
17281	piece, cooked, excluding refuse (yield from 1 lb raw meat with refuse)	270
17282	oz	28.35
17282	lb	453.6
17282	oz	28.33
17283	oz	28.33
17283	piece, cooked, excluding refuse (yield from 1 lb raw meat with refuse)	236
17284	oz	28.35
17284	lb	453.6
17284	oz	28.33
17285	oz	28.33
17285	piece, cooked, excluding refuse (yield from 1 lb raw meat with refuse)	248
17286	oz	28.35
17286	lb	453.6
17286	oz	28.33
17287	oz	28.33
17287	piece, cooked, excluding refuse (yield from 1 lb raw meat with refuse)	211
17288	oz	28.35
17288	lb	453.6
17288	oz	28.33
17289	oz	28.33
17289	piece, cooked, excluding refuse (yield from 1 lb raw meat with refuse)	180
17290	oz	28.35
17290	lb	453.6
17290	oz	28.33
17291	oz	28.33
17291	piece, cooked, excluding refuse (yield from 1 lb raw meat with refuse)	284
17292	oz	28.35
17292	lb	453.6
17292	oz	28.33
17293	oz	28.33
17293	piece, cooked, excluding refuse (yield from 1 lb raw meat with refuse)	251
17294	oz	28.35
17294	lb	453.6
17294	oz	28.33
17295	oz	28.33
17295	piece, cooked, excluding refuse (yield from 1 lb raw meat with refuse)	277
17296	oz	28.35
17296	lb	453.6
17296	oz	28.33
17297	oz	28.33
17297	piece, cooked, excluding refuse (yield from 1 lb raw meat with refuse)	246
17298	oz	28.35
17298	lb	453.6
17298	oz	28.33
17299	oz	28.33
17299	piece, cooked, excluding refuse (yield from 1 lb raw meat with refuse)	306
17300	oz	28.35
17300	lb	453.6
17300	oz	28.33
17301	oz	28.33
17301	piece, cooked, excluding refuse (yield from 1 lb raw meat with refuse)	259
17302	oz	28.35
17303	oz	28.33
17304	oz	28.35
17305	oz	28.33
17306	oz	28.35
17307	oz	28.33
17308	oz	28.35
17309	oz	28.33
17310	oz	28.35
17310	oz	28.33
17311	oz	28.33
17312	oz	28.35
17312	oz	28.33
17313	oz	28.33
17314	oz	28.5
17314	chop	63
17315	oz	28.33
17315	chop	54
17316	oz	28.5
17316	chop	63
17316	oz	28.33
17317	oz	28.33
17317	piece, cooked, excluding refuse (yield from 1 lb raw meat with refuse)	241
17317	chop	54
17318	oz	28.35
17318	lb	453.6
17318	oz	28.33
17319	oz	28.33
17319	piece, cooked, excluding refuse (yield from 1 lb raw meat with refuse)	262
17320	oz	28.35
17320	lb	453.6
17320	oz	28.33
17321	oz	28.33
17321	piece, cooked, excluding refuse (yield from 1 lb raw meat with refuse)	222
17322	oz	28.35
17322	oz	28.33
17323	oz	28.33
17324	oz	28.35
17324	oz	28.33
17325	oz	28.33
17326	oz	28.35
17326	lb	453.6
17326	oz	28.33
17327	oz	28.33
17327	piece, cooked, excluding refuse (yield from 1 lb raw meat with refuse)	273
17328	oz	28.35
17328	lb	453.6
17328	oz	28.33
17329	oz	28.33
17329	piece, cooked, excluding refuse (yield from 1 lb raw meat with refuse)	233
17330	serving ( 3 oz )	85
17330	patty	113
17331	patty ( yield from 112.7 g raw meat )	87
17331	serving ( 3 oz )	85
17332	serving ( 3 oz )	85
17332	steak ( yield from 309.7 g raw meat )	194
17333	serving ( 3 oz )	85
17333	roast ( yield from 1247 g raw meat ) ( 3 to 5 lb roast)	774
17334	serving ( 3 oz )	85
17334	roast (3 to 5 lb roast)	1237
17335	serving ( 3 oz )	85
17335	steak ( yield from 232.8 g raw meat )	179
17336	serving ( 3 oz )	85
17336	steak	180
17337	serving ( 3 oz )	85
17337	steak	489
17338	patty ( yield from 102.2 g raw meat )	102
17339	patty ( yield from 104.1 g raw meat )	95
17339	serving ( 3 oz )	85
17340	steak ( yield from 148.1 g raw meat )	114
17340	serving ( 3 oz )	85
17341	serving ( 3 oz )	85
17341	steak ( yield from 233.1 g raw meat )	176
17342	steak ( yield from 123.5 g raw meat )	92
17342	serving ( 3 oz )	85
17343	patty (cooked from 4 oz raw)	85
17343	oz	28.35
17344	patty	93
17344	serving ( 3 oz )	85
17345	steak	54
17345	serving ( 3 oz )	85
17346	serving ( 3 oz )	85
17346	roast (3 to 5 lb roast)	293
17347	serving ( 3 oz )	85
17347	roast ( yield from 271.8 g raw meat ) (0.5 to 1 lb roast)	202
17348	steak ( yield from 134.9 g raw meat )	102
17348	serving ( 3 oz )	85
17349	oz	28.33
17349	roast with bone	235
17350	oz	28.33
17350	roast with bone	235
17351	oz	28.33
17351	roast with bone	330
17352	oz	28.33
17352	roast with bone	330
17353	serving (4 oz)	113
17357	oz	28.33
17358	oz	28.25
17359	oz	28.33
17360	oz	28.25
17361	oz	28.33
17363	oz	28.25
17364	oz	28.33
17365	oz	28.33
17366	oz	28.25
17367	oz	28.25
17368	oz	28.33
17369	oz	28.25
17370	oz	28.33
17371	oz	28.25
17372	oz	28.33
17373	oz	28.25
17374	oz	28.33
17375	oz	28.25
17376	oz	28.33
17377	oz	28.25
17378	oz	28.33
17379	oz	28.25
17380	oz	28.33
17381	oz	28.25
17382	oz	28.33
17383	oz	28.25
17384	oz	28.33
17385	oz	28.25
17386	oz	28.33
17387	oz	28.25
17388	oz	28.33
17389	oz	28.25
17390	oz	28.33
17391	oz	28.25
17392	oz	28.25
17393	oz	28.33
17394	oz	28.33
17395	oz	28.25
17396	oz	28.33
17397	oz	28.25
17398	oz	28.33
17399	oz	28.33
17400	oz	28.33
17401	oz	28.33
17402	oz	28.25
17403	oz	28.33
17404	oz	28.25
17405	oz	28.33
17406	oz	28.33
17407	oz	28.33
17408	oz	28.25
17409	oz	28.33
17410	oz	28.25
17411	oz	28.33
17412	oz	28.25
17413	oz	28.33
17414	oz	28.25
17415	oz	28.33
17416	oz	28.25
17417	oz	28.33
17418	oz	28.33
17419	oz	28.33
17420	oz	28.25
17421	oz	28.33
17422	oz	28.25
17423	oz	28.25
17424	oz	28.33
17425	oz	28.33
17425	cutlet	44
17426	oz	28.33
17426	cutlet	55
17426	serving	113
17427	oz	28.33
17427	chop	153
17428	oz	28.33
17428	serving	113
17428	shank whole	1270
17429	oz	28.33
17429	shank cross cut	187
17430	oz	28.33
17430	chop	352
17435	oz	28.33
17435	serving	113
17435	shank whole	1270
17436	oz	28.33
17436	shank cross cut	187
17437	oz	28.33
17437	chop	153
17438	oz	28.33
17438	chop	352
17439	oz	28.33
17439	leg bottom, boneless	723
17440	oz	28.33
17440	leg hindshank, heel on	418
17441	oz	28.5
17441	leg hindshank, heel on	530
17442	oz	28.33
17442	roast	121
17443	oz	28.5
17443	roast	146
17444	oz	28.5
17444	leg bottom, boneless	989
17445	oz	28.33
17445	leg trotter off	1808
17446	oz	28.5
17446	leg trotter off	2674
17447	oz	28.33
17447	roast	329
17448	oz	28.33
17448	roast	447
17449	oz	28.33
17453	oz	28.33
17453	leg bottom, boneless	723
17454	oz	28.5
17454	leg bottom, boneless	989
17455	oz	28.33
17455	leg hindshank, heel on	418
17456	oz	28.5
17456	leg hindshank, heel on	530
17457	oz	28.33
17457	leg trotter off	1808
17458	oz	28.5
17458	leg trotter off	2674
17459	oz	28.33
17459	roast	121
17460	oz	28.5
17460	roast	146
17461	oz	28.33
17461	chop	43
17462	oz	28.33
17462	roast	329
17463	oz	28.33
17463	roast	447
17464	oz	28.33
17464	chop	43
18001	bagel	99
18001	mini bagel (2-1/2" dia)	26
18001	small bagel (3" dia)	69
18001	medium bagel (3-1/2" to 4" dia)	105
18001	large bagel (4-1/2")	131
18001	oz	28.35
18002	mini bagel (2-1/2" dia)	24
18002	small bagel (3" dia)	65
18002	medium bagel (3-1/2" to 4" dia)	99
18002	large bagel (4-1/2")	123
18002	oz	28.35
18003	oz	28.35
18003	mini bagel (2-1/2" dia)	26
18003	small bagel (3" dia)	69
18003	medium bagel (3-1/2" to 4" dia)	105
18003	large bagel (4-1/2" dia)	131
18005	mini bagel (2-1/2" dia)	26
18005	small bagel (3" dia)	69
18005	medium bagel (3-1/2" to 4" dia)	105
18005	large bagel (4-1/2" dia)	131
18005	oz	28.35
18006	mini bagel (2-1/2" dia)	24
18006	small bagel (3-1/2" to 4"dia)	65
18006	medium bagel (4" dia)	99
18006	large bagel (4-1/2" dia)	123
18006	oz	28.35
18007	mini bagel (2-1/2" dia)	26
18007	small bagel (3" dia)	69
18007	medium bagel (3-1/2" to 4" dia)	105
18007	large bagel (4-1/2" dia)	131
18007	oz	28.35
18009	oz	28.35
18009	large	77
18009	medium	51
18009	small	35
18009	biscuit (2-1/2" dia)	35
18010	cup, purchased	120
18010	cup, homemade	114
18010	cup, poured from box	128
18010	cup, spooned into cup	120
18010	cup (NLEA serving size)	121.2
18010	oz	28.35
18011	oz	28.35
18012	serving 1 biscuit	58
18012	oz	28.35
18013	oz	28.35
18013	biscuit (2-1/4" dia)	21
18014	biscuit	58
18014	biscuit	43
18014	package	398
18014	oz	28.35
18015	biscuit	51
18015	biscuit (2-1/2" dia)	27
18015	oz	28.35
18016	oz	28.35
18016	biscuit (4" dia)	101
18016	small (1-1/2" dia)	14
18016	biscuit (2-1/2" dia)	60
18017	oz	28.35
18017	biscuit (2-1/2" dia)	44
18019	oz	28.35
18019	individual loaf (include Keebler Elfin Loaves)	57
18019	slice	60
18021	oz	28.35
18021	slice	45
18022	oz	28.35
18022	package (8.5 oz)	241
18023	muffin	51
18023	piece	60
18023	oz	28.35
18024	oz	28.35
18024	piece	65
18025	oz	28.35
18025	cubic inch	3.2
18025	slice, large or thick	30
18025	slice, regular	25
18025	slice regular, crust not eaten	12.2
18025	slice	25
18025	slice, thin	20
18025	slice thin, crust not eaten	9.4
18027	oz	28.35
18027	slice (5" x 3" x 1/2")	40
18028	oz	28.35
18028	slice (5" x 3" x 1/2")	37
18029	oz	28.35
18029	slice	139
18030	oz	28.35
18030	slice, small	29
18030	slice, medium	59
18030	slice, large	88
18032	oz	28.35
18033	oz	28.35
18033	slice, large (4-1/2" x 3-1/4" x 3/4")	30
18033	slice, medium	20
18033	slice, small (3-1/4" x 2-1/2" x 1/2")	10
18036	oz	28.35
18036	slice regular	24
18036	slice large	38
18037	oz	28.35
18037	slice	30
18038	oz	28.35
18038	slice	27
18039	oz	28.35
18039	slice	27
18040	oz	28.35
18040	slice	25
18041	pita, large (6-1/2" dia)	60
18041	pita, small  (4" dia)	28
18042	pita, large (6-1/2" dia)	64
18042	pita, small  (4" dia)	28
18043	oz	28.35
18043	slice	19
18044	oz	28.35
18044	slice, regular	26
18044	slice, snack-size	7
18044	slice, thin	20
18044	slice (5" x 4" x 3/8")	32
18045	oz	28.35
18045	slice (5" x 4" x 3/8")	29
18047	oz	28.35
18047	slice, large	32
18047	slice	26
18047	slice, thin	23
18048	oz	28.35
18048	slice, large	29
18048	slice	24
18048	slice, thin	21
18049	oz	28.35
18049	slice	23
18050	oz	28.35
18050	slice	19
18051	oz	28.35
18051	slice	23
18053	oz	28.35
18053	slice	23
18053	slice, thick	32
18053	slice, thin	20
18055	oz	28.35
18055	slice	21
18057	oz	28.35
18057	slice	23
18059	oz	28.35
18059	slice	27
18060	oz	28.35
18060	slice, regular	32
18060	slice, snack-size	7
18060	slice, thin	25
18061	oz	28.35
18061	slice, large	29
18061	slice, regular	24
18061	slice, thin	18
18064	oz	28.35
18064	slice	29
18065	oz	28.35
18065	slice	24
18066	oz	28.35
18066	slice	36
18069	slice	29
18069	oz	28.35
18069	cup, crumbs	45
18069	cup, cubes	35
18069	slice, large	30
18069	slice	25
18069	slice crust not eaten	12
18069	slice, thin	20
18069	slice thin, crust not eaten	9
18069	slice, very thin	15
18070	oz	28.35
18070	cup, crumbs	45
18070	cup, cubes	42
18070	slice, large	27
18070	slice crust not eaten	11
18070	slice, thin	17
18070	slice thin, crust not eaten	8
18070	slice, very thin	13
18070	slice	22
18071	oz	28.35
18071	slice	44
18073	oz	28.35
18073	slice	42
18073	slice, thin (3-3/4" x 5" x 3/8")	33
18075	slice	32
18075	oz	28.35
18076	oz	28.35
18076	slice	25
18077	oz	28.35
18077	slice, regular (4" x 5" x 3/4")	46
18077	slice, thin (3-3/4" x 5" x 3/8")	33
18078	oz	28.35
18078	slice	42
18078	slice, thin (3-3/4" x 5" x 3/8")	30
18079	oz	28.35
18079	cup	108
18080	cup, small pieces	46
18080	stick, small (approx 4-1/4" long)	5
18080	stick (7-5/8" x 5/8")	10
18080	stick (9-1/4" x 3/8")	6
18081	oz	28.35
18081	package (6 oz)	170
18082	oz	28.35
18082	cup	200
18084	oz	28.35
18084	package (6 oz)	170
18085	oz	28.35
18085	cup	200
18086	piece (1/12 of 12 oz cake)	28
18086	cake (9" dia x 4")	340
18087	serving	38
18087	package (14.5 oz)	411
18087	oz	28.35
18088	piece (1/12 of 10" dia)	50
18088	tube cake (10" dia, 4-3/8" high)	596
18090	oz	28.35
18090	piece (1/6 of pie)	92
18092	oz	28.35
18092	package (18 oz)	510
18095	oz	28.35
18095	piece (1/8 cake)	71
18096	piece (1/12 of a cake)	138
18096	cake	1660
18096	piece (1/8 of 18 oz cake)	64
18096	oz	28.35
18097	oz	28.35
18097	package (18.25 oz)	517
18101	piece (1/12 of 9" dia)	95
18101	cake, 2-layer (8" or 9" dia)	1137
18102	oz	28.35
18102	piece (1/12 of 9" dia)	112
18103	oz	28.35
18103	piece (1/6 of 16 oz cake)	76
18104	oz	28.35
18104	individual cake	57
18104	piece (1/9 of 20 oz cake)	63
18105	oz	28.35
18105	piece (1/6 of 19 oz cake)	90
18106	oz	28.35
18106	piece (1/8 cake)	50
18107	oz	28.35
18107	package (10.5 oz)	298
18108	oz	28.35
18108	piece (1/8 of 8" x 5-3/4" cake)	56
18110	oz	28.35
18110	piece	43
18112	serving	43
18112	package (18.25 oz)	517
18112	oz	28.35
18114	oz	28.35
18114	package (14.5 oz)	411
18116	oz	28.35
18116	piece (1/9 of 8" square)	74
18117	oz	28.35
18117	package (18.25 oz)	517
18119	oz	28.35
18119	piece (1/9 of 8" square)	115
18120	loaf 1/6 of the loaf	365.3
18120	piece individually wrapped cake	49
18121	piece (1/10 of 10.6 oz cake)	30
18121	piece (1/12 of 12 oz cake)	28
18121	snack cake (2.5 oz)	71
18126	oz	28.35
18127	oz	28.35
18127	cupcake	50
18128	oz	28.35
18128	cake	42
18131	oz	28.35
18131	package (8 oz)	227
18133	oz	28.35
18133	piece (1/12 of 16 oz cake)	38
18134	oz	28.35
18134	piece (1/12 of 10 inch cake)	63
18135	oz	28.35
18135	package (18.50 oz)	524
18139	piece (1/12 of 9" dia)	74
18139	cake, 2-layer (8" or 9" dia)	887
18140	piece (1/12 of a cake)	144
18140	cake	1729
18140	piece (1/8 of 18 oz cake)	64
18140	oz	28.35
18141	serving	67
18141	oz	28.35
18142	oz	28.35
18142	package (18.50 oz)	524
18144	serving	43
18144	package (18.50 oz)	524
18144	oz	28.35
18146	piece (1/12 of 8" dia)	68
18146	cake, 2-layer (8" dia)	817
18147	oz	28.35
18147	piece (1/6 of 17 oz cake)	80
18147	piece (1 NLEA serving)	125
18148	oz	28.35
18148	piece (1/12 of 9" dia)	99
18151	oz	28.35
18151	square, large (2-3/4" sq x 7/8")	56
18151	package, Little Debbie (twin wrapped)	61
18152	oz	28.35
18152	package (21.5 oz)	610
18154	oz	28.35
18154	brownie (2" square)	24
18155	oz	28.35
18155	cookie	5
18156	oz	28.35
18156	cookie	21
18157	oz	28.35
18157	cup, crumbs	112
18157	wafer	6
18158	serving 3 cookies	34
18158	oz	28.35
18159	cookie	12.9
18159	cookie Pepperidge Farm Chocolate Chunk Pecan	12
18159	oz	28.35
18159	cookie (average weight of 1 cookie, variety of brands)	12.2
18159	cookie Pepperidge Farm Chocolate Chunk Pecan	12
18159	cookie, big (3-1/2" - 4" dia) (include Grandma brand)	40
18159	cookie, medium (2-1/4" dia)	10
18159	cookie, large (include Keebler Rich 'n Chips, Pecan Chips Delux)	14
18159	cookie, bite size (include Mini Chips Ahoy!)	2.2
18160	cookie	14.2
18160	oz	28.35
18160	cookie	15
18160	cookie (average weight of 1 cookie)	12.2
18161	oz	28.35
18161	package (17.5 oz)	496
18163	serving	33
18163	portion, dough spoon from roll	29
18163	oz	28.35
18164	oz	28.35
18164	cookie, medium (2-1/4" dia)	12
18165	oz	28.35
18165	bar (2" square)	32
18165	cookie, medium (2-1/4" dia)	16
18166	cookie	12
18166	oz	28.35
18167	oz	28.35
18167	cookie	17
18168	oz	28.35
18168	cookie	13
18170	oz	28.35
18170	Figaroo (2 square halves)	43
18170	cookie	16
18170	individual package (2 oz package containing 2 3" bars)	57
18171	oz	28.35
18171	cookie	8
18172	oz	28.35
18172	cookie	7
18172	large (approx 3-1/2" to 4" dia)	32
18173	oz	28.35
18173	cracker	15
18173	cup, crushed	84
18173	large rectangular piece or 2 squares or 4 small rectangular pieces	14
18174	pieces	9
18174	oz	28.35
18175	oz	28.35
18175	anisette sponge (4" x 1-1/8" x 7/8")	13
18175	breakfast treat (approx 4" x 2" x 7/8")	24
18175	ladyfinger	11
18176	oz	28.35
18176	Fudge Marshmallow	28
18176	pie, marshmallow (3" dia x 3/4")	39
18176	cookie, small (1-3/4" dia x 3/4")	13
18177	oz	28.35
18177	large (3-1/2" to 4" dia) (include Archway brand)	32
18177	medium	15
18177	cookie, Little Debbie	20
18178	oz	28.35
18178	cookie, big (3-1/2" - 4" dia) (include Archway brand, Grandma brand)	25
18178	large	18
18179	oz	28.35
18179	cookie	15
18180	oz	28.35
18180	package (17.5 oz)	496
18182	oz	28.35
18182	portion, dough for 1 cookie	16
18183	oz	28.35
18183	cookie	12
18184	oz	28.35
18184	cookie (2-5/8" dia)	15
18185	oz	28.35
18185	cookie	31
18186	oz	28.35
18186	cookie	15
18187	oz	28.35
18187	portion, dough for 1 cookie	16
18188	oz	28.35
18188	cookie	12
18189	oz	28.35
18189	cookie (3" dia)	20
18190	oz	28.35
18190	cookie	14
18191	oz	28.35
18191	cookie	15
18192	oz	28.35
18192	cookie	11.8
18193	oz	28.35
18193	cookie (2" dia)	14
18196	oz	28.35
18196	package (8.5 oz)	241
18198	oz	28.35
18198	cookie, medium (1-5/8" dia)	7
18199	oz	28.35
18199	cookie	10
18200	oz	28.35
18200	cookie, medium (1-5/8" dia)	7
18201	oz	28.35
18201	cookie	10
18202	oz	28.35
18202	wafer	4
18204	oz	28.35
18204	cookie	17
18205	serving	33
18205	cookie dough for 1rolled cookie	17
18205	cookie 1 pre-sliced cookie dough	26
18205	oz	28.35
18206	oz	28.35
18206	cookie 1 rolled cookie dough	15
18206	cookie 1 pre-sliced cookie dough	23
18208	oz	28.35
18208	cookie (3" dia)	14
18209	cookies	12
18209	cookie	10.1
18209	oz	28.35
18210	oz	28.35
18210	cookie, oval (3-1/8" x 1-1/4" x 3/8")	15
18210	cookie, round (1-3/4" dia)	10
18211	oz	28.35
18211	sheet	245
18211	shell	40
18212	oz	28.35
18212	cup, crumbs	80
18212	large	6
18212	medium	4
18212	small	3
18213	wafers	3.75
18213	wafers mini wafers	1.45
18214	oz	28.4
18214	cup, bite size	62
18214	cup, crushed	72
18214	gold fish	0.6
18214	bag, single serving	28
18214	snack stick	2
18214	cracker (1" square)	1
18215	oz	28.4
18215	cup, crushed	83
18215	cracker	6.5
18215	sandwich	6.5
18216	oz	28.4
18216	cup, crushed	55
18216	crispbread	10
18216	wafer, thin	2
18216	wafer	10
18216	cracker, Norwegian flatbread (4-3/4" x 2-3/4" x 1/16")	5.8
18216	wafer, Rye Krisp (triple cracker)	25
18216	crispbread, Wasa rye	10
18217	oz	28.4
18217	matzo	28
18218	oz	28.4
18218	matzo	28
18219	oz	28.4
18219	matzo	28
18220	oz	28.4
18220	cup pieces	30
18220	cup, rounds	33
18220	melba round	3
18220	piece (3-3/4" x 1-3/4" x 1/8")	5
18221	oz	28.4
18221	toast	5
18222	oz	28.4
18222	toast	5
18223	oz	28.4
18223	cracker	11
18224	oz	28.4
18224	rusk	10
18225	oz	28.4
18225	cracker, sandwich	7
18226	oz	28.4
18226	cup, crushed	61
18226	cracker (4-1/2" x 2-1/2" x 1/8")	11
18226	cracker, triple	25
18227	oz	28.4
18227	cracker, triple	22
18228	crackers	2.98
18228	oz	28.4
18228	cup, crushed	70
18228	crackers square (1 serving)	3
18228	cracker square	3
18228	cracker, round large	10
18228	cracker, oyster	1
18228	cracker, rectangle	6
18228	cup oyster crackers	45
18229	crackers	3.2
18229	crackers, regular size, round (1 serving)	3.2
18229	cracker, round	3.2
18229	cracker, rectangular	4
18229	cup crushed	52
18230	oz	28.4
18230	cracker, sandwich	7
18231	oz	28.4
18231	cracker, sandwich	7
18232	crackers 1 serving	2.125
18232	crackers 1 serving	7.25
18233	oz	28.4
18233	cracker, sandwich	7
18234	oz	28.4
18234	cracker, sandwich	7
18235	serving	28
18235	crackers, Triscuits, regular size	4.667
18235	cracker	4.6
18235	oz	28.4
18235	cup, crushed	94
18235	Triscuit Bits	1
18236	oz	28.35
18236	cup	115
18237	oz	28.35
18237	eclair (5" x 2" x 1-3/4")	48
18237	cream puff shell	66
18239	oz	28.35
18239	croissant, mini	28
18239	croissant, small	42
18239	croissant, medium	57
18239	croissant, large	67
18240	oz	28.35
18240	croissant, medium	57
18241	oz	28.35
18241	croissant, small	42
18241	croissant, medium	57
18241	croissant, large	67
18242	oz	28.4
18242	cup	30
18243	oz	28.4
18243	cup	40
18243	package, fast food	10
18243	cubes	0.25
18244	oz	28.35
18244	large (approx 7" dia)	142
18244	small or frozen (approx 3" dia)	35
18244	pastry (4-1/4" dia)	65
18244	Toaster Strudel	53
18244	piece (1/8 of 15 oz ring)	53
18245	oz	28.35
18245	pastry	71
18246	oz	28.35
18246	large (approx 7" dia)	142
18246	small or frozen (approx 3" dia)	35
18246	pastry (4-1/4" dia)	71
18246	Toaster Strudel	53
18246	piece (1/8 of 15 oz ring)	53
18247	oz	28.35
18247	pastry (4-1/4" dia)	65
18247	piece (1/8 of 15 oz ring)	53
18248	donut	40
18248	oz	28.35
18248	doughnut stick	52
18248	doughnut, long type (twist) (4-1/2" long)	52
18248	doughnut medium (3-1/4" dia)	54
18248	doughnut, mini (1-1/2" dia) or doughnut hole	14
18248	doughnut, large (4" dia)	71
18249	oz	28.35
18249	donettes (2" dia)	18
18249	doughnut, medium (approx 3" dia)	43
18249	doughnut large (approx 3-1/2" dia)	67
18250	oz	28.35
18250	doughnut, medium (approx 3" dia)	45
18251	oz	28.35
18251	doughnut (3-3/4" dia)	60
18251	doughnut, medium (approx 3" dia)	42
18253	oz	28.35
18253	cruller (3" dia)	41
18254	oz	28.35
18254	doughnut oval (3-1/2" x 2-1/2")	85
18255	oz	28.35
18255	doughnut hole	13
18255	doughnut stick	56
18255	extra large (approx 5" dia)	122
18255	jumbo (approx 6" dia)	157
18255	doughnut, large (approx 4-1/4" dia)	75
18255	doughnut, long type (twist) approx 5-1/4" x 2-1/2" x 1-1/2" high)	90
18255	doughnut medium (approx 3-3/4" dia)	64
18255	doughnut, small (approx 3" dia)	31
18255	doughnut (approx 1-1/2 oz)	42
18255	doughnut (3-3/4" dia)	60
18255	honeybun (4" x 3")	65
18255	honeybun (4-1/2" x 3-1/2")	78
18255	honeybun (5" x 3-1/2")	85
18255	doughnut, medium (approx 3-3/4" dia)	60
18255	doughnut	63
18256	oz	28.35
18256	doughnut oval (3-1/2" x 2-1/2")	85
18258	oz	28.35
18258	muffin	57
18259	oz	28.35
18259	muffin	52
18260	oz	28.35
18260	muffin	66
18261	oz	28.35
18261	muffin	61
18262	oz	28.35
18262	muffin	57
18263	oz	28.35
18263	muffin	52
18264	oz	28.35
18264	muffin	57
18265	oz	28.35
18265	muffin	52
18266	oz	28.35
18266	muffin	66
18267	oz	28.35
18267	muffin	61
18268	oz	28.35
18268	piece	59
18269	oz	28.35
18269	slice	65
18270	oz	28.35
18270	cup	152
18270	hush puppy	22
18271	oz	28.35
18271	cone	4
18271	large waffle cone	29
18272	oz	28.35
18272	cone	10
18273	oz	28.35
18273	muffin	57
18274	oz	28.35
18274	mini (1-1/4" dia)	17
18274	small (2-3/4" dia x 2")	66
18274	medium	113
18274	large (3-1/4" dia x 2-3/4")	139
18274	extra large	168
18274	muffin	31
18275	serving	43
18275	package, mix + drained berries	356
18275	oz	28.35
18277	oz	28.35
18277	muffin, toaster	33
18278	oz	28.35
18278	muffin	57
18279	oz	28.35
18279	mini	17
18279	small	66
18279	medium	113
18279	large	139
18279	extra large	168
18280	oz	28.35
18281	oz	28.35
18281	muffin, toaster	33
18282	oz	28.35
18282	muffin (2-3/4" dia x 2")	57
18283	oz	28.35
18283	mini	17
18283	small	66
18283	medium	113
18283	large	139
18283	extra large	168
18284	oz	28.35
18284	package (7 oz)	198
18288	oz	28.35
18288	pancake	41
18288	pancake (6" dia)	73
18288	mini pancake	10.1
18288	pancake	40
18289	cup	156.2
18289	oz	28.35
18289	cup, poured from box	130
18290	oz	28.35
18290	pancake (4" dia)	38
18290	pancake (6" dia)	77
18291	oz	28.35
18291	cup, poured from box	112
18292	oz	28.35
18292	pancake (4" dia)	38
18292	pancake (6" dia)	77
18293	oz	28.35
18293	pancake (4" dia)	38
18293	pancake (6" dia)	77
18294	oz	28.35
18294	pancake (4" dia)	38
18294	pancake (6" dia)	77
18295	oz	28.35
18295	cup, poured from box	122
18297	oz	28.35
18297	package (8 oz)	227
18299	oz	28.35
18299	cup, poured from box	140
18300	oz	28.35
18300	pancake (4" dia)	44
18300	pancake (6" dia)	129
18301	oz	28.35
18301	piece (1/8 of 9" dia)	125
18301	piece (1/6 of 8" pie)	117
18302	oz	28.35
18302	piece (1/8 of 9" dia)	155
18303	oz	28.35
18303	piece (1/8 of 9" dia)	92
18303	piece (1/6 of 8" pie)	123
18304	oz	28.35
18304	pie (9" dia)	1186
18304	piece (1/8 of 9" dia)	144
18305	oz	28.35
18305	piece (1/8 of 9" dia)	125
18305	piece (1/6 of 8" pie)	117
18306	oz	28.35
18306	piece (1/8 of 9" dia)	147
18308	oz	28.35
18308	piece (1/8 of 9" dia)	125
18308	piece (1/6 of 8" pie)	117
18309	oz	28.35
18309	piece (1/8 of 9" dia)	180
18310	serving .167 pie	120
18310	oz	28.35
18310	piece (1/4 of 6" pie)	99
18310	piece (1/6 of 8" pie)	113
18312	oz	28.35
18312	piece (1/8 of 9" dia)	95
18313	oz	28.35
18313	piece (1/6 of 7" pie)	64
18313	piece (1/8 of 7" pie)	48
18314	oz	28.35
18314	piece (1/8 of 9" dia)	94
18316	oz	28.35
18316	piece (1/6 of 8" pie)	104
18317	oz	28.35
18317	piece (1/6 of 8" pie)	105
18319	oz	28.35
18319	pie (5" x 3-3/4")	128
18320	oz	28.35
18320	piece (1/6 of 8" pie)	113
18321	oz	28.35
18321	piece (1/8 of 9" dia)	127
18322	oz	28.35
18322	piece (1/8 of 9" dia)	165
18323	oz	28.35
18323	piece (1/6 of 8" pie)	117
18324	oz	28.35
18324	slice	133
18324	pie	833
18325	oz	28.35
18325	piece (1/8 of 9" dia)	122
18326	oz	28.35
18326	slice	133
18326	pie	995
18327	oz	28.35
18327	piece (1/8 of 9" dia)	155
18328	oz	28.35
18328	piece (1/8 of 9" dia)	126
18332	oz	28.35
18332	package (10 oz)	284
18333	piece (1/8 of 9" crust)	20
18333	crust, single 9"	160
18334	piece (1/8 of 9" crust)	18
18334	pie crust (average weight of 1 frozen crust)	173
18335	pie crust (average weight of 1 baked crust)	154
18336	piece (1/8 of 9" crust)	23
18336	crust, single 9"	180
18337	oz	28.35
18337	shell	47
18338	oz	28.35
18338	sheet dough	19
18339	oz	28.35
18339	package (6 oz)	170
18342	roll (1 oz)	28
18342	each (pan, dinner, or small roll) (2" square, 2" high)	25
18342	roll (hamburger, frankfurter, onion roll, bun, large roll)	43
18342	roll (foot long frankfurter roll)	86
18344	oz	28.35
18344	roll (2-1/2" dia)	35
18345	oz	28.35
18345	roll	33
18346	large (approx 3-1/2" to 4" dia)	43
18346	medium	36
18346	small (2-3/8" dia)	28
18347	roll (1 oz)	28
18348	roll (1 oz)	28
18348	roll (hamburger, frankfurter roll)	43
18348	roll, large submarine, hoagie	135
18348	medium (2-1/2" dia)	36
18348	roll medium submarine, hoagie	94
18348	roll (small submarine, hoagie roll)	65
18349	oz	28.35
18349	roll	38
18350	roll 1 serving	44
18350	oz	28.35
18351	oz	28.35
18351	roll	43
18352	oz	28.35
18352	roll	43
18353	oz	28.35
18353	roll (3-1/2" dia)	57
18354	oz	28.35
18354	piece	71
18355	oz	28.35
18355	roll	66
18356	oz	28.35
18356	large	83
18356	roll (2-3/4" square)	60
18357	oz	28.35
18357	roll	30
18358	oz	28.35
18358	roll	30
18360	shell	12.9
18360	taco	12.7
18360	medium (approx 5" dia)	13.3
18360	large (6-1/2" dia)	21
18360	miniature (3" dia)	5
18360	oz	28.35
18361	oz	28.35
18361	pastry	51
18362	oz	28.35
18362	pastry	54
18363	oz	28.35
18363	enchilada	19
18363	tortilla	24
18364	tortilla	48
18364	oz	28.35
18364	tortilla medium (approx 6" dia)	30
18364	package	407
18364	tortilla (approx 10" dia)	72
18364	tortilla (approx 12" dia)	117
18364	tortilla (approx 7-8" dia)	49
18365	oz	28.35
18365	waffle, square (4" square) (include frozen)	35
18367	oz	28.35
18367	waffle, round (7" dia)	75
18368	oz	28.35
18368	wrapper, eggroll (7" square)	32
18368	wrapper, wonton (3-1/2" square)	8
18369	tsp	4.6
18369	tsp	4.6
18370	tsp	4.6
18370	tsp	4.6
18371	tsp	5
18371	tsp	5
18372	tsp	4.6
18372	tsp	4.6
18373	tsp	3
18373	tsp	3
18374	cake (0.6 oz)	17
18375	tsp	4
18375	tbsp	12
18375	packet	7.2
18376	oz	28.35
18376	cup	120
18377	oz	28.35
18377	cookie (2-5/8" dia)	15
18378	oz	28.35
18378	cookie, medium (2-1/4" dia)	16
18383	oz	28.35
18383	slice	17
18384	oz	28.35
18384	slice	25
18385	oz	28.35
18385	slice	25
18386	oz	28.35
18386	muffin, toaster	31
18388	oz	28.35
18388	muffin, toaster	34
18390	oz	28.35
18390	pancake (4" dia)	38
18390	pancake (6" dia)	77
18396	oz	28.35
18396	large roll or bun (3-1/2" dia)	43
18396	roll (2-1/2" dia)	35
18399	piece (1/8 of 9" crust)	30
18399	crust, single 9"	244
18400	oz	28.4
18400	matzo	28
18401	cup	129
18401	crust, single 9"	176
18401	piece (1/8 of 9" crust)	22
18402	piece (1/8 of 9" crust)	24
18402	crust, single 9"	194
18403	oz	28.35
18403	waffle, round (4" dia)	33
18403	waffle, square (4" square)	33
18406	oz	28.35
18406	mini bagel (2-1/2" dia)	26
18406	small bagel (3" dia)	69
18406	medium bagel (3-1/2" to 4" dia)	105
18406	large bagel (4-1/2" dia)	131
18407	oz	28.35
18407	mini bagel (2-1/2" dia)	26
18407	small bagel (3" dia)	69
18407	medium bagel (3-1/2" to 4")	105
18407	large bagel (4-1/2" dia)	131
18408	oz	28.35
18408	mini bagel (2-1/2" dia)	26
18408	small bagel (3" dia)	69
18408	medium bagel (3-1/2" to 4" dia)	105
18408	large bagel (4-1/2" dia)	131
18412	oz	28.35
18412	package (8.5 oz)	241
18413	oz	28.35
18413	pita, large (6-1/2" dia)	60
18414	oz	28.35
18414	slice, large	32
18414	slice	26
18414	slice, thin	23
18416	oz	28.35
18416	cup, crumbs	45
18416	cup, cubes	35
18416	slice, large	30
18416	slice	25
18416	slice, thin	20
18417	oz	28.35
18417	individual cake	57
18417	piece (1/9 of 20 oz cake)	63
18418	piece (1/10 of 10.6 oz cake)	30
18418	piece (1/12 of 12 oz cake)	28
18418	snack cake (2.5 oz)	71
18419	oz	28.35
18419	package (18.50 oz)	524
18420	oz	28.35
18420	package (18.50 oz)	524
18421	oz	28.35
18421	cookie	5
18422	oz	28.35
18422	cookie, medium (2-1/4" dia)	10
18422	cookie, bite size (include Mini Chips Ahoy!)	2.2
18423	oz	28.35
18423	anisette sponge (4" x 1-1/8" x 7/8")	13
18423	breakfast treat (approx 4" x 2" x 7/8")	24
18423	ladyfinger	11
18424	oz	28.4
18424	cup, crushed	70
18424	cup pieces	30
18424	cup, rounds	33
18424	melba round	3
18424	piece (3-3/4" x 1-3/4" x 1/8")	5
18424	toast	5
18425	oz	28.4
18425	cup oyster crackers	45
18425	cracker	3
18425	cracker, round large	10
18425	cracker, oyster	1
18425	cracker, rectangle	6
18426	oz	28.4
18426	cracker	3
18427	oz	28.4
18427	cup, bite size	62
18427	cup, crushed	72
18427	cracker, rectangular	4
18427	cracker, oval	3
18427	cracker, round	3
18428	oz	28.4
18428	cup, crushed	83
18428	cracker	2
18428	cracker, thin square	2
18429	oz	28.4
18429	cup, crushed	94
18429	cracker	4
18429	cracker, square	4
18429	Triscuit Bits	1
18430	oz	28.35
18430	large (approx 7" dia)	142
18430	small or frozen (approx 3" dia)	35
18430	pastry (4-1/4" dia)	65
18430	Toaster Strudel	53
18430	piece (1/8 of 15 oz ring)	53
18431	oz	28.35
18431	container (3 oz)	142
18431	small or frozen (approx 3" dia)	35
18431	pastry (4-1/4" dia)	71
18431	Toaster Strudel	53
18431	piece (1/8 of 15 oz ring)	53
18432	oz	28.35
18432	slice	23
18433	oz	28.35
18433	pastry	71
18434	oz	28.4
18434	cup Cheez-its	62
18434	cup, crushed	72
18434	gold fish	0.6
18434	cracker (1" square)	1
18435	oz	28.35
18435	pastry (4-1/4" dia)	71
18436	oz	28.35
18436	doughnut, medium (3-1/4" dia)	60
18437	oz	28.35
18437	muffin	57
18438	oz	28.35
18438	muffin	57
18439	oz	28.35
18439	muffin	57
18443	oz	28.35
18443	piece (1/8 of 9" dia)	125
18443	piece (1/6 of 8" pie)	117
18444	oz	28.35
18444	pie (5" x 3-3/4")	128
18445	oz	28.35
18445	pie (5" x 3-3/4")	128
18446	crust, single 9"	142
18446	piece (1/8 of 9" crust)	16
18447	oz	28.35
18447	package (6 oz)	170
18448	oz	28.35
18448	medium (approx 5" dia)	13
18448	miniature (3" dia)	5
18449	oz	28.35
18449	tortilla, medium (approx 6" dia)	26
18450	oz	28.35
18450	tortilla, medium (approx 6" dia)	32
18450	tortilla (approx 10" dia)	72
18450	tortilla (approx 12" dia)	117
18450	tortilla (approx 7-8" dia)	49
18451	oz	28.35
18451	cake	340
18453	oz	28.35
18453	package (18.50 oz)	524
18457	saltines	5
18457	saltines	5
18459	tart	52
18476	pastry	52
18477	pastry	52
18478	pastry	50
18479	pastry	50
18481	pastry	52
18482	pastry	52
18486	pastry	52
18487	pastry	52
18488	pastry	52
18489	pastry	52
18490	pastry	52
18494	pastry	50
18497	pastry	50
18499	pancakes (NLEA serving)	38.67
18501	bar (NLEA serving)	116
18505	waffles 1 serving	35
18505	round waffle (4" dia) (include frozen)	35
18506	waffles 1 serving	35
18506	waffle, round (4" dia) (include frozen)	35
18507	waffle, round (4" dia) (include frozen)	35
18507	serving	70
18513	serving	24
18522	serving	24
18524	serving	22
18527	serving	25
18528	serving	24
18529	serving	26
18532	serving	28
18533	serving	28
18535	serving	26
18537	serving	25
18538	serving	26
18539	serving	26
18540	serving	20
18541	serving	21
18544	serving	25
18547	serving	25
18562	serving	32
18566	muffin	31
18567	NLEA serving (makes 1/2 cup prepared)	28
18603	serving	67
18608	serving	31
18609	cookies	3.75
18610	serving	40
18612	serving	57
18614	serving	28
18615	serving	41
18616	serving	51
18617	serving	28
18619	serving	11
18621	cracker	3.3
18621	cracker (1 NLEA serving)	3.2
18629	biscuit	64
18629	serving	64
18630	serving 2 cookies	38
18631	serving	52
18632	serving	30
18633	biscuit	34
18634	serving	34
18635	serving 1 roll with icing	44
18637	serving	28
18639	serving	57
18640	eclair, frozen	59
18641	serving	43
18642	serving	43
18651	serving	16
18927	cracker 1 cracker = 6.5g	6.5
18927	sandwich	6.5
18932	waffle, square	39
18932	waffle, round	38
18933	oz	28
18933	waffle round (4" dia)	33
18933	waffle square (4" square)	33
18934	waffle	35
18935	waffle, round (4"dia)	32
18936	oz	28.35
18936	pancake	38
18936	serving (3 pancakes)	144
18938	piece	53
18938	oz	28.35
18939	pastry	51
18940	muffin small	71
18940	oz	28.35
18942	oz	28.35
18942	crust	183
18943	crust	182
18944	pie 1 pie (1/8 of 9" pie)	1048
18944	slice	137
18944	pie	1137
18944	oz	28.35
18945	pie crust (average weight)	225
18946	pie crust	198
18947	pie crust (average weight)	202
18948	pie crust (average weight)	229
18949	serving	29
18949	cracker	4.2
18949	Triscuits, regular size	4.833
18950	serving	29
18950	cracker	1.8
18950	crackers, Wheat Thins	1.812
18951	waffles	35
18952	piece	12.3
18952	pieces (mean serving weight, aggregated over brands)	12.33
18953	serving (approximate serving size)	55
18953	cake square (average weight of whole item)	399
18954	serving	55
18954	cake square	622
18955	slice (average weight of 1 slice)	63
18956	piece	42
18957	slice	39
18957	loaf	311
18958	piece (1 serving)	42
18959	piece	86
18960	serving (1 NLEA serving - about 4 crackers)	30
18960	cracker	12.7
18961	crackers (1 NLEA serving)	2.818
18961	cracker	3.1
18962	crackers (1 NLEA serving)	3.2
18962	cracker	3.1
18963	slice presliced	43
18963	slice	59
18964	bun	65
18965	serving	30
18966	serving	14
18967	slice	28
18968	bagel	98
18969	oz	28.25
18970	tortilla	49
18970	package	484
18971	slice	32
18972	slice	48
18973	piece	57
18974	cracker	2
18975	crackers	2
18976	cracker	1.667
18977	crackers	2.067
18978	pieces	36
18979	cracker	4.286
18980	pieces	36
18981	crackers	2
18982	cracker	4.286
18983	package	39
18984	package	39
18985	package	39
18986	package	39
18987	package	36
18988	package	36
18989	package	36
18990	package	39
18991	cookies	7.75
18992	chips	2.333
18993	cookie	30
18994	cookie	30
18995	bscuit	105
18996	bscuit	105
18997	pieces	45
18998	pieces	45
18999	set	46
19001	bar	35
19002	oz	28.35
19002	piece, large	20
19002	oz	28.35
19003	oz	28
19003	oz	28.35
19003	bag (7 oz)	198
19004	oz	28.35
19004	bag (7 oz)	198
19005	oz	28.35
19007	oz	28.35
19007	oz	28.5
19008	oz	28.35
19008	package 1.25 oz	35
19009	oz	28.35
19009	oz	28.5
19009	cup	85
19010	bar (1 oz)	28
19013	oz	28.35
19013	package	27
19013	packet (.75 oz)	21
19014	large	21
19014	small	14
19015	bar	21
19015	bar (1 oz)	28
19015	bar	25
19016	oz	28.35
19016	bar	24
19017	oz	28.35
19017	bar	24
19018	cup	334
19018	cup	336
19020	bar (1 oz)	28
19021	bar (1 oz)	28
19022	bar (1.5 oz)	43
19022	bar (1 oz)	28
19024	bar (1.25 oz)	35
19024	bar (1 oz)	28
19026	oz	28.35
19026	bar	37
19027	bar (1 oz)	28
19030	serving	20
19031	oz	28.35
19031	oz	28.5
19033	oz	28.35
19033	cup	47
19033	package	49
19034	cup	8
19034	oz	28.35
19035	cup	11
19035	oz	28.35
19036	cake	10
19036	cakes	10
19038	oz (approx 2/3 cup)	28.35
19038	oz	28.5
19039	oz	28.35
19040	cup	11
19040	oz	28.35
19041	oz	28.35
19041	oz	28.4
19042	oz	28.35
19042	bag (7 oz)	198
19043	oz	28.35
19043	bag (7 oz)	198
19045	oz	28.35
19045	can (6 oz)	170
19046	oz	28.35
19046	can (6.75 oz)	198
19047	oz	28.35
19047	twists	6
19048	oz	28.35
19048	pretzel	11
19049	oz	28.35
19049	pieces	3
19050	oz	28.35
19050	oz	28.5
19051	cake	9
19051	cakes	9
19052	cake	9
19052	cakes	9
19053	cake	9
19053	cakes	9
19056	oz	28.35
19056	bag	213
19057	oz	28.35
19058	oz	28.35
19058	bag (7 oz)	198
19059	cup	150
19059	oz	28.35
19059	oz	28
19061	cup	140
19061	oz	28.35
19061	oz	28
19062	cup	146
19062	oz	28.35
19062	oz	28
19063	oz	28.35
19063	bag (8 oz)	227
19064	serving 6 pieces	40
19064	piece	6.6
19065	package 1.76 oz	49
19065	bar snack size	19
19067	pieces	2.222
19068	serving 6 pieces	40
19069	serving 2.1 oz bar	60
19069	serving 1 fun size bar 0.65 oz	18
19069	serving 0.75 oz bar	21
19069	bar bite size	7
19069	bar king size	108
19069	Butterfinger BB's	2.6
19069	tbsp	12.5
19069	cup BB's	174
19070	oz	28.35
19070	pieces	5.333
19071	oz	28.35
19071	bar (3 oz)	87
19074	package (2.5 oz)	71
19074	piece	10.1
19075	bar 1.25 oz	35
19075	bar 1.6 oz	45
19075	blocks	7.167
19076	piece	6.6
19076	bar 2.25 oz	64
19076	serving 6 pieces	40
19077	oz	28.35
19078	oz square Bakers	29
19078	cup, grated	132
19078	oz Hersheys	28.4
19079	cup chips	170
19080	serving	14.5
19080	cup large chips	182
19080	cup mini chips	173
19080	oz (approx 60 pcs)	28.35
19080	cup chips (6 oz package)	168
19081	oz	28.35
19081	bar (1.45 oz)	41
19083	patty, large	43
19083	patty, small	11
19084	pieces	3.154
19085	cup chips	170
19085	oz	28.35
19086	cup chips	168
19086	oz	28.35
19087	bar (3 oz)	85
19087	tbsp	14
19087	cup chips	170
19088	serving 1/2 cup	76
19089	cup	214
19090	cup (4 fl oz)	172
19091	patty 1.5 oz	43
19092	pieces	1.481
19093	bar 1.5 oz	42
19093	bar 2.4 oz	68
19094	cup	306
19094	recipe yield	1531
19095	serving 1/2 cup	66
19096	serving 1/2 cup	88
19097	cup (4 fl oz)	148
19097	bar (2.75 fl oz)	66
19098	bar 2 oz	56
19098	bar snack size	16
19099	oz	28.35
19100	piece	17
19101	oz	28.35
19102	piece	16
19103	oz	28.35
19104	oz	28.35
19105	package 1.375 oz	39
19105	serving 0.25 cup	41
19105	serving fun size	48
19106	cup gumdrops	182
19106	gumdrops	3.6
19106	gummy bears	2.2
19106	gummy dinosaurs	6.3
19106	gummy fish	5
19106	gummy worms	7.4
19106	spice stick	9.5
19106	spice drop	24
19106	gumdrop, small (1/2" dia)	3.2
19106	gumdrop, medium (3/4" dia)	4.2
19106	gumdrop, large (1" dia)	11.6
19106	jelly ring (1-1/4" dia)	10
19107	oz	28.35
19107	piece	6
19107	piece, small	3
19108	small	1.1
19108	large (1 oz)	2.8
19109	bar (1.5 oz)	42
19109	bar, miniature (.35 oz)	10
19109	bar (1.625 oz)	46
19109	bar (2.8 oz)	78
19109	bar (3.375 oz)	96
19110	bar 1.45 oz	41
19110	bar 2 oz	56
19110	blocks	12.33
19111	serving 2.1 oz bar	60
19111	serving fun size bar 0.65 oz	18
19112	pieces 1.6oz	11.25
19113	serving 1/4 cup	73
19114	serving	68
19114	unit	100
19115	bar (1.76 oz)	50
19116	cup of miniature	50
19116	miniatures	0.7
19116	regular	7.2
19117	oz	28.35
19118	bar 2 oz	57
19118	serving fun size bar	26
19119	serving 1.4 oz bar	40
19120	bar, miniature	7
19120	bar (1.55 oz)	44
19120	cup chips	168
19121	cup From 19191	294
19122	cup From 19211	284
19123	cup From 19211	284
19124	tablet	20
19125	serving 2 TBSP	37
19126	cup	149
19126	pieces	4
19127	cup	180
19127	pieces	1
19128	serving 1/4 cup	73
19128	tbsp	15
19128	oz	28.35
19128	cup	240
19129	cup	314
19129	tbsp	20
19130	bar 2.8 oz	78
19132	bar (1.45 oz)	41
19132	bar (1.55 oz)	44
19134	bar (1.4 oz)	40
19134	bar (1.45 oz)	45
19134	bar (1.65 oz)	47
19134	bar, miniature	10
19134	bar (1.55 oz)	44
19135	serving 2.05 oz bar	58
19135	bar fun size	17
19135	piece miniature 5 pieces = serving	8.2
19135	bar king size	103
19136	bar 1.4 oz	39
19137	tbsp	21
19137	serving	40
19137	cup	340
19138	piece	12
19138	recipe yield, recipe makes 49     1 " x 1"     pieces	612
19139	serving 0.5 oz, about 1 tbsp	14
19139	package (net weight, 12 oz)	340
19140	serving 1 singles bag	54
19140	package fun size	18
19140	pieces	2
19140	cup	170
19141	package (1.69 oz)	48
19141	box (1.48 oz)	42
19141	cup	208
19141	serving	21
19141	pieces	0.7
19142	bar snack size	19
19142	package 1.9 oz	53
19143	bar (1.75 oz)	49
19143	bar (2.6 oz)	73
19144	bar (1.5 oz)	43
19144	bar, miniature	21
19144	serving 1.5 oz bar	43
19145	bar 1.55 oz	44
19145	bar 0.5 oz	14.2
19145	serving 4 fun size bars	41
19145	tbsp	12
19146	serving 0.5 oz, about 1 tbsp	14
19147	oz	28.35
19147	bar (1.4 oz)	40
19147	bar (1.6 oz)	45
19147	bar (1.75 fl oz)	50
19148	oz	28.35
19149	serving 1.58 oz bag	45
19149	serving fun size	48
19149	serving 0.25 cup	45
19150	package 0.6 oz 1 cup	17
19150	package 1.6 oz 2 cups	45
19150	miniature	7
19151	cup	188
19151	pieces	0.8
19151	package 1.63 oz	46
19151	package (1.6 oz)	46
19152	package 1 package	48
19152	pieces	6
19153	serving 5 mints	42
19153	piece	8.4
19154	oz	28.35
19154	piece	1.8
19154	pieces	1.75
19155	bar (2 oz)	57
19155	bar, fun size	15
19155	bar, king size (4 oz)	113
19156	serving fun size (8 chews)	40
19156	serving 2.07 oz pack	59
19156	piece	5
19157	serving 1.0 oz tube	30
19157	serving 0.50 oz box	15
19157	serving 1 1.94 oz tube	55
19159	serving 2.13 oz bar	60
19159	serving 2 fun size bars	28
19160	package (2 oz)	57
19160	package (2.06 oz, 2 bars)	58
19160	package, king size (3.35 oz, 4 bars)	95
19160	package (11 oz)	312
19161	package (1.89 oz, 2 bars)	54
19161	package (2.06 oz, 2 bars)	58
19161	package (1.77 oz)	50
19161	package (9.43 oz)	267
19162	bar 1.7 oz	48
19163	stick	3
19163	Chiclets	1.6
19163	block	8
19164	bar 1.45 oz	41
19164	bar 2.6 oz	73
19164	blocks	14
19164	bar	17
19165	cup	86
19165	tbsp	5.4
19166	cup	86
19166	tbsp	5.4
19168	cup	282
19168	recipe yield	563
19169	package (3 oz)	85
19169	portion, amount to make 1/2 cup	21
19170	cup	282
19171	tbsp	5
19172	package (3 oz)	85
19172	portion, amount to make 1/2 cup	21
19173	cup	270
19173	serving	21
19173	package 3 oz, yields 2 cups	540
19175	serving	6.4
19176	cup	234
19176	package yield (2 cups)	469
19177	envelope (1 tbsp)	7
19177	package (1 oz)	28
19181	pieces	2.6
19182	recipe yield	808
19182	cup	404
19183	oz	28.35
19183	container refrigerated, 4 oz	108
19183	container shelf stable, 3.5 oz	98
19184	package (3.5 oz)	99
19184	portion, amount to make 1/2 cup	25
19185	cup	294
19185	package yield (2 cups)	587
19186	cup	282
19186	recipe yield	844
19187	package (3 oz)	85
19187	portion, amount to make 1/2 cup	21
19188	package (3.5 oz)	99
19188	portion, amount to make 1/2 cup	25
19189	cup	284
19189	package yield (2 cups)	570
19190	cup	256
19191	cup	294
19191	package yield (2 cups)	587
19193	serving 4 oz pudding cup	113
19193	oz	28.35
19193	can (5 oz)	142
19193	cup	172
19193	cup	184
19194	package	106
19194	portion, amount to make 1/2 cup	27
19195	cup	256
19198	package (3.5 oz)	92
19198	portion, amount to make 1/2 cup	23
19199	cup	256
19201	oz	28.35
19201	container refrigerated 4 oz	110
19201	container shelf stable 3.5 oz	97
19202	package (3.5 oz)	99
19202	portion, amount to make 1/2 cup	25
19203	cup	284
19203	package yield (2 cups)	569
19204	serving	8
19204	package	32
19205	cup	282
19206	package (3.12 oz)	88
19206	portion, amount to make 1/2 cup	22
19207	cup	280
19207	package yield (2 cups)	559
19208	cup	256
19209	cup	256
19212	cup	256
19216	piece	39
19216	recipe yield	907
19217	bar	51
19218	oz	28.35
19218	container refrigerated 4 oz	110
19218	container	97
19219	cup	280
19219	package yield (2 cups)	559
19220	tbsp	9
19220	package (2 oz)	57
19222	tbsp	10.8
19222	package (1.5 oz)	43
19225	package (0.35 oz)	9.9
19226	tbsp creamy	20.5
19227	package	457.8
19227	tbsp	17.5
19227	package (16 oz)	462
19228	tbsp creamy	16.5
19228	tbsp whipped	12
19230	package	457.8
19230	tbsp creamy	16.5
19230	package (16 oz)	462
19233	serving 3.5 oz shelf stable	99
19234	container refrigerated 4 oz	112
19235	serving 4 oz	113
19236	pieces	2.294
19238	pieces	2.438
19239	bar 1.92 oz	54
19239	bars	17
19240	package	388
19241	tablespoon	16.5
19243	pieces	2.6
19244	package	411
19244	package	409.6
19246	package	207
19246	package	204.8
19247	package yields	315
19247	package	313.3
19248	pieces	2.222
19249	serving 1.5 oz	42
19250	bar 1.94 oz	55
19250	bar king size 2.8 oz	79
19252	oz bar	28
19254	serving 1.30 oz bar	37
19254	serving 5 pieces	40
19255	serving 1.3 oz bar	37
19255	serving 7 pieces	42
19256	serving 5 pieces	44
19258	serving 5 pieces	44
19260	serving 1/2 cup	68
19263	bar (2.5 fl oz)	77
19263	bar (3 fl oz)	92
19265	serving 1/2 cup	72
19268	serving 28 pieces	40
19269	rolls	14
19270	individual (3.5 fl oz)	58
19270	cup (4 fl oz)	132
19271	individual (3.5 fl oz)	58
19271	cup (4 fl oz)	132
19272	pouch	26
19273	roll	21
19274	serving	21
19274	packet	14.2
19279	oz	28.35
19280	cup (4 fl oz)	198
19281	fl oz	29
19281	cup	232
19283	serving 1.75 fl oz pop	52
19292	serving 1.6 oz bag	47
19293	cup	144
19294	tbsp	17
19294	serving	17
19294	cup	282
19295	serving 1.42 oz bar	40
19296	cup	339
19296	tbsp	21
19296	packet (0.5 oz)	14
19297	tbsp	20
19297	packet (0.5 oz)	14
19300	serving 1 tbsp	21
19300	packet (0.5 oz)	14
19301	oz	28.35
19302	serving 1.76 oz bar	50
19303	tbsp	20
19303	package (0.5 oz)	14
19303	serving	20
19303	cup	320
19304	cup	337
19304	serving 1 tbsp	20
19306	serving 13 pieces	39
19307	serving 13 pieces	39
19308	serving 15 pieces	41
19309	serving fun size (8 chews)	40
19310	package (1.75 oz)	50
19312	can	592
19312	serving	85
19312	can (21 oz)	595
19313	serving fun size (8 chews)	40
19313	serving 2.07 oz pack	59
19313	piece	5
19314	can	592
19314	can (21 oz)	595
19315	serving 2.07 oz pack	59
19318	package (3.5 oz)	99
19318	portion, amount to make 1/2 cup	25
19319	cup	254
19320	package (3.12 oz)	88
19320	portion, amount to make 1/2 cup	22
19321	cup	254
19322	package (3.5 oz)	99
19322	portion, amount to make 1/2 cup	25
19323	cup	294
19323	package yield (2 cups)	587
19324	package (3.12 oz)	88
19324	portion, amount to make 1/2 cup	25
19325	cup	280
19325	package yield (2 cups)	559
19326	serving 0.78 oz bar	22
19327	serving 0.78 oz bar	22
19328	serving 0.7 oz bar	20
19330	package (3.5 oz)	99
19330	portion, amount to make 1/2 cup	25
19331	cup	294
19331	package yield (2 cups)	587
19332	package (3 oz)	85
19332	portion, amount to make 1/2 cup	21
19333	cup	254
19334	tsp unpacked	3
19334	cup packed	220
19334	cup unpacked	145
19334	tsp packed	4.6
19334	tsp brownulated	3.2
19335	serving packet	2.8
19335	tsp	4.2
19335	cup	200
19335	serving 1 cube	2.3
19336	cup unsifted	120
19336	cup sifted	100
19336	tbsp unsifted	8
19336	tsp	2.5
19337	tsp	3.5
19337	serving 1 packet	1
19340	tsp	3
19340	oz	28.35
19340	piece (1-3/4" x 1-1/4" x 1/2")	28
19345	tbsp	17.5
19348	cup	304
19348	tbsp	19
19349	cup	328
19349	tbsp	20
19350	cup	341
19350	tbsp	22
19351	cup	310
19351	tbsp	19
19352	cup	332
19352	tbsp	21
19353	tbsp	20
19353	serving 1/4 cup	83
19353	cup	315
19355	cup	330
19355	tbsp	21
19359	serving 1.66 oz bar	47
19359	bar fun size	15
19359	serving 1.56 oz bar	44
19360	tbsp	20
19360	serving 1/4 cup	83
19360	cup	315
19361	cup	315
19361	tbsp	20
19362	cup	316
19362	tbsp	20
19363	serving 2.1 oz bag	62
19363	serving fun size bag	20
19364	tbsp	20.5
19365	oz	28.35
19365	jar	198
19366	cup	340
19366	tbsp	21
19367	cup	328
19367	tbsp	20.5
19368	serving 2.1 oz bag	62
19368	serving fun size bag	20
19369	serving 1.80 oz bag	51
19370	serving 2.17 oz pack	62
19370	cup	205
19370	pieces	1.07
19370	package fun size	20
19371	tablespoon	16.5
19372	tablespoon	16.5
19375	recipe yield	327
19379	piece	20
19379	recipe yield (60 pieces)	1229
19382	piece	15
19383	piece	12
19384	piece	11
19387	cup (4 fl oz)	198
19393	cup (4 fl oz)	144
19400	oz	28.35
19400	oz	28.33
19400	oz	28
19401	oz	28.35
19401	oz	28.5
19403	bar (1 oz)	28
19404	bar (1.5 oz)	43
19404	bar (1 oz)	28
19405	bar (1 oz)	28
19406	bar (1 oz)	28
19407	oz	28.35
19407	stick	20
19408	oz	28.35
19408	oz	28.4
19409	tablespoon	16.5
19410	oz	28
19410	chips	1.625
19410	oz	28.35
19410	can (7 oz)	198
19411	oz	28
19411	chips	1.273
19411	oz	28.35
19411	bag (8 oz)	227
19412	oz	28.35
19412	can (6.25 oz)	191
19413	cake	9
19413	cakes	9
19414	cake	9
19414	cakes	9
19415	oz	28.35
19415	cup	36
19416	cake	9
19416	cakes	9
19418	oz	28.35
19418	oz	28.5
19419	cake	9
19419	cakes	9
19420	oz	28.35
19420	bar	24
19421	oz	28.35
19421	bag (6 oz)	170
19422	oz	28.35
19422	bag (6 oz)	170
19423	oz	28.35
19424	oz	28.35
19424	bag (6 oz)	170
19433	oz	28.35
19434	oz	28.35
19436	oz	28.35
19437	oz	28.35
19437	bag (8 oz)	227
19438	serving	22
19439	bar	37
19440	bar	28
19444	oz	28.35
19445	oz	28.35
19524	oz	28.35
19524	chips	2.3
19701	cup chips (6 oz package)	170
19701	cup large chips	182
19701	cup mini chips	173
19701	oz (approx 60 pcs)	28.35
19702	package (3 oz)	85
19702	portion, amount to make 1/2 cup	21
19703	tbsp	9
19703	package (0.35 oz)	10
19703	portion, amount to make 1/2 cup	2.5
19704	tbsp	9
19704	package (0.35 oz)	10
19704	portion, amount to make 1/2 cup	2.5
19705	package (3.5 oz)	99
19705	portion, amount to make 1/2 cup	25
19706	package (3.12 oz)	88
19706	portion, amount to make 1/2 cup	22
19708	package (3 oz)	85
19708	portion, amount to make 1/2 cup	21
19709	package (3.5 oz)	92
19709	portion, amount to make 1/2 cup	23
19710	package (3.12 oz)	88
19710	portion, amount to make 1/2 cup	22
19719	tbsp	20
19719	packet (0.5 oz)	14
19720	cup	315
19720	tbsp	20
19800	cake	9
19800	cakes	9
19802	oz	28.35
19802	bag (8 oz)	227
19804	oz	28.35
19806	cup	8
19806	oz	28.35
19807	cup	11
19807	oz	28.35
19809	oz	28.35
19809	bag (8 oz)	227
19810	oz	28.35
19810	bag (8 oz)	227
19811	oz	28.35
19811	bag (8 oz)	227
19812	oz	28.35
19812	twists	6
19813	oz	28.35
19813	twists	6
19814	oz	28.35
19814	twists	6
19816	cake	9
19816	cakes	9
19817	cake	9
19817	cakes	9
19818	cake	9
19818	cakes	9
19819	cake	9
19819	cakes	9
19820	oz	28.35
19820	oz	28.5
19821	cup	150
19821	oz	28.35
19821	oz	28
19822	cup	146
19822	oz	28.35
19822	oz	28
19823	oz	28.35
19833	oz	28.35
19856	serving 1.2 fl oz pop	33
19857	oz	28.35
19858	piece	3.5
19859	tbsp	5.4
19860	tablespoon Ghirardelli label 2011	6
19860	tablespoon Hershey's label 2011	5
19860	container Ghirardelli label 2011	283
19866	pieces	14
19867	cup	134
19868	serving 1 packet	1
19871	serving	84
19873	serving 1.75 fl oz pop	55
19874	serving 3.5 fl oz bar	74
19875	serving 1/2 cup	68
19876	serving 1/2 cup	68
19877	serving 1/2 cup	68
19878	serving 1/2 cup	68
19879	serving 1/2 cup	68
19880	serving 1/2 cup	68
19881	serving 1/2 cup	68
19882	serving 1/2 cup	69
19883	serving 1/2 cup	72
19884	serving 1/2 cup	68
19886	serving 1 cone	79
19887	serving 1 sandwich	64
19890	serving 1 bar	78
19891	serving 1 pop	44
19892	serving 2 pops	80
19893	serving 1/2 cup	68
19894	serving 1/2 cup	68
19895	serving 1/2 cup	71
19896	serving 1 bar	56
19897	serving 1oz pack	28
19898	individual (3.5 fl oz)	58
19898	cup (4 fl oz)	132
19899	individual (3.5 fl oz)	58
19902	oz	28.35
19902	bar	162
19903	oz	28.35
19903	bar	112
19904	oz	28.35
19904	bar	101
19905	oz	28.35
19905	bar	127
19906	tbsp	12.9
19906	cup	189
19907	tbsp	14.5
19907	cup	202
19908	tsp	4.6
19908	cup	202
19909	tsp	0.5
19909	cup	23
19910	serving 1.5 oz	42
19911	milliliter	1.333
19912	tsp	6.9
19912	cup	220
19913	piece	60
19914	serving	31
19916	tbsp	17.5
19917	cup	160
19918	package	1
19919	serving	44
19924	tablespoon	20
20001	cup	193
20002	cup	246
20003	cup	128
20004	cup	184
20005	cup	200
20006	cup	157
20008	cup	170
20009	cup	164
20010	cup	168
20011	cup	120
20012	cup	140
20013	cup	182
20013	tbsp	8.4
20014	cup	166
20015	cup	76
20016	cup	117
20017	cup	114
20018	cup	126
20019	cup	114
20020	cup	122
20022	cup	157
20023	cup	122
20024	cup	170
20025	cup	138
20027	cup	128
20028	cup	173
20029	cup, cooked	157
20029	cup, dry, yields	528
20029	oz, dry, yields	86
20030	cup	165
20031	cup	200
20032	cup	174
20033	cup	94
20034	cup	219
20035	cup	170
20036	cup	185
20037	cup	202
20038	cup	156
20040	cup	190
20041	cup	195
20042	cup	192
20044	cup	185
20045	cup	158
20046	cup	185
20047	cup	158
20048	cup	95
20049	cup	165
20050	cup	195
20051	cup	186
20052	cup	200
20053	cup	186
20054	cup	185
20055	cup	174
20058	cup, loosely packed	132
20060	cup	118
20061	cup	158
20062	cup	169
20063	cup	128
20064	cup	102
20065	cup	102
20066	cup	167
20067	cup	192
20068	cup	152
20069	cup	192
20070	cup	130
20071	cup	192
20072	cup	192
20073	cup	168
20074	cup	192
20075	cup	168
20076	cup	192
20077	cup	58
20078	cup	115
20080	cup	120
20081	cup	125
20082	cup	125
20083	cup	137
20084	cup unsifted, dipped	137
20086	cup	111
20087	cup	108
20088	cup	160
20089	cup	164
20090	cup	158
20091	cup	105
20091	oz	28.5
20092	cup	140
20093	oz	28.44
20094	oz	64
20095	oz	28.44
20096	oz	28.5
20097	oz	28.5
20098	oz	28.5
20105	cup spiral shaped	84
20105	oz	28.5
20106	cup spiral shaped	134
20109	cup	38
20109	oz	28.5
20110	cup	160
20111	cup	38
20111	oz	28.5
20112	cup	160
20113	cup dry	56
20113	oz	28.67
20114	oz	28.5
20115	cup	114
20116	oz	28.5
20117	cup	176
20118	cup	45
20120	cup spaghetti	91
20120	oz	28.5
20120	cup elbows	122
20120	cup penne	95
20120	cup farfalle	81
20120	cup rotini	96
20120	cup shells	64
20120	cup lasagna	90
20121	cup spaghetti not packed	124
20121	cup spaghetti packed	151
20121	cup elbows not packed	120
20121	cup elbows packed	132
20121	cup penne	107
20121	cup farfalle	107
20121	cup rotini	107
20121	cup shells	105
20121	cup lasagne	116
20124	cup spaghetti	91
20124	cup elbows	122
20124	cup penne	95
20124	cup farfalle	81
20124	cup rotini	96
20124	cup shells	64
20124	cup lasagne	90
20125	cup spaghetti not packed	117
20125	cup spaghetti packed	151
20125	cup elbows	117
20125	cup penne	97
20125	cup shells	105
20125	cup lasagne	116
20125	cup rotini	107
20125	cup farfalle	107
20126	oz	28.5
20127	cup	140
20129	cup unsifted, dipped	137
20130	cup	148
20131	cup	162
20132	cup	104
20133	oz	28.5
20134	cup	176
20135	cup spaghetti	91
20135	cup elbows	122
20135	cup penne	95
20135	cup farfalle	81
20135	cup rotini	96
20135	cup shells	64
20135	cup lasagne	90
20136	cup spaghetti not packed	116
20136	cup spaghetti packed	151
20136	cup elbows not packed	117
20136	cup farfalle	107
20136	cup penne	97
20136	cup shells	105
20136	cup lasagne	116
20136	cup rotini	107
20137	cup	185
20138	cup	186
20139	cup	172
20140	cup	174
20141	cup	194
20142	cup	193
20143	cup	252
20310	cup	160
20314	cup	166
20315	tbsp	6.9
20316	cup	117
20317	cup	114
20320	cup	122
20321	cup spaghetti not packed	124
20321	cup packed	151
20321	cup elbows not packed	120
20321	cup elbows packed	132
20321	cup penne	107
20321	cup farfalle	107
20321	cup rotini	107
20321	cup shells	105
20321	cup lasagne	116
20322	cup	157
20323	cup	122
20324	cup	170
20325	cup	138
20330	cup	160
20345	cup	158
20381	cup	125
20409	cup	38
20410	cup	160
20420	cup spaghetti	91
20420	oz	28.5
20420	cup elbows	122
20420	cup penne	95
20420	cup farfalle	81
20420	cup rotini	96
20420	cup shells	64
20420	cup lasagna	90
20421	cup spaghetti not packed	124
20421	cup spaghetti packed	151
20421	cup elbows not packed	120
20421	cup elbows packed	132
20421	cup penne	107
20421	cup rotini	107
20421	cup farfalle	107
20421	cup shells	105
20421	cup lasagne	116
20422	cup	157
20444	cup	185
20445	cup	158
20446	cup	185
20447	cup	158
20450	cup	195
20451	cup	186
20452	cup	200
20453	cup	205
20466	cup	167
20481	cup	125
20510	cup	160
20521	cup spaghetti not packed	124
20521	cup spaghetti packed	151
20521	cup elbows not packed	120
20521	cup elbows packed	132
20521	cup penne	107
20521	cup rotini	107
20521	cup farfalle	107
20521	cup shells	105
20521	cup lasagne	116
20522	cup	157
20523	cup	140
20545	cup	158
20581	cup	125
20622	oz	28.5
20647	cup	119
20648	cup	121
20650	cup	161
20651	cup	155
20652	cup spaghetti not packed	116
20652	cup spaghetti packed	151
20652	cup elbows	117
20652	cup farfalle	107
20652	cup penne	97
20652	cup shells	105
20652	cup lasagne	116
20652	cup rotini	107
20653	cup spaghetti	91
20653	cup elbows	122
20653	cup penne	95
20653	cup farfalle	81
20653	cup rotini	96
20653	cup shells	64
20653	cup lasagne	90
20654	cup spaghetti not packed	169
20654	cup penne not packed	131
20654	cup fettucini not packed	153
20654	cup spirals not packed	136
20654	cup elbows not packed	131
20654	cup shells not packed	156
20655	cup spaghetti packed	166
20655	cup(not packed) not packed	132
20655	cup elbows not packed not packed	111
20656	cup spaghetti	121
20657	cup spaghetti	141
21002	biscuit	136
21003	biscuit	150
21004	biscuit	182
21005	item	162
21006	biscuit	148
21007	item	145
21008	biscuit	162
21009	item	111
21010	item	132
21011	croissant	127
21012	item	128
21013	item	155
21014	sandwich	171
21018	eggs	48
21020	item	108
21021	sandwich	126
21022	item	165
21023	slices	67.5
21024	pieces	21.67
21024	pieces	21.8
21026	round piece	5.5
21026	patty	53
21026	serving 14 round pieces	77
21026	serving 29 round pieces	160
21028	item	120
21032	sundae	155
21033	sundae	158
21034	sundae	153
21059	pieces shrimp	13
21060	pieces	108.5
21061	each burrito	185
21063	item	241
21064	burrito	241
21078	serving	80
21080	serving	222
21082	each taco	69
21083	cup	132
21089	sandwich	91
21090	item	127
21091	sandwich	115
21092	item	149
21093	sandwich	166
21094	sandwich	155
21095	sandwich	228
21096	sandwich	182
21097	item	211
21098	sandwich	233
21099	sandwich	254
21100	sandwich	258
21101	item	249
21102	sandwich	187
21105	sandwich	220
21106	sandwich	134
21107	sandwich	78
21108	sandwich	97
21109	item	110
21110	item	120
21111	item	215
21112	sandwich	137
21113	sandwich	218
21114	sandwich	226
21115	sandwich	259
21118	sandwich	98
21119	sandwich	114
21120	sandwich	175
21121	sandwich	149
21124	inch sub	32.67
21124	inch sub	32.58
21125	inch sub	31.67
21125	inch sub	31.75
21126	inch sub	39.5
21126	inch sub	39.5
21127	cup	191
21127	package	116
21129	piece	22
21130	package (18 onion rings)	117
21138	serving small	71
21138	serving medium	117
21138	serving large	154
21139	cup	242
21140	cup	285.3
21141	fl oz	24.8
21141	small 12 fl oz	298
21141	medium 16 fl oz	397
21142	biscuit	55
21143	strip	50
21143	serving 4 pieces	201
21144	piece	5.5
21144	serving	77
21145	slice 1/8 per pizza	155
21145	slice 1/10 per pizza	124
21146	slice 1/8 per pizza	156
21146	slice 1/10 per pizza	124
21147	piece 4" x 6"	130
21148	piece 4"x6"	127
21149	piece 3.2 oz	91
21150	inch sub	38
21150	inch sub	38.08
21151	inch sub	38
21151	inch sub	38.08
21152	inch sub	34.5
21152	inch sub	34.42
21153	inch sub	34.42
21153	inch sub	34.5
21154	inch sub	33
21154	inch sub	33
21155	inch sub	30.67
21155	inch sub	30.58
21156	inch sub	30.67
21156	inch sub	30.67
21157	inch sub	34.83
21157	inch sub	34.83
21158	inch sub	34.83
21158	inch sub	34.83
21159	inch sub	33.5
21159	inch sub	33.42
21160	inch sub	33.5
21160	inch sub	33.42
21161	inch sub	24.67
21161	inch sub	24.67
21162	inch sub	24.67
21162	inch sub	24.67
21202	item	171
21207	inch sub	30.67
21207	inch sub	30.58
21209	inch sub	30.67
21209	inch sub	30.67
21210	inch sub	31.67
21210	inch sub	31.75
21211	inch sub	33
21211	inch sub	33
21213	inch sub	32.67
21213	inch sub	32.58
21214	inch sub	39.5
21214	inch sub	39.5
21224	serving 9 servings per 24 oz package	81
21224	serving 3 servings per 15.1 oz package	151
21224	serving 2 servings per 9.8 oz package	146
21224	serving 1 serving per 8 oz box	199
21224	package 24 oz pizza	727
21224	package 15.1 oz pizza	452
21224	package 9.8 oz pizza	293
21224	package 8 oz pizza	199
21225	serving 6 servings per 29.25 oz package	139
21225	serving 4 servings per 19.7 oz package	149
21225	package 29.25 oz pizza	834
21225	package 19.7 oz pizza	595
21226	serving 5 servings per 24.2 oz package	143
21226	serving 5 servings per 22.85 oz package	129
21226	serving 2 servings per 10.9 oz package	177
21226	package 24.2 oz pizza	713
21226	package 22.85 oz pizza	644
21226	package 10.9 oz pizza	354
21227	serving 6 servings per 34.98 oz package	170
21227	serving 6 servings per 30.7 oz package	149
21227	serving 3 servings per 14.3 oz package	138
21227	package 34.98 oz pizza	1020
21227	package 30.7 oz pizza	891
21227	package 14.3 oz pizza	415
21228	sandwich	95
21229	pieces	16
21229	pieces	16
21229	pieces	16
21229	pieces	16
21230	sandwich	152
21232	sandwich	134
21233	item 4 oz	119
21234	item	171
21235	item 7.1 oz	199
21237	item 7.6 oz	219
21238	small serving	71
21238	medium serving	117
21238	large serving	154
21238	kids serving	31
21239	item	218
21240	item	236
21241	item	117
21242	item	129
21243	item	310
21244	item	230
21245	item	225
21246	pieces	13.6
21246	pieces	14.2
21247	kid's meal Serving	71
21247	small Serving	113
21247	medium Serving	142
21247	large Serving	184
21248	junior 6 oz. cup	113
21248	small 12 oz. cup	227
21248	medium 16 oz. cup	298
21249	small serving	74
21249	medium serving	117
21249	large serving	160
21250	sandwich	99
21251	item	133
21252	item	291
21253	item	316
21254	item	374
21255	item	399
21256	strip	36
21256	serving 5 pieces	173
21258	sandwich	220
21259	sandwich	199
21260	each taco	69
21261	each taco	102
21262	each taco	98
21263	item	127
21264	each burrito	185
21265	burrito	241
21266	item	248
21267	item	248
21268	serving	80
21269	serving	222
21270	item	533
21271	slice	96
21271	pizza	738
21272	slice	100
21272	pizza	728
21273	slice	69
21273	pizza	573
21274	slice	96
21274	pizza	744
21275	slice	96
21275	pizza	778
21276	slice	127
21276	pizza	1107
21276	pizza	1082
21277	slice	108
21277	pizza	865
21278	slice	118
21278	pizza	947
21279	slice	70
21279	pizza	540
21280	slice	113
21280	pizza	907
21281	slice	123
21281	pizza	984
21282	slice	151
21282	pizza	1224
21283	slice	117
21283	pie	938
21284	slice	123
21284	pie	1021
21285	slice	153
21285	pie	1093
21286	slice	87
21286	pie	678
21287	slice	89
21287	pie	758
21288	slice	90
21288	pie	852
21289	slice	115
21289	pie	1043
21290	slice	102
21290	pie	919
21291	slice	104
21291	pie	938
21292	slice	48
21292	pie	562
21292	pie	724
21293	slice	105
21293	pizza	841
21294	slice	112
21294	pizza	897
21295	slice	79
21295	pizza	641
21296	slice	110
21296	pizza	883
21297	slice	113
21297	pizza	909
21298	slice	123
21298	pizza	1313
21299	slice	107
21299	pizza	853
21300	slice	115
21300	pizza	922
21301	slice	76
21301	pizza	590
21302	slice	111
21302	pizza	895
21303	slice	118
21303	pizza	946
21304	slice	136
21304	pie	1168
21305	item	199
21306	item	135
21307	item 6.1 oz	174
21309	pieces	16
21309	pieces	15.83
21309	pieces	15.9
21310	package	28
21311	oz	28.67
21313	package	28
21314	oz	28.67
21315	package	28
21316	oz	28.67
21319	serving 1 patty	53
21321	hotcakes 5.3 oz	49.67
21324	oz	28.52
21327	item 5.8 oz	165
21328	item	135
21329	item 7 oz	199
21333	item (3.2 oz)	90
21334	item (6.3 oz)	178
21335	item (6.4 oz)	182
21336	item (6.3 oz)	179
21337	oz	23.33
21338	regular (12 fl oz)	348
21338	large (16 fl oz)	504
21339	regular (12 fl oz)	337
21339	large (16 fl oz)	487
21340	burrito	109
21341	item 9.5 oz	269
21343	oz	26.25
21344	sandwich	155
21345	item	280
21346	fl oz	31
21347	fl oz	29.5
21348	fl oz	23.5
21349	fl oz	28
21350	item	200
21355	sandwich	131
21356	item	138
21357	sandwich	126
21358	item 4 oz	115
21359	item 5.8 oz	165
21360	item 4.9 oz	142
21361	item 4.1 oz	117
21362	item 5.7 oz	163
21363	item 14.8 oz	420
21364	item	192
21365	item	221
21376	item 10.8 oz	305
21377	item 11.3 oz	319
21378	item 7.8 oz	223
21379	item 3.1 oz	87
21380	item 5.2 oz	149
21381	item	142
21382	item	124
21383	sandwich	171
21384	item	131
21385	item	110
21386	stick	21
21386	serving 5 sticks	107
21387	piece	5.6
21387	serving	160
21388	each	25
21389	item	374
21390	item	247
21393	item	205
21395	sandwich	155
21396	item	280
21397	sandwich	215
21398	item	199
21399	item	355
21400	item	219
21401	strip	30
21401	serving	184
21402	item 7 oz	200
21403	item	230
21404	item 7.9 oz	223
21405	item 9 oz	254
21406	item 7.1 oz	202
21407	item 8.5 oz	240
21410	item	219
21411	item	254
21412	fl oz cup	29
21413	fl oz cup	28.08
21415	biscuit	60
21416	package	120
21416	cup	190
21417	strip	54
21418	strip	53
21419	biscuit	49
21420	package	112
21420	cup	191
21421	strip	47
21422	piece	6.4
21422	pieces	5.6
21425	breast without skin	152
21425	breast bone and skin removed	115
21426	drumstick, bone and skin removed	40
21426	drumstick, without skin	57
21427	thigh without skin	86
21427	thigh bone and skin removed	60
21428	wing wing without skin	39
21428	wing bone and skin removed	23
21430	breast, without skin	140
21430	breast, bone and skin removed	121
21431	drumstick, bone and skin removed	41
21431	drumstick, without skin	57
21432	thigh, without skin	91
21432	thigh, bone and skin removed	72
21433	wing, without skin	44
21433	wing, bone and skin removed	29
21434	breast, with skin	212
21434	breast, without skin	152
21434	breast, bone and skin removed	115
21435	drumstick, with skin	75
21435	drumstick, without skin	57
21435	drumstick, bone and skin removed	40
21436	thigh, with skin	135
21436	thigh, without skin	86
21436	thigh, bone and skin removed	60
21437	wing, with skin	60
21437	wing, without skin	39
21437	wing, bone and skin removed	23
21438	breast, with skin	212
21438	breast, without skin	140
21438	breast, bone and skin removed	121
21439	drumstick, with skin	81
21439	drumstick, without skin	57
21439	drumstick, bone and skin removed	41
21440	thigh, with skin	152
21440	thigh, without skin	91
21440	thigh, bone and skin removed	72
21441	wing, with skin	68
21441	wing, without skin	44
21441	wing, bone and skin removed	29
21442	breast without skin	132
21442	breast bone and skin removed	99
21443	drumstick, bone and skin removed	44
21443	drumstick, without skin	59
21445	thigh thigh without skin	83
21445	thigh bone and skin removed	54
21446	wing without skin, bone and breading	16
21456	breast, with skin	194
21456	breast, without skin	132
21456	breast, bone and skin removed	99
21457	drumstick, with skin	76
21457	drumstick, without skin	59
21457	drumstick, bone and skin removed	44
21458	thigh with skin	138
21458	thigh without skin	83
21458	thigh bone and skin removed	54
21459	wing, with skin	57
21459	wing, without skin	35
21459	wing, bone and skin removed	17
21461	sandwich	268
21462	sandwich	271
21463	item	149
21464	breast without skin	142
21464	breast bone and skin removed	107
21465	drumstick, bone and skin removed	40
21465	drumstick, drumstick without skin	56
21466	thigh without skin	84
21466	thigh bone and skin removed	66
21467	wing without skin	37
21467	wing bone and skin removed	20
21469	breast, with skin	203
21469	breast, without skin	142
21469	breast, bone and skin removed	107
21470	drumstick, with skin	75
21470	drumstick, without skin	56
21470	drumstick, bone and skin removed	40
21471	thigh with skin	136
21471	thigh without skin	84
21471	thigh bone and skin removed	66
21472	wing, with skin	58
21472	wing, without skin	37
21472	wing, bone and skin removed	20
21473	slice 1/4 of pie	164
21473	pie 12" diameter	688
21474	slice 1/4 of pie	183
21474	pie 12" diameter	729
21475	slice 1/4 of pie	161
21475	pie 23 oz	643
21476	slice 1/4 of pie	179
21476	pie 12" diameter	732
21477	slice 1/4 of pie	207
21477	pie 12" diameter	759
21478	slice 1/4 of pie	145
21478	pie 22.1 oz	548
21479	slice 1/4 of pie	227
21479	pie 12" diameter	876
21480	slice 1/4 of pie	155
21480	pie 24.8 oz	595
21482	slice	127
21482	pizza	1017
21483	slice	88
21483	pizza	670
21484	slice	116
21484	pizza	932
21485	slice	79
21485	pizza	597
21486	each taco	102
21487	each taco	98
21488	each quesadilla	180
21490	sandwich	230
21491	slice	80
21491	pizza	634
21492	slice	79
21492	pizza	563
21493	slice	78
21493	pizza	597
21494	slice	114
21494	pizza	913
21495	slice	129
21495	pizza	1032
21496	slice	92
21496	pizza	737
21497	slice	119
21497	pizza	952
21498	slice	125
21498	pizza	1003
21499	pizza	351.5
21500	pizza	342.4
21501	pizza	342.4
21503	pizza	363.6
21505	slice	69
21505	pie	556
21506	sandwich	162
21507	sandwich	146
21508	sandwich	126
21509	small	91
21509	medium	117
21509	large	142
21510	sandwich	215
21511	slice 1/8 pizza	117
21511	pizza whole	937
21512	slice	117
21512	pizza	937
21513	pizza	149
21514	pizza	159
21515	pizza	160
21516	pizza	152
21517	item	133
21518	item	123
21519	burrito	109
21520	breadstick	43
21521	fl oz	28.92
21522	biscuit regular size biscuit	132
21523	wrap	133
21524	wrap	123
21525	breadstick	43
21526	sandwich	187
21527	sandwich	149
21600	piece 4"x6"	130
21601	slice per 1/10 pizza	124
21601	slice per 1/8 pizza	155
21602	piece 4"x6"	127
21603	slice per 1/10 pizza	124
21603	slice per 1/8 pizza	156
21604	piece 4" x 6"	133
21605	slice per 1/10 pizza	129
21610	patty	86
21611	pieces	17.6
22118	burger	67
22119	link	40
22120	cup	100
22121	Burger	71
22122	patty	38
22123	burger	67
22126	link	51
22247	serving	244
22401	serving	283
22401	oz	28.35
22402	serving	269
22402	oz	28.35
22522	serving (1 cup)	252
22528	package yields	397
22528	serving	397
22529	pie, cooked (average weight)	268
22535	serving (1 hot pocket)	127
22537	serving (1 hot pocket)	127
22537	package yields	256
22899	cup	242
22900	cup	262
22901	cup	108
22902	slice 1/8 of 12" pizza	103
22902	slice 1/8 of 14" pizza	127
22903	pizza 12" diameter	508
22903	pizza 12" diameter	532
22904	cup	242
22905	cup (1 serving)	196
22906	pie	302
22908	cup	236
22910	cup 1 serving	225
22911	cup	240
22912	cup	246
22912	can	411
22914	serving (1 NLEA serving)	252
22914	cup	238
22915	package	309
22915	oz	28.35
22916	piece side	134
22916	piece corner	115
22916	piece center	278
22917	burrito frozen	139
22917	oz	28.35
22918	burrito	129
22919	oz 1 serving	28.4
22928	burrito cooked	116
22928	oz	28.35
22929	cup	259
22929	serving	259
22930	cup (1 serving)	252
22931	cup (1 serving)	252
22932	cup (1 serving)	252
22937	cup (1 serving)	252
22938	cup (1 serving)	252
22939	cup (1 serving)	252
22940	cup (1 serving)	252
22941	cup (1 serving)	252
22942	cup (1 serving)	252
22943	box (NLEA serving size)	509
22944	serving	125
22945	box (NLEA serving)	616.8
22946	box (NLEA serving)	562.9
22947	serving (NLEA serving)	94
22948	serving	85
22948	box	509
22949	box (NLEA serving)	485
22949	serving	81
22950	serving 1/6 box	84
22950	box	505
22951	can (1 serving)	298
22952	cup (1 serving)	247
22953	roll	85
22953	oz	28.35
22954	roll	80
22954	oz	28.35
22955	egg roll	68
22955	oz	28.35
22956	serving	227
22956	cup	226
22956	oz	28.35
22957	serving	385
22957	package	422
22957	oz	28.35
22958	bowl	340
22959	serving (makes about 1 cup prepared)	70
22960	cup	198
22961	hot pocket (1 NLEA serving)	127
22962	hot pocket (1 NLEA serving)	127
22962	each (analytical measurement)	129
22963	each	128
22965	can (1 serving)	213
22966	can (1 serving)	206
22969	cup	244
22969	container	422
22970	cup	137
22970	container (mean weight over brands)	283
22971	cup	250
22972	cup	249
22973	corndog	78
22973	corndog mini	17
22974	serving	87
22974	piece	18
22975	serving	82
22975	piece	20
22976	cup	159
22977	piece side	123
22977	piece corner	114
22977	piece center	255
22978	piece	21
22979	entree	283
22980	package	269
22981	package	255
22982	package	269
22983	package	283
22984	package	283
22985	package	283
22986	entree	283
22987	entree	283
22988	cup	280
22989	package	269
22990	package	269
22991	package	269
22992	package	283
22993	entree	255
22994	entree	269
22995	package	283
22996	Entrée	269
22997	package	283
22998	cup	168.2
22998	tbsp	10.2
22999	cup	233
23000	oz	28.33
23000	steak	369
23000	roast	1159
23001	oz	28.33
23001	steak	534
23002	oz	28.33
23002	steak	421
23003	oz	28.33
23003	steak	526
23004	oz	28.33
23004	steak	426
23005	oz	28.33
23005	steak	460
23006	oz	28.33
23006	steak	363
23007	oz	28.33
23007	steak	458
23008	oz	28.33
23008	steak	368
23030	oz	28.33
23030	steak	191
23031	steak	141
23031	serving (3 oz)	85
23032	oz	28.33
23032	steak	200
23033	serving (3 oz)	85
23033	steak	174
23034	medallion	40
23035	medallion	30
23035	serving (3 oz)	85
23036	medallion	44
23037	oz	28.33
23037	steak	246
23038	serving (3 oz)	85
23038	steak	188
23039	oz	28.33
23039	steak	233
23040	steak	179
23040	serving (3 oz)	85
23041	oz	28.33
23041	steak	254
23042	serving (3 oz)	85
23042	steak	193
23043	oz	28.33
23043	steak	243
23044	serving (3 oz)	85
23044	steak	186
23045	oz	28.33
23045	steak	209
23046	oz	28.33
23046	steak	156
23047	oz	28.33
23047	steak	203
23048	oz	28.33
23048	steak	160
23049	oz	28.33
23049	steak	293
23050	serving (3 oz)	85
23050	steak	225
23051	oz	28.33
23051	steak	324
23052	serving (3 oz)	85
23052	steak	253
23053	medallion	41
23054	medallion	32
23054	serving (3 oz)	85
23055	oz	28.33
23055	steak	207
23056	serving (3 oz)	85
23056	steak	168
23057	oz	28.33
23057	steak	241
23058	serving (3 oz)	85
23058	steak	184
23059	oz	28.33
23059	steak	250
23060	serving (3 oz)	85
23060	steak	190
23061	oz	28.33
23061	steak	197
23062	steak	150
23063	oz	28.33
23063	steak	305
23064	serving (3 oz)	85
23064	steak	236
23065	medallion	34
23065	serving (3 oz)	85
23066	oz	28.33
23066	piece	434
23067	oz	28.33
23067	piece	429
23068	oz	28.33
23068	piece	432
23069	oz	28.33
23069	piece	224
23070	oz	28.33
23070	piece	231
23071	oz	28.33
23071	piece	227
23072	oz	28.33
23072	piece	325
23073	oz	28.33
23073	piece	340
23074	oz	28.33
23074	piece	331
23075	oz	28.33
23075	steak	307
23076	oz	28.33
23076	steak	309
23077	oz	28.33
23077	steak	308
23078	oz	28.33
23078	steak	382
23079	oz	28.33
23079	steak	386
23080	oz	28.33
23080	steak	384
23081	oz	28.33
23081	roast	793
23082	oz	28.33
23082	roast	779
23083	oz	28.33
23083	roast	787
23084	steak	141
23085	steak	141
23086	steak	141
23087	oz	28.33
23087	steak	204
23088	oz	28.33
23088	steak	191
23089	oz	28.33
23089	steak	198
23090	oz	28.33
23090	lb	453.6
23091	oz	28.33
23092	oz	28.33
23093	oz	28.33
23094	oz	28.33
23095	oz	28.33
23096	oz	28.33
23096	steak	445
23097	oz	28.33
23098	oz	28.33
23099	oz	28.33
23100	oz	28.33
23100	steak	291
23101	oz	28.33
23101	roast	2044
23102	oz	28.33
23102	steak	679
23102	roast	960
23103	oz	28.33
23103	steak	648
23103	roast	949
23104	oz	28.33
23104	steak	732
23104	roast	977
23105	oz	28.33
23105	steak	353
23106	oz	28.33
23106	steak	356
23107	oz	28.33
23107	steak	349
23108	oz	28.33
23108	steak	473
23109	oz	28.33
23109	steak	483
23110	oz	28.33
23110	steak	458
23111	oz	28.33
23111	steak	361
23111	roast	1173
23112	oz	28.33
23112	steak	381
23112	roast	1139
23113	oz	28.33
23113	roast	609
23114	oz	28.33
23114	roast	586
23115	oz	28.33
23115	roast	645
23116	oz	28.33
23116	steak	449
23117	oz	28.33
23117	steak	445
23118	oz	28.33
23118	steak	454
23119	steak	141
23120	steak	141
23121	steak	141
23122	oz	28.33
23122	steak	198
23123	oz	28.33
23123	steak	204
23124	oz	28.33
23124	steak	191
23125	oz	28.33
23125	piece	289
23126	oz	28.33
23126	piece	272
23127	oz	28.33
23127	piece	315
23128	oz	28.33
23128	piece	432
23129	oz	28.33
23129	piece	434
23130	oz	28.33
23130	piece	429
23131	oz	28.33
23131	roast	787
23132	oz	28.33
23132	roast	793
23133	oz	28.33
23133	roast	779
23134	oz	28.33
23134	piece	227
23135	oz	28.33
23135	piece	224
23136	oz	28.33
23136	piece	231
23137	oz	28.33
23137	piece	331
23138	oz	28.33
23138	piece	325
23139	oz	28.33
23139	piece	340
23140	oz	28.33
23140	steak	308
23141	oz	28.33
23141	steak	307
23142	oz	28.33
23142	steak	309
23143	oz	28.33
23143	steak	384
23144	oz	28.33
23144	steak	382
23145	oz	28.33
23145	steak	386
23146	oz	28.33
23146	roast	2130
23147	oz	28.33
23147	roast	2259
23148	oz	28.33
23148	steak	281
23149	oz	28.33
23149	steak	306
23150	oz	28.33
23150	steak	462
23150	roast	2627
23151	oz	28.33
23151	steak	456
23151	roast	2674
23152	oz	28.33
23152	steak	471
23152	roast	2557
23153	oz	28.33
23153	steak	361
23153	roast	2155
23154	oz	28.33
23154	steak	350
23154	roast	2124
23155	oz	28.33
23155	steak	376
23155	roast	2203
23156	oz	28.33
23156	steak	381
23157	oz	28.33
23157	steak	378
23158	oz	28.33
23158	steak	385
23159	oz	28.33
23159	roast	1601
23160	oz	28.33
23160	roast	1555
23161	oz	28.33
23161	roast	1669
23162	oz	28.33
23162	steak	254
23163	oz	28.33
23163	steak	382
23164	oz	28.33
23164	steak	256
23165	oz	28.33
23165	steak	388
23166	oz	28.33
23166	steak	250
23167	oz	28.33
23167	steak	373
23168	oz	28.33
23168	steak	174
23169	oz	28.33
23169	steak	266
23170	oz	28.33
23170	steak	173
23171	oz	28.33
23171	steak	268
23172	oz	28.33
23172	steak	175
23173	oz	28.33
23173	steak	264
23174	oz	28.33
23175	oz	28.33
23176	oz	28.33
23176	steak	242
23177	oz	28.33
23177	steak	316
23178	oz	28.33
23178	steak	266
23179	oz	28.33
23180	oz	28.33
23180	ribs	1159
23181	oz	28.33
23181	ribs	1587
23182	oz	28.33
23182	ribs	1197
23183	oz	28.33
23183	ribs	1604
23184	oz	28.33
23184	ribs	1102
23185	oz	28.33
23185	ribs	1562
23186	oz	28.33
23186	steak	378
23187	oz	28.33
23187	steak	385
23188	oz	28.33
23188	steak	381
23189	oz	28.33
23189	roast	2044
23190	oz	28.33
23190	roast	2259
23191	oz	28.33
23191	roast	2130
23192	oz	28.33
23192	steak	462
23192	roast	2627
23193	oz	28.33
23193	steak	456
23193	roast	2674
23194	oz	28.33
23194	steak	471
23194	roast	2557
23195	oz	28.33
23195	steak	281
23196	oz	28.33
23196	steak	306
23197	oz	28.33
23197	steak	291
23198	oz	28.33
23198	roast	1601
23199	oz	28.33
23199	roast	1555
23200	oz	28.33
23200	roast	1669
23201	oz	28.33
23201	steak	361
23201	roast	2155
23202	oz	28.33
23202	steak	350
23202	roast	2124
23213	oz	28.33
23213	steak	376
23213	roast	2203
23214	oz	28.33
23214	steak	254
23215	oz	28.33
23215	steak	256
23216	oz	28.33
23216	steak	250
23217	oz	28.33
23217	steak	382
23218	oz	28.33
23218	steak	388
23219	oz	28.33
23219	steak	373
23220	oz	28.33
23221	oz	28.33
23221	steak	174
23222	oz	28.33
23222	steak	173
23223	oz	28.33
23223	steak	175
23224	oz	28.33
23224	steak	266
23225	oz	28.33
23225	steak	268
23226	oz	28.33
23226	steak	264
23227	oz	28.33
23227	steak	251
23228	oz	28.33
23228	steak	242
23229	oz	28.33
23229	steak	266
23230	oz	28.33
23230	steak	326
23231	oz	28.33
23231	steak	316
23232	oz	28.33
23232	steak	340
23233	oz	28.33
23233	ribs	1159
23234	oz	28.33
23234	ribs	1197
23235	oz	28.33
23235	ribs	1102
23236	oz	28.33
23236	ribs	1587
23237	oz	28.33
23237	ribs	1604
23238	oz	28.33
23238	ribs	1562
23239	oz	28.33
23239	roast	806
23240	oz	28.33
23240	fillet	190
23240	roast	1013
23241	oz	28.33
23241	steak	161
23242	oz	28.33
23242	steak	165
23243	oz	28.33
23243	steak	156
23244	oz	28.33
23244	steak	223
23245	oz	28.33
23245	steak	238
23246	oz	28.33
23246	steak	199
23247	fillet	135
23248	fillet	135
23249	fillet	135
23250	oz	28.33
23250	roast	634
23251	oz	28.33
23251	roast	677
23252	oz	28.33
23252	roast	571
23253	oz	28.33
23253	fillet	173
23253	roast	852
23254	oz	28.33
23254	fillet	178
23254	roast	844
23255	oz	28.33
23255	fillet	166
23255	roast	866
23256	fillet	121
23257	fillet	124
23258	fillet	115
23259	oz	28.33
23259	roast	768
23260	oz	28.33
23260	roast	765
23261	oz	28.33
23261	fillet	180
23261	roast	970
23262	oz	28.33
23262	fillet	186
23262	roast	955
23263	oz	28.33
23263	fillet	164
23263	roast	901
23264	oz	28.33
23264	fillet	163
23264	roast	938
23265	oz	28.33
23265	fillet	167
23265	roast	847
23266	oz	28.33
23266	steak	209
23267	oz	28.33
23267	steak	208
23268	oz	28.33
23268	steak	211
23269	oz	28.33
23269	steak	256
23270	oz	28.33
23270	steak	249
23271	oz	28.33
23271	steak	267
23272	fillet	135
23273	fillet	138
23274	fillet	129
23275	oz	28.33
23275	roast	699
23276	oz	28.33
23276	roast	714
23277	oz	28.33
23277	roast	675
23278	oz	28.33
23278	steak	161
23279	oz	28.33
23279	steak	165
23280	oz	28.33
23280	steak	156
23281	oz	28.33
23281	steak	223
23282	oz	28.33
23282	steak	238
23283	oz	28.33
23283	steak	199
23284	fillet	135
23285	fillet	135
23286	fillet	135
23287	oz	28.33
23287	roast	634
23288	oz	28.33
23288	roast	677
23289	oz	28.33
23289	roast	571
23290	oz	28.33
23290	fillet	173
23290	roast	852
23291	oz	28.33
23291	fillet	178
23291	roast	844
23292	oz	28.33
23292	fillet	166
23292	roast	866
23293	oz (4 oz)	28.5
23294	oz	28.5
23294	steak	150
23295	oz	28.5
23295	steak	152
23296	oz	28.35
23297	oz	28.35
23298	oz	28.35
23299	oz	28.35
23300	oz	28
23301	oz	28
23302	oz	28.5
23302	steak	150
23303	oz	28.5
23303	roast	339
23304	oz	28.5
23304	steak	152
23305	oz	28.5
23305	roast	339
23306	oz	28.5
23306	roast	449
23307	oz	28.5
23307	roast	350
23308	oz	28.5
23308	roast	337
23309	oz	28.5
23309	roast	763
23310	oz	28.5
23310	steak	173
23311	oz	28.5
23311	roast	348
23312	oz	28.5
23312	roast	359
23313	oz	28.5
23313	roast	342
23314	oz	28.5
23314	roast	377
23315	oz	28.5
23315	roast	449
23316	oz	28.5
23316	roast	350
23317	oz	28.5
23317	roast	337
23318	oz	28.5
23318	roast	763
23319	oz	28.5
23319	roast	348
23320	oz	28.5
23320	roast	359
23321	oz	28.5
23321	roast	342
23322	oz	28.5
23322	roast	377
23323	oz	28.5
23323	steak	173
23324	oz	28.33
23324	steak	344
23325	oz	28.33
23325	steak	344
23326	oz	28.33
23326	steak	344
23327	oz	28.33
23327	roast	758
23328	oz	28.33
23328	roast	770
23329	oz	28.33
23329	roast	740
23330	oz	28.33
23330	roast	675
23331	oz	28.33
23331	roast	658
23332	oz	28.33
23332	roast	699
23333	oz	28.33
23333	steak	140
23334	oz	28.33
23334	steak	133
23335	oz	28.33
23335	steak	151
23336	oz	28.33
23336	roast	644
23337	oz	28.33
23337	roast	625
23338	oz	28.33
23338	roast	673
23339	oz	28.33
23339	steak	267
23340	oz	28.33
23340	steak	266
23341	oz	28.33
23341	steak	268
23342	oz	28.33
23342	steak	170
23343	oz	28.33
23343	steak	168
23344	oz	28.33
23344	steak	172
23345	oz	28.33
23345	roast	481
23346	oz	28.33
23346	roast	478
23347	oz	28.33
23347	roast	487
23348	oz	28.33
23349	oz	28.33
23350	oz	28.33
23351	oz	28.33
23352	oz	28.33
23353	oz	28.33
23354	oz	28.33
23354	steak	344
23355	oz	28.33
23355	steak	344
23356	oz	28.33
23356	steak	344
23357	oz	28.33
23357	roast	758
23358	oz	28.33
23358	roast	770
23359	oz	28.33
23359	roast	740
23360	oz	28.33
23360	roast	675
23361	oz	28.33
23361	roast	658
23362	oz	28.33
23362	roast	699
23363	oz	28.33
23363	steak	140
23364	oz	28.33
23364	steak	133
23365	oz	28.33
23365	steak	151
23366	oz	28.33
23366	roast	644
23367	oz	28.33
23367	roast	625
23368	oz	28.33
23368	roast	673
23369	oz	28.33
23369	steak	267
23370	oz	28.33
23370	steak	266
23370	oz	28
23371	oz	28.33
23371	steak	268
23372	oz	28.33
23372	steak	170
23373	oz	28.33
23373	steak	168
23374	oz	28.33
23374	steak	172
23375	oz	28.33
23375	roast	481
23376	oz	28.33
23376	roast	478
23377	oz	28.33
23377	roast	487
23378	oz	28.33
23379	oz	28.33
23380	oz	28.33
23381	oz	28.33
23382	oz	28.33
23383	oz	28.33
23384	oz	28.33
23384	steak	304
23385	oz	28.33
23385	steak	301
23386	oz	28.33
23386	steak	302
23387	oz	28.33
23387	steak	304
23388	oz	28.33
23388	steak	302
23389	oz	28.33
23389	steak	236
23390	oz	28.33
23390	steak	234
23391	oz	28.33
23391	steak	235
23392	oz	28.33
23392	steak	236
23393	oz	28.33
23393	steak	234
23394	oz	28.33
23394	steak	235
23395	oz	28.33
23395	steak	301
23397	oz	28.33
23398	oz	28.5
23399	oz	28.33
23401	oz	28.5
23402	oz	28.33
23403	oz	28.5
23405	serving	85
23406	oz	28.33
23407	oz	28.5
23408	oz	28.33
23409	oz	28.25
23410	oz	28.33
23411	oz	28.25
23412	oz	28.33
23413	oz	28.25
23414	oz	28.33
23415	oz	28.25
23416	oz	28.33
23417	oz	28.25
23418	oz	28.25
23419	oz	28.33
23420	oz	28.25
23421	oz	28.33
23422	oz	28.33
23423	oz	28.25
23424	oz	28.33
23425	oz	28.25
23426	oz	28.33
23427	oz	28.25
23428	oz	28.33
23429	oz	28.25
23430	oz	28.33
23431	oz	28.25
23432	oz	28.33
23433	oz	28.33
23434	oz	28.25
23435	oz	28.33
23436	oz	28.25
23437	oz	28.33
23438	oz	28.25
23439	oz	28.33
23440	oz	28.25
23441	oz	28.25
23442	oz	28.33
23443	oz	28.25
23444	oz	28.33
23445	oz	28.25
23446	oz	28.33
23447	oz	28.5
23448	oz	28.33
23449	oz	28.5
23450	oz	28.33
23451	oz	28.5
23452	oz	28.33
23453	oz	28.5
23454	oz	28.33
23455	oz	28.5
23456	oz	28.33
23457	oz	28.25
23458	oz	28.33
23459	oz	28.25
23460	oz	28.33
23461	oz	28.25
23462	oz	28.33
23463	oz	28.25
23464	oz	28.33
23465	oz	28.33
23466	oz	28.25
23467	oz	28.25
23468	oz	28.33
23469	oz	28.25
23470	oz	28.33
23471	oz	28.25
23472	oz	28.25
23473	oz	28.33
23474	oz	28.33
23475	oz	28.33
23476	oz	28.33
23477	oz	28.25
23478	oz	28.33
23478	patty	70
23479	oz	28.33
23479	portion (yield from 1/2 lb raw meat )	139
23480	oz	28.33
23481	oz	28.33
23482	oz	28.5
23483	oz	28.33
23484	oz	28.5
23485	oz	28.5
23490	oz	28.5
23491	oz	28.33
23494	oz	28.5
23495	oz	28.5
23496	oz	28.5
23497	oz	28.5
23498	oz	28.33
23499	oz	28.5
23501	patty	68
23502	oz	28.35
23503	patty	64
23506	serving	85
23507	oz	28.33
23508	serving	85
23509	oz	28.33
23509	lb	453.6
23511	oz	28.33
23511	lb	453.6
23513	oz	28.35
23513	lb	453.6
23514	oz ( 1 serving  )	28.33
23514	lb	453.6
23515	oz	28.33
23515	lb	453.6
23516	oz	28.33
23517	oz	28.33
23517	lb	453.6
23519	oz	28.33
23519	lb	453.6
23521	oz	28.33
23521	lb	453.6
23523	oz	28.33
23523	lb	453.6
23525	oz	28.33
23525	lb	453.6
23528	oz	28.33
23528	lb	453.6
23531	oz	28.33
23531	lb	453.6
23536	oz	28.33
23536	steak	297
23540	oz	28.33
23540	lb	453.6
23541	oz	28.33
23541	lb	453.6
23545	oz	28.33
23545	lb	453.6
23547	oz	28.33
23547	lb	453.6
23549	oz	28.33
23549	lb	453.6
23552	oz	28.33
23552	lb	453.6
23554	oz	28.33
23554	steak	287
23557	oz	28.25
23558	oz	28.33
23559	oz	28.33
23560	oz	28.33
23561	oz	28.33
23562	oz	28.25
23563	oz	28.33
23564	oz	28.33
23565	oz	28.33
23565	portion ( yield from 1/2 lb raw meat )	154
23566	oz	28.33
23567	oz	28.33
23568	oz	28.33
23568	patty (yield from 1/4 lb raw meat)	77
23569	oz	28.33
23569	patty ( yield from 1/4 lb raw meat )	83
23570	oz	28.33
23571	oz	28.33
23572	oz	28.25
23574	oz	28.33
23575	oz	28.33
23576	oz	28.33
23577	oz	28.25
23577	serving (3 oz)	85
23578	oz	28.33
23579	oz	28.33
23580	oz	28.33
23581	oz	28.33
23582	oz	28.35
23582	lb	453.6
23583	oz	28.35
23583	lb	453.6
23584	oz	28.35
23584	lb	453.6
23585	oz	28.33
23585	lb	453.6
23586	oz	28.35
23586	lb	453.6
23587	oz	28.35
23587	lb	453.6
23588	oz	28.35
23588	lb	453.6
23589	oz	28.35
23589	lb	453.6
23590	oz	28.35
23590	lb	453.6
23591	oz	28.35
23591	lb	453.6
23592	oz	28.35
23592	lb	453.6
23593	oz	28.35
23593	lb	453.6
23594	oz	28.35
23594	lb	453.6
23595	oz	28.35
23595	lb	453.6
23596	oz	28.35
23596	lb	453.6
23597	oz	28.35
23597	lb	453.6
23598	oz	28.35
23598	lb	453.6
23599	oz	28.35
23599	lb	453.6
23600	oz	28.35
23600	lb	453.6
23601	oz	28.35
23601	lb	453.6
23602	oz	28.35
23602	lb	453.6
23603	oz	28.35
23603	lb	453.6
23604	oz	28.35
23604	lb	453.6
23605	oz	28.35
23605	lb	453.6
23606	oz	28.35
23606	lb	453.6
23607	oz	28.33
23607	lb	453.6
23608	oz	28.35
23608	lb	453.6
23609	oz	28.33
23609	lb	453.6
23610	oz	28.35
23610	lb	453.6
23611	oz	28.35
23611	lb	453.6
23612	oz	28.35
23612	lb	453.6
23613	oz	28.35
23613	lb	453.6
23614	oz	28.35
23614	lb	453.6
23615	oz	28.35
23615	lb	453.6
23616	oz	28.35
23616	lb	453.6
23617	oz	28.35
23617	lb	453.6
23618	oz	28.35
23618	lb	453.6
23619	oz	28.35
23619	lb	453.6
23620	oz	28.35
23620	lb	453.6
23621	oz	28.35
23621	lb	453.6
23622	oz	28.35
23622	lb	453.6
23623	oz	28.35
23623	lb	453.6
23624	oz	28.35
23624	lb	453.6
23625	oz	28.35
23625	lb	453.6
23626	oz	28.35
23626	lb	453.6
23627	oz	28.33
23627	lb	453.6
23628	oz	28.35
23628	lb	453.6
23629	oz	28.35
23629	lb	453.6
23630	oz	28.35
23630	lb	453.6
23631	oz	28.35
23631	lb	453.6
23632	oz	28.35
23632	lb	453.6
23633	oz	28.35
23633	lb	453.6
23634	oz	28.35
23634	lb	453.6
23635	oz	28.35
23635	lb	453.6
23636	oz	28.35
23636	lb	453.6
23637	oz	28.35
23637	lb	453.6
23638	oz	28.35
23638	lb	453.6
23640	serving	85
23646	oz	28.33
23646	roast	261
23647	oz	28.33
23647	roast	591
23648	oz	28.33
23648	roast	271
23649	oz	28.33
23649	roast (yield from 666 g raw meat)	547
23650	oz	28.33
23650	roast	252
23651	oz	28.33
23651	roast	1289
23652	oz	28.33
23652	roast	1392
23653	oz	28.33
23653	roast	1187
23654	oz	28.33
23654	steak	383
23655	oz	28.33
23655	steak (yield from 467 g raw meat)	379
23656	oz	28.33
23656	steak	188
23657	oz	28.33
23657	steak	173
23658	oz	28.33
23658	steak	434
23659	oz	28.33
23659	steak	470
23660	oz	28.33
23660	steak (yield from 593 g raw meat)	409
25000	oz	28.35
25001	oz	28.35
25003	Roll	23
25004	bar	55
25005	bar	55
25006	bar	55
25007	bar	28
25008	bar	55
25009	bar	24
25010	bar	22
25012	oz	28.35
25012	Bag	28
25012	package	34
25013	oz	28.35
25014	cup	7.9
25014	bag	87
25015	bar	80
25016	bar	55
25016	bar	44
25017	bar	68
25018	bar	22
25020	bar	55
25021	bar	48
25022	oz	28.35
25023	oz	28.35
25024	large	143
25024	medium	115
25024	small	62
25025	oz	28.35
25026	cup	7.9
25026	bag	87
25027	oz	28.35
25028	oz	28.35
25030	oz	28.35
25031	bar	50
25032	bar	78
25033	bar	35
25034	bar	47
25035	bar	24
25036	package	20
25037	oz	28.35
25037	bag	262
25038	bar	35
25039	bar	60
25040	oz	28.35
25041	bar	20
25041	bar	20
25043	package	20
25045	bar	40
25046	oz	28.35
25046	bag	175
25046	piece chips	4.667
25048	bar	32
25050	oz	28.35
25050	chips	1.7
25050	bag	105
25051	bar	68
25052	bar	24
25053	bar	35
25054	bar	35
25055	bar	35
25056	bar	31
25059	cake	9
25059	cakes	9
25060	serving	28
25062	bar	38
25063	oz	28.35
25063	pieces average	1.697
25064	pieces	1.217
25064	bag	227
27000	cup	241
27001	cup	233
27002	cup	223
27007	serving	245
27008	cup	245
27009	cup	245
27013	cup	252
27013	serving	126
27014	cup	252
27014	serving	126
27015	cup serving	252
27017	cup	245
27018	cup	245
27019	cup	245
27021	cup	246
27021	can	499
27022	container	305
27023	container	305
27027	serving	32
27027	tbsp	16
27028	serving	32
27028	tbsp	16
27029	serving	32
27029	tbsp	16
27030	serving	32
27030	tbsp	16
27032	cup	252
27032	serving	126
27033	cup	260
27034	cup condensed	248
27035	oz dry (half noodle block)	28.37
27042	cup	254
27042	can	521
27043	can	519
27043	cup	256
27044	cup	245
27044	can	516
27045	cup	245
27045	can	525
27046	Tbsp	16.5
27047	Tbsp	15
27048	Tbsp	17
27049	tablespoons	15
27050	Tbsp	17.5
27051	cup	240
27052	tbsp	15
27052	cup	250
27053	tbsp	16
27053	cup	248
27054	tbsp	15
27054	cup	250
27055	tbsp	18
27055	cup	288
27055	cup	280
27056	tbsp	16
27056	cup	296
27056	cup	291
27057	tbsp	18
27057	cup	276
27057	cup	265
27058	tbsp	17
27058	cup	274
27058	cup	270
27059	tbsp	18
27060	cup	240
27061	cup	232
27061	cup	230
27061	jar 12 oz	324
27062	cup	208
27062	can	527
27063	cup	224
27063	cup	224
27063	can	283
27064	tablespoon	20
27064	teaspoon	6.5
27065	tbsp	18
27065	container (9 oz)	259
27066	tsp	5.6
27067	cup	232
27067	cup	230
27068	tbsp	18
27068	container (9oz)	259
28000	set	46
28001	pizza	150
28002	pizza	150
28003	pancakes	35
28004	pancakes	35
28005	pancakes	35
28006	pancakes	35
28007	waffles	38
28008	waffles	38
28009	waffles	35
28010	waffles	35
28011	sets	30.67
28012	waffles	35
28013	waffles	35
28014	waffle	45
28015	waffles	35
28015	sets waffle minis	31
28016	waffles	35
28017	crisps	2.818
28018	waffles	35
28019	waffles	35
28020	crisps	2.818
28021	waffles	35
28022	waffles	35
28023	waffles	35
28024	waffles	35
28025	waffle	55
28026	waffle	55
28027	cookies	7.25
28028	cookies	7.25
28029	cookies	7.5
28030	cookies	12
28031	cookies	12
28032	cookies	14.5
28033	cookies	12.5
28034	cookies	12.5
28035	cookies	8
28036	cookies	6.6
28037	cookies	10.67
28038	cookies	3.75
28039	cookie	30
28040	cookie	30
28041	cookie	30
28043	package 1 serving	40
28044	cookies 1 serving	3.875
28044	package (40 g)	40
28045	cookies 1 serving	5
28045	package (40 g)	40
28046	crackers 1 serving	3.625
28047	cookies	16
28048	cookies	16
28049	package	39
28050	package	39
28051	package	39
28052	cookies	16
28053	cookies	15.5
28054	cookies	15
28055	cookies	16
28056	pouch	34
28057	cookies	15.5
28058	cookies	15
28059	cookies	16
28060	cookies	15.5
28061	cookies 1 serving	5.6
28061	package (40 g)	40
28062	cookies	15.5
28064	crackers	3.5
28065	crackers	0.8824
28066	crackers	0.8824
28067	crackers	3.5
28068	crackers	3.5
28069	crackers	3.2
28070	crackers	2.417
28071	crackers	2.417
28072	cookies	14
28073	cookies	6.5
28074	cookies	18
28075	cookies	17.5
28076	cookies	8.667
28077	cookies	8.667
28078	cookies	8.667
28079	cookies	14
28080	pieces	9
28081	cookies	15
28082	cookies	15
28083	cookies	15.5
28084	cup	8
28085	cookies	6.75
28086	cookies	9.667
28087	cookies	10.33
28088	cookies	10.33
28089	package	40
28089	cookie	2.143
28091	cookies	10.33
28092	cookies	10.33
28093	cookies	7.25
28094	cookie	31
28095	cookie	31
28096	cookies	15
28097	cookies	13
28098	cookies	15
28100	cookies	9.667
28101	package	37
28102	pouch	25
28103	pouch	25
28104	pouch	25
28105	pouch	25
28106	cookies	7
28107	cookies	6.6
28108	cookies	4.833
28109	cookies	14.5
28110	package	39
28111	crust 1 serving (from 9" shell)	168
28111	shell 1 serving (from 3" mini shell)	23
28112	crust 9" crust	168
28113	pouch	21
28114	pouch	21
28115	package	21
28116	pouch	20
28117	package	21
28118	pouch	20
28119	pouch	21
28120	pouch	21
28121	package	21
28122	pouch	21
28123	pouch	21
28124	cookies	15
28125	cookies	15.5
28126	cookies	15
28127	cookies	15.5
28128	cookies 28 g package	5.6
28128	package (34 g)	34
28129	cookies	15.5
28130	cookies	16
28131	cookies	19
28132	cookies	19
28133	crackers	3.2
28134	crackers	3.2
28135	crackers	3.2
28136	crackers	3.2
28137	crackers	3.2
28138	crackers	8
28139	crackers	3
28140	crackers	3
28141	crackers	3
28142	crackers	3.2
28143	crackers	2.5
28144	crackers	2.8
28145	crackers	4.667
28146	crackers	4.667
28147	crackers	4.667
28148	crackers	3.2
28149	crackers	1.875
28150	cookies	7.25
28151	cookies	8
28152	cookies	1.667
28153	cookies	15.5
28154	cookies	15.5
28155	waffle	12
28156	cone	12
28157	crackers	1.765
28158	crackers	1.875
28159	crackers	1.875
28160	crackers	1.667
28161	crackers	1.667
28162	tbsp	5.5
28163	pastry	50
28164	pastry	50
28165	pastry	50
28167	pastry	50
28168	pastry	50
28169	pastry	50
28170	pastry	50
28171	pastry	50
28172	pastry	52
28173	pastry	50
28173	package (2-count)	100
28174	pastry	50
28175	pastry	50
28176	pastry	50
28177	pastry	50
28178	pastry	48
28179	pastry	48
28180	pastry	50
28181	pastry	48
28182	pastry	48
28183	pouch	23
28184	pouch	23
28185	pouch	10
28186	chips	1.111
28187	chips	1
28188	chips	1.111
28189	chips	1.111
28190	crackers	1.25
28191	crackers	1.25
28192	pastry	50
28192	package (2-count)	100
28193	pastry	50
28194	cookies	4.833
28195	cookies	7.5
28196	cookies	4.833
28197	cookies	6.4
28198	cookies	19
28199	cookies	19
28200	cookies	4.833
28201	cookies	4.833
28202	cookies	7.25
28203	cookies	8
28204	cookies	4.833
28205	cookies	15.5
28206	cookies	16
28207	cookies	15.5
28208	cookies	19
28209	cookies	19
28210	cookies	7
28211	cookies	3.75
28212	cookies	5.333
28213	cookies	9.667
28214	cookies	9.667
28215	cookies	3.556
28216	cookies	6.6
28217	cookies	14
28218	cookies	14.5
28219	cookies	14.5
28221	cookies	10.67
28222	cookies	7.5
28223	cookies	6.5
28224	cookies	7.75
28225	cookies	9.667
28226	cookies	10.67
28227	cookies	9.333
28228	cookies	9.333
28229	cookies	3.75
28230	pouch	21
28231	cookies	3.556
28232	cookies	5.6
28233	cookies	3.75
28234	crackers	1.2
28235	crackers	1.2
28235	pouch	21
28236	crackers	2.308
28237	crackers	1.2
28237	pouch	21
28238	crackers	1.2
28238	pouch	21
28239	crackers	1.2
28240	crackers	1.2
28241	package	25
28242	pouch	25
28243	crackers	1.2
28244	crackers	1.2
28245	crackers	1.111
28246	crackers	1.2
28247	crackers	1.2
28248	crackers	1.2
28249	crackers	1.2
28250	pouch	21
28251	package	21
28252	crackers	1.154
28253	cup	60
28254	cup 25 crackers	60
28255	crackers	4.667
28256	package	39
28257	package	39
28258	package	39
28259	pancakes	10
28260	waffles	35
28261	cookies	11.33
28262	cookies	11.33
28263	crackers	3.75
28264	cookies	14.5
28265	package	39
28266	crust	168
28267	cookies	15.5
28268	cone	13
28269	cookies	13.5
28270	cookies	19
28271	cookies	3.75
28272	cookies	9.667
28273	cookies	9.667
28274	crackers	3.875
28275	cookies	6
28276	cookies	14.5
28277	cookies	10.67
28278	cookies	10.67
28279	cookies	9.333
28280	crackers	1.111
28280	package	35
28281	crackers	1.034
28281	package	35
28282	crackers	0.9375
28283	crackers	3
28284	crackers	3
28285	piece	43
28286	piece	79
28287	piece	106
28288	piece	98
28289	cookies	14.5
28290	cookies	12.5
28291	cookies 1 serving	3.875
28291	package (40 g)	40
28292	crackers	3.5
28293	cookies	10.33
28294	cookies	8
28295	tortilla 1 serving	41
28296	cake 1 serving	27
28297	cake 1 serving	27
28298	brownie 1 serving	36
28299	serving	34
28300	cookie 1 serving	38
28301	serving 3 cookies	29
28302	serving	35
28303	serving 55 pieces	31
28304	serving 2 waffles	70
28305	serving 3 pancakes	105
28306	piece	68
28307	piece	90
28308	crackers 1 serving	3
28309	cookie 1 serving	18
28310	cookie	11.8
28311	cookie	9.667
28312	roll	51
28313	roll	56
28314	package	36
28315	slice 1 serving	28
28316	slice 1 serving	38
28317	slice 1 serving	38
28318	slice 1 serving	48
28319	piece bagel 1 serving	86
28320	muffin 1 serving	57
28321	piece roll	43
28322	piece bagel	81
28323	cup 1 serving	124.2
28324	cup mix 1 serving	152
28325	serving	31
28326	cracker 1 serving	7.167
28327	cracker 1 serving	3.5
28328	cookie	34
28329	cookie	62
28330	bar	22
28331	goldfish	0.52
28332	cookies	14.67
28333	cookies	7.667
28334	cookies	10
28335	cookies	14.67
28336	slice	34
28337	slice	35
28338	slice	28
28339	slice	25
28340	roll	36
28341	roll	78
28342	roll	69
28343	roll	44
28344	crackers	3.567
28345	crackers	2.033
28346	waffle	45
28346	box	242
28347	pancake	48
28347	box	352
28348	roll	30
28348	slice	39
28349	cookie	25
28350	serving	40
28351	cookie	5.6
28352	serving cookie	48
28354	roll	69
28355	crackers	1.3
28356	cookies	14.67
28357	cookies	15
28358	cookies	10
28359	cookies	7.667
28360	crackers	2.467
28361	goldfish	0.52
28362	goldfish	0.53
28363	goldfish	0.52
28364	goldfish	0.53
28365	goldfish	0.51
28366	slice	34
28367	cookies	14.67
28368	roll	78
28370	roll	36
28371	slice	28
28372	slice	25
28373	roll	44
28374	pancake	48
28374	box	352
28375	waffle	47
28375	box	255
28376	crackers	2.8
28377	serving	51
28378	serving	28
28379	serving	28
28380	serving	43
28381	serving	43
28382	serving	43
28384	serving	43
28385	serving	32
28386	serving	32
28387	serving	53
28388	serving	32
28389	serving	45
28390	serving	57
28391	serving	32
28392	serving	43
28393	serving	69
28394	serving	51
28395	serving	43
28396	serving	43
28397	oz	28.35
28397	slice regular	26
28397	slice large	41
28399	oz	28.35
28399	Arrowroot biscuit (include Arrowroot cookie)	4.9
28399	cracker	2.5
28399	individual box (2 oz)	57
31001	fl oz	30.38
31001	serving	243
31002	fl oz	30.38
31002	serving	243
31005	fl oz	30.38
31005	serving	243
31006	fl oz	30.38
31006	serving	243
31007	fl oz	30.38
31007	serving	243
31008	fl oz	30.38
31008	serving	243
31010	oz	30.38
31010	serving	243
31011	fl oz	30.38
31011	serving	243
31012	fl oz	30.38
31012	serving	243
31013	fl oz	30.38
31013	serving	243
31014	oz	30
31014	serving	30
31015	tbsp	15
31015	serving	30
31016	fl oz	30.38
31016	serving	243
31017	fl oz	30.38
31017	serving	243
31018	fl oz	30.38
31018	serving	243
31019	cup	20
31020	cup	100
31021	cup unprepared	159
31022	cup prepared	130
31023	fries	4.25
31024	oz	28.33
31025	oz	28.33
31026	oz	28.33
31027	oz	28.33
31028	oz	28.33
31029	oz	28.33
31030	oz	28.33
31031	oz	28.33
31032	cup	268
31033	tablespoon	12.5
31034	cup drained	136
31035	cup	269
31036	cup	229
31036	container	700
32000	cup	183.2
32000	tbsp	9
32001	cup	247
32002	cup	204.2
32002	tbsp	9.6
32003	cup	238
32004	serving (3.5 oz)	25
32004	serving (4 oz)	37
32005	cup prepared	189
32006	piece	42
32007	piece	42
32008	package	123
32008	packet	51
32009	package	122
32009	packet	44
32010	package	141
32010	packet	79
32011	serving (2 oz)	57
32012	serving 6 rolls	80
32013	pieces 1 serving	29
32014	serving (3.5 oz)	99
32015	serving 4.5 oz	127
32016	serving 1 pouch	61
32017	package	117
32017	packet	42
32018	cup	140
32018	cup	169.7
32018	tbsp	8.8
32019	cup 1 serving	237
32020	thigh with bone and breading	133
32021	cup	198
32022	package	482
32023	package	568
32024	cup dry rice mix	228
32025	pieces pierogies	38
32026	piece turnover 1 serving	127
32027	piece turnover 1 serving	127
32028	piece turnover 1 serving	127
32029	oz (1/4 c dry rice mix and 4 tsp seasoning mix)	28.5
32030	package	596
32031	patty	63
32032	biscuit	126
32032	box	526
32034	patty	64
32035	patty	72
32036	biscuit	128
32036	box	595
33862	scoop	9.6
33863	scoop	8.7
33864	fl oz	31.4
33865	fl oz	31.4
33866	scoop	9.6
33867	scoop	9.4
33868	scoop	9.4
33869	scoop	9.4
33870	scoop	9.4
33871	scoop	9.6
33872	scoop	9.4
33873	scoop	9.4
33874	fl oz	30.4
33874	fl oz	30.4
33875	fl oz	6
33875	fl oz	30.4
33876	fl oz	30.5
33876	fl oz	30.4
33877	scoop	8.7
35009	strip	45
35015	cup	157
35139	oz	28.35
35140	oz	28.35
35141	oz	28.35
35142	piece	152
35143	serving	197
35144	serving	308
35145	serving	411
35146	serving	303
35147	piece	186
35183	oz	28.35
35190	filet	108
35190	strip	136
35195	shoot	19
35196	leaf	0.9
35197	cup	65
35198	pad peeled	19
35198	pad	61
35199	pad	7.5
35200	bulb peeled	12.6
35201	bulb	14
35202	cup	130
35203	cup	127
35204	cup	154
35205	cup	89
35206	cup	161
35211	cup	132
35211	piece	102
35232	oz	28.35
35233	nut	0.4
35233	oz	28.35
35234	piece	28
35234	piece	19
35235	oz	28.35
35236	oz	28.38
35237	oz	28.25
35239	piece	57
36000	serving	157
36001	serving	206
36002	serving	164
36003	cup	124
36003	serving	180
36004	piece	32
36004	serving	289
36005	piece	35
36005	serving (3 pieces)	99
36006	serving	175
36007	serving	184
36008	piece	35
36008	serving	212
36009	cup	144
36009	serving	236
36010	piece	41
36010	serving	141
36011	serving	176
36012	serving	245
36012	piece	31
36013	serving	166
36014	serving	170
36015	serving	114
36015	piece	37
36016	serving	169
36017	cup	136
36017	serving	210
36018	serving	250
36019	cup	136
36019	serving	182
36020	serving	225
36021	serving	76
36022	serving	350
36023	serving	209
36024	serving	175
36025	serving	167
36026	serving	261
36027	serving	194
36028	serving	91
36029	serving	201
36030	serving	124
36030	cup	94
36031	serving	166
36032	serving	565
36032	cup	134
36033	serving	226
36034	serving	201
36035	serving	108
36036	serving	259
36037	cup	136
36037	serving	182
36038	cup	134
36038	serving	565
36039	cup	94
36039	serving	124
36040	serving	175
36040	cup	149
36041	serving	457
36042	serving	422
36043	serving	437
36044	cup	114
36045	cup	135
36046	serving	510
36047	serving	478
36048	serving	489
36049	serving serving size varied from 1 to 3 enchiladas	250
36049	enchilada	120.5
36049	enchilada	124
36049	enchilada	114.3
36050	serving serving size varied from 1 to 3 enchiladas	244
36050	enchilada	137
36050	enchilada	128.5
36050	enchilada	121.7
36051	serving 1 quesadilla	203
36052	serving serving size varied on diameter and count of quesadila	205
36052	quesadilla 8-10 inch diameter	194
36052	quesadilla 5-6 inch diameter	93
36053	serving varied from 8 to 10 ravioli per serving	365
36054	serving varied from 7-9 ravioli per serving	454
36055	serving serving size varied by diameter and count of raviloi	427
36056	serving serving size varied from 1 to 3 tamales	302
36056	tamale	179
36056	tamale	175.5
36056	tamale	183.3
36057	serving	339
36058	serving	304
36059	serving	301
36060	serving varied from 2-3 tacos per serving	324
36061	serving varied from 1 to 3 tacos per serving	281
36061	taco	134
36061	taco	139.5
36061	taco	129.7
36401	cup	141
36403	piece	89
36404	serving	283
36404	cup	253
36405	serving	461
36405	cup	146
36406	serving	590
36406	cup	157
36407	serving	653
36407	cup	115
36408	piece	126
36409	piece	117
36410	piece	122
36411	piece	166
36412	piece	142
36413	cup	246
36414	cup	200
36415	piece	98
36416	piece	70
36417	cup	116
36418	cup	148
36601	piece	89
36602	cup	137
36603	order	574
36604	serving	103
36604	piece	36
36605	serving	149
36606	serving	178
36606	piece	124
36607	serving	198
36608	steak	151
36609	serving	257
36609	cup	149
36610	serving	165
36611	serving	228
36611	piece	27
36612	piece	16
36612	serving	100
36613	serving	180
36613	cup	134
36614	serving 4 pieces in serving	67
36614	piece	16
36615	steak	107
36617	order	623
36617	pieces	24.33
36618	order	535
36618	pieces	17.67
36619	order	604
36620	order	601
36621	order	706
36621	pieces	18.33
36622	order	609
36622	pieces	14
36623	order	604
36624	order	777
36624	cup	195
36625	order	741
36625	cup	136
36626	order	693
36626	cup	153
36629	order	648
36629	pieces	21
36630	serving	554
36631	serving	525
36632	serving	537
36633	order	547
42040	tbsp	20
42040	tsp	6.7
42055	tsp	8
42074	bar	78
42116	tbsp	15
42116	cup	245
42117	cup, shredded	113
42117	cubic inch	18
42119	fl oz	31.5
42119	bottle NFS	126
42120	fl oz	31.5
42120	bottle NFS	126
42128	cup pieces	138
42128	cubic inch	20
42129	cup pieces	138
42129	cubic inch	14
42129	slice, medium	28
42129	slice, thick	43
42129	slice, thin	14
42131	cup	137
42135	cup	75
42136	cup	94
42136	packet	3
42137	tbsp	13.4
42137	fl oz	26
42138	tbsp	14.6
42138	cup	231
42139	oz	28.35
42140	tbsp	14
42140	cup	216
42141	fl oz	30
42141	cup	242
42148	serving 1.63 oz singles bag	46
42148	cup	203
42148	piece	2.2
42150	tbsp	15
42150	jar NFS	113
42150	jar Beech-Nut Stage 2 (4 oz)	113
42151	tbsp	13
42151	cup	207
42153	tbsp	16
42153	cup	249
42155	cup, diced	132
42155	cup, shredded	113
42155	cubic inch	17
42155	slice (1 oz)	28
42157	tbsp	17
42157	cup	264
42158	tbsp	15
42158	cup	234
42161	slice	28
42161	cubic inch	14
42161	slice, medium	28
42161	slice, thick	43
42161	slice, thin	14
42171	tbsp	16
42171	cup	260
42173	cup, cooked	130
42173	oz	28
42173	oz cooked, yield	21
42173	patty, cooked	25
42178	tbsp	15
42178	cup	240
42179	frankfurter	57
42179	cup, sliced	151
42183	cookie 2011 label	25.5
42185	cup	186
42186	cup	174
42187	cup	174
42189	cup	245
42189	fl oz	30.6
42190	links 1 NLEA serving	22.5
42190	links 1 NLEA serving	20
42192	tbsp	17
42192	cup	265
42193	tbsp	16
42193	cup	256
42196	serving 1.76 oz bar	50
42196	bar fun size	19
42196	serving 5 miniatures	41
42204	cubic inch	4.2
42205	cubic inch	16
42205	slice (3/4 oz)	21
42227	serving 1.31 oz bag	37
42227	serving about 1/4 cup	42
42227	cup	195
42227	piece	3.4
42230	tbsp	17
42230	cup	269
42231	tbsp	13.6
42231	cup	218
42235	oz	28.25
42235	cup	227
42236	cup (1 NLEA serving)	40
42237	biscuits (1 NLEA serving)	17.5
42237	cup	57
42240	cup (1 NLEA serving)	42.67
42256	tablespoon	14
42258	slice 1 oz	28
42259	cup	8
42259	oz	28.35
42261	cup (1 NLEA serving)	69.33
42265	cup (1 NLEA serving)	73.33
42266	fl oz	30.8
42266	bottle NFS	246
42267	fl oz	30.8
42267	bottle NFS	246
42270	cup	249
42270	fl oz	31.1
42270	drink box (8.45 fl oz)	263
42272	oz	28.35
42278	cup	230
42278	tbsp	14.4
42278	jar Earth's Best (4.5 oz)	128
42279	cup	230
42279	tbsp	14.4
42279	jar Earth's Best (4.5 oz)	128
42280	cup, sliced	143
42281	oz	28.35
42283	cup	34
42283	chips	1.2
42284	cookie	1.7
42285	tbsp	3.7
42286	tbsp	14
42286	jar Gerber Second Food (4 oz)	113
42289	tbsp	14
42289	cup	224
42289	teaspoon	4.5
42290	cup	247
42290	fl oz	30.9
42291	tbsp	16
42297	cup (1 NLEA serving)	59
42303	cup, shredded	113
42303	cubic inch	18
42303	slice	28
42304	cup, shredded	113
42307	tablespoon	14
42309	tablespoon	14
42316	oz	28.35
43004	tbsp	15
43004	jar NFS	113
43004	jar Beech-Nut Stage 2 (4 oz)	113
43004	jar Heinz Strained-2 (4.25 oz)	120
43006	tbsp	15
43006	jar NFS	113
43006	jar Heinz Strained-2 (4 oz)	113
43007	tbsp	15
43007	jar NFS	170
43007	jar Heinz Junior-3 (6 oz)	170
43008	tbsp	16
43008	jar, Gerber (4 oz)	113
43008	jar NFS	113
43008	jar Beech-Nut Stage 2 (4 oz)	113
43015	tbsp	14.7
43015	cup	235
43015	serving (2 tbsp)	30
43016	tbsp	16
43016	cup	250
43017	tbsp	15
43017	cup	245
43019	tbsp	16
43019	cup	250
43020	tbsp	15
43020	cup	245
43021	tbsp	15
43021	cup	240
43026	cup	240
43026	tbsp	15
43027	cup	300
43027	tbsp	19
43028	cup	224
43028	tbsp	14
43031	piece	14
43046	piece	14
43057	cup	182
43057	piece	5
43058	piece	3
43060	piece	2
43075	fl oz	31.2
43075	cup (8 fl oz)	250
43078	tbsp	7
43078	envelope	21
43098	serving	85
43098	cup	264
43100	bar	43
43109	large	143
43109	medium	115
43109	small	62
43112	cup	253
43114	cup	140
43125	cup	240
43128	cup	168
43130	cup, sliced	140
43130	frankfurter	70
43131	slice, thin	14
43132	cup	144
43134	fillet	85
43135	tbsp	15
43137	slice	56
43142	cup	150
43143	cup	150
43144	cup	128
43146	cup	136
43154	tsp	4.9
43154	fl oz	29
43155	fl oz	29.5
43155	serving 5 fl oz	148
43158	serving 1 packet	1
43158	serving 1 packet SUGAR TWIN	0.8
43205	tbsp	7.4
43205	envelope	37
43212	tbsp	7
43214	cup	80
43215	tablespoon	15
43215	serving (2 tbsp)	30
43216	cup	196
43216	tsp	4.2
43216	individual packet	3
43217	cup	245
43218	cup (1 NLEA serving)	82.09
43241	cup	122
43245	cup (1 NLEA serving)	55
43260	tbsp	5.6
43260	envelope	20
43261	container (6 oz)	170
43261	container (4.4 oz)	125
43261	cup (8 fl oz)	245
43261	container (8 oz)	227
43268	cup	80
43273	oz	28.25
43273	cup	226
43274	tbsp	15
43274	cup	240
43274	tbsp, whipped	10
43275	cup, diced	140
43275	cup, shredded	113
43275	cubic inch	18
43275	slice (3/4 oz)	21
43276	oz	28.35
43276	cup	240
43278	slice	21
43278	cubic inch	18
43278	cup	224
43282	oz	28.35
43282	lb	453
43283	cup, chopped or diced	140
43285	oz	28.35
43287	cup, chopped or diced	140
43297	cup	22
43299	cup	225
43311	cup	180
43312	cup	182
43325	oz, boneless	28.35
43325	cubic inch, boneless	17
43326	oz, boneless	28.35
43326	cubic inch, boneless	17
43327	oz	28.35
43327	lb	453
43329	tbsp	14.5
43329	cup	232
43331	tbsp	15
43331	cup	240
43340	cup, grated	100
43340	tbsp	5
43345	tsp	2
43346	fl oz	29.8
43346	bar	74
43352	oz	28.25
43352	cup	226
43355	tbsp	14
43355	cup	224
43364	cup	26
43364	bag, single serving	28
43364	chips	1.8
43365	cup	242
43365	fl oz	30.2
43366	oz with bone, cooked (yield after bone removed)	19
43366	cubic inch, boneless	17
43367	oz with bone, cooked (yield after bone removed)	21
43367	cubic inch, boneless	17
43369	cup	244
43369	fl oz	30.5
43373	tbsp	16
43373	jar NFS	170
43373	jar Beech-Nut Table Time (6 oz)	170
43378	slice cooked	8
43379	cup, diced	140
43379	cup, shredded	113
43379	cubic inch	18
43379	slice (3/4 oz)	21
43382	cup	253
43382	fl oz	31.6
43384	cup pieces	138
43384	slice, medium	28
43384	slice, thick	43
43384	slice, thin	14
43387	cup	144
43390	oz, boneless	28.33
43390	medium slice (approx 3" x 2" x 1/4")	28
43390	thick slice (approx 3" x 2" x 3/8")	42
43391	medium slice (approx 3" x 2" x 1/4")	28
43391	thick slice (approx 3" x 2" x 3/8")	42
43393	cup (1 NLEA serving)	47.2
43396	oz	28.25
43396	cup	226
43398	cup, diced	140
43398	cup, shredded	113
43398	cubic inch	18
43398	slice	21
43401	tsp dry	1.7
43404	cup (8 fl oz)	240
43404	fl oz	30
43405	slice	28
43405	cubic inch	15
43405	cup, shredded	108
43405	cup, diced	132
43406	tsp	6
43408	fl oz	31.2
43408	bottle Earth's Best (4.2 fl oz)	131
43408	bottle Heinz Strained (4 fl oz)	125
43408	bottle Gerber First Food (4 fl oz)	125
43408	bottle Beech-Nut Stage I (4 fl oz)	125
43408	bottle NFS	125
43410	cup, diced	130
43410	cup pieces	168
43410	piece	36
43417	jar NFS	179
43432	tbsp	16
43441	medium (2-1/2" dia)	36
43441	roll (pan, dinner, or small roll) (2" square, 2" high)	28
43447	cup, crushed	88
43447	bag, single serving	28
43447	chips	1.8
43449	cup	253
43450	oz	28.4
43476	cup	262
43479	fl oz	29.1
43483	cup	21
43495	cup (1 NLEA serving)	50
43497	cup	58
43506	bar	54
43507	frankfurter	57
43507	cup, sliced	151
43514	serving 1.75 fl oz pop	55
43523	tbsp	15
43523	jar NFS	113
43523	jar Gerber Second Food (4 oz)	113
43523	jar Beech-Nut Stage 2 (4 oz)	113
43523	jar Heinz Strained-2 (4.25 oz)	120
43528	cup	252
43528	fl oz	31.5
43529	tbsp	2.5
43535	fl oz	31.2
43535	bottle Heinz Strained (4 fl oz)	125
43535	bottle NFS	125
43535	bottle Beech-Nut Stage 2 (4 fl oz)	125
43535	bottle Gerber Second Foods (4 fl oz)	125
43536	tbsp	15
43536	jar NFS	113
43536	jar Gerber Second Food (4 oz)	113
43536	jar Beech-Nut Stage 2 (4 oz)	113
43536	jar Heinz Strained-2 (4 oz)	113
43537	tbsp	15
43537	jar NFS	113
43537	jar Heinz Strained-2 (4 oz)	113
43539	tbsp	15
43539	jar NFS	113
43539	jar Gerber Second Food (4 oz)	113
43539	jar Beech-Nut Stage 2 (4 oz)	113
43539	jar Heinz Strained-2 (4.25 oz)	120
43541	cup	148
43541	cubic inch	10.2
43543	cup	244
43543	fl oz	30.5
43544	serving	15
43546	tbsp	15
43546	jar NFS	113
43546	jar Beech-Nut Baby's First (2.5 oz)	71
43546	jar Beech-Nut Stage I (4 oz)	113
43546	jar Gerber First Foods (2.5 oz)	71
43546	jar Earth's Best (4.5 oz)	128
43546	jar Heinz Beginner-1 (2.5 oz)	71
43550	tbsp	15
43550	jar NFS	113
43550	jar Gerber Second Food (4 oz)	113
43566	cup, crushed	63
43566	chips	1.6
43570	cup (1 NLEA serving)	40
43572	oz	28.35
43585	tbsp	15
43589	slice (1 oz)	28
43589	cubic inch	15
43589	cup, shredded	108
43589	cup, diced	132
43595	oz	28.35
43595	bar	37
43597	cup, diced	132
43597	cup, shredded	113
43597	cubic inch	18
43597	slice (1 oz)	28
43598	tbsp	15
43598	cup	239
44005	tablespoon	14
44005	teaspoon	4.5
44018	serving	0.1
44048	oz	28.35
44061	serving	9.9
44061	package 1.4 oz box, 4 servings	40
44110	tbsp	19
44110	cup	300
44158	serving	151
44158	cup	262
44203	fl oz	36
44203	serving 2 fl oz	71
44203	can 10 fl oz	355
44258	serving	9.9
44258	package	40
44259	serving	113
44259	cup	260
44260	serving	8
44260	package 4 servings	32
80200	leg	45
83110	piece (5-1/2" x 1-1/2" x 1/2")	80
83110	cubic inch, boneless	17
83110	cup, cooked	136
90240	oz	28.33
90480	serving	21
90560	oz	28.33
93600	oz	28.33
